estimate_id,claim_id,episode_id,estimate_date,estimated_billed_usd,estimate_scope,final_billed_usd,difference_usd
EST000001,C0000001,E0000001,2026-03-27,3637.88,synthetic_preprocedure_estimate,4163.14,525.26
EST000002,C0000007,E0000007,2025-07-20,6277.66,synthetic_preprocedure_estimate,6961.37,683.71
EST000003,C0000011,E0000011,2025-11-14,12603.10,synthetic_preprocedure_estimate,14441.36,1838.26
EST000004,C0000013,E0000013,2025-06-14,9704.76,synthetic_preprocedure_estimate,15380.52,5675.76
EST000005,C0000015,E0000015,2025-03-02,4022.55,synthetic_preprocedure_estimate,4936.52,913.97
EST000006,C0000019,E0000019,2024-11-27,3733.89,synthetic_preprocedure_estimate,4676.73,942.84
EST000007,C0000020,E0000020,2025-11-22,10861.83,synthetic_preprocedure_estimate,11348.53,486.70
EST000008,C0000040,E0000040,2026-04-20,6096.00,synthetic_preprocedure_estimate,5617.89,-478.11
EST000009,C0000052,E0000052,2026-03-20,10485.70,synthetic_preprocedure_estimate,12981.66,2495.96
EST000010,C0000059,E0000059,2024-10-08,6092.49,synthetic_preprocedure_estimate,6795.11,702.62
EST000011,C0000066,E0000066,2025-03-05,4850.13,synthetic_preprocedure_estimate,5894.29,1044.16
EST000012,C0000076,E0000076,2025-06-25,749.85,synthetic_preprocedure_estimate,762.38,12.53
EST000013,C0000084,E0000084,2026-05-30,654.39,synthetic_preprocedure_estimate,612.14,-42.25
EST000014,C0000088,E0000088,2026-06-16,9740.53,synthetic_preprocedure_estimate,12813.55,3073.02
EST000015,C0000091,E0000091,2025-08-13,13785.02,synthetic_preprocedure_estimate,12821.54,-963.48
EST000016,C0000096,E0000096,2024-10-01,10659.90,synthetic_preprocedure_estimate,10898.96,239.06
EST000017,C0000114,E0000114,2024-12-31,5527.21,synthetic_preprocedure_estimate,5426.35,-100.86
EST000018,C0000118,E0000118,2026-09-03,3088.64,synthetic_preprocedure_estimate,2844.59,-244.05
EST000019,C0000122,E0000122,2025-05-28,6608.31,synthetic_preprocedure_estimate,6438.04,-170.27
EST000020,C0000127,E0000127,2026-04-20,3393.04,synthetic_preprocedure_estimate,3143.99,-249.05
EST000021,C0000167,E0000167,2025-03-21,4084.01,synthetic_preprocedure_estimate,4642.03,558.02
EST000022,C0000170,E0000170,2025-10-15,12172.28,synthetic_preprocedure_estimate,12950.64,778.36
EST000023,C0000172,E0000172,2024-10-13,6102.95,synthetic_preprocedure_estimate,5893.55,-209.40
EST000024,C0000177,E0000177,2026-05-30,14389.09,synthetic_preprocedure_estimate,14164.04,-225.05
EST000025,C0000181,E0000181,2026-06-01,16546.78,synthetic_preprocedure_estimate,15509.08,-1037.70
EST000026,C0000187,E0000187,2026-06-18,15884.01,synthetic_preprocedure_estimate,15892.79,8.78
EST000027,C0000193,E0000193,2024-12-28,9239.97,synthetic_preprocedure_estimate,10451.95,1211.98
EST000028,C0000205,E0000205,2025-11-29,6551.91,synthetic_preprocedure_estimate,6151.90,-400.01
EST000029,C0000212,E0000212,2026-03-24,626.43,synthetic_preprocedure_estimate,721.28,94.85
EST000030,C0000240,E0000240,2025-01-02,5730.84,synthetic_preprocedure_estimate,5872.04,141.20
EST000031,C0000256,E0000256,2025-05-23,3602.52,synthetic_preprocedure_estimate,4234.22,631.70
EST000032,C0000289,E0000289,2025-04-20,4497.96,synthetic_preprocedure_estimate,4694.25,196.29
EST000033,C0000303,E0000303,2025-06-11,4257.51,synthetic_preprocedure_estimate,4750.99,493.48
EST000034,C0000306,E0000306,2025-09-25,12521.79,synthetic_preprocedure_estimate,13670.74,1148.95
EST000035,C0000308,E0000308,2026-03-26,11624.28,synthetic_preprocedure_estimate,11439.24,-185.04
EST000036,C0000310,E0000310,2024-12-26,584.28,synthetic_preprocedure_estimate,567.17,-17.11
EST000037,C0000319,E0000319,2024-11-05,11333.03,synthetic_preprocedure_estimate,10809.52,-523.51
EST000038,C0000325,E0000325,2026-03-22,5232.25,synthetic_preprocedure_estimate,4963.49,-268.76
EST000039,C0000332,E0000332,2026-03-20,5404.62,synthetic_preprocedure_estimate,6789.90,1385.28
EST000040,C0000335,E0000335,2026-03-31,457.21,synthetic_preprocedure_estimate,572.67,115.46
EST000041,C0000347,E0000347,2026-05-20,13621.88,synthetic_preprocedure_estimate,12863.30,-758.58
EST000042,C0000348,E0000348,2026-01-02,29038.14,synthetic_preprocedure_estimate,29279.27,241.13
EST000043,C0000359,E0000359,2025-02-21,10141.11,synthetic_preprocedure_estimate,11933.30,1792.19
EST000044,C0000367,E0000367,2025-11-16,3506.83,synthetic_preprocedure_estimate,3836.01,329.18
EST000045,C0000370,E0000370,2025-07-12,6569.31,synthetic_preprocedure_estimate,6029.34,-539.97
EST000046,C0000403,E0000403,2025-07-19,9920.02,synthetic_preprocedure_estimate,10408.78,488.76
EST000047,C0000407,E0000407,2026-07-08,3168.48,synthetic_preprocedure_estimate,3106.93,-61.55
EST000048,C0000408,E0000408,2025-01-27,6802.51,synthetic_preprocedure_estimate,6478.51,-324.00
EST000049,C0000410,E0000410,2025-05-25,13034.32,synthetic_preprocedure_estimate,14014.91,980.59
EST000050,C0000411,E0000411,2026-05-25,10392.10,synthetic_preprocedure_estimate,10815.51,423.41
EST000051,C0000422,E0000422,2025-09-07,625.45,synthetic_preprocedure_estimate,609.98,-15.47
EST000052,C0000436,E0000436,2025-07-26,7410.28,synthetic_preprocedure_estimate,6909.48,-500.80
EST000053,C0000440,E0000440,2026-08-04,702.99,synthetic_preprocedure_estimate,699.79,-3.20
EST000054,C0000467,E0000467,2026-02-17,4763.98,synthetic_preprocedure_estimate,6274.37,1510.39
EST000055,C0000483,E0000483,2026-02-02,10085.32,synthetic_preprocedure_estimate,11576.14,1490.82
EST000056,C0000489,E0000489,2026-08-22,3041.24,synthetic_preprocedure_estimate,3054.15,12.91
EST000057,C0000490,E0000490,2025-01-15,2737.51,synthetic_preprocedure_estimate,2929.88,192.37
EST000058,C0000506,E0000506,2025-11-21,562.13,synthetic_preprocedure_estimate,587.75,25.62
EST000059,C0000511,E0000511,2025-05-09,11584.48,synthetic_preprocedure_estimate,14855.90,3271.42
EST000060,C0000515,E0000515,2025-04-28,5167.80,synthetic_preprocedure_estimate,5457.98,290.18
EST000061,C0000524,E0000524,2025-05-14,4938.14,synthetic_preprocedure_estimate,5315.41,377.27
EST000062,C0000528,E0000528,2024-12-24,9652.86,synthetic_preprocedure_estimate,12831.60,3178.74
EST000063,C0000530,E0000530,2025-08-17,4882.15,synthetic_preprocedure_estimate,5795.94,913.79
EST000064,C0000540,E0000540,2026-07-03,9600.78,synthetic_preprocedure_estimate,10286.30,685.52
EST000065,C0000546,E0000546,2026-06-08,6475.26,synthetic_preprocedure_estimate,6628.67,153.41
EST000066,C0000547,E0000547,2025-12-03,10725.23,synthetic_preprocedure_estimate,13256.76,2531.53
EST000067,C0000559,E0000559,2026-02-18,6789.09,synthetic_preprocedure_estimate,6184.19,-604.90
EST000068,C0000577,E0000577,2026-05-10,4807.13,synthetic_preprocedure_estimate,4673.48,-133.65
EST000069,C0000588,E0000588,2025-10-28,12547.82,synthetic_preprocedure_estimate,11958.37,-589.45
EST000070,C0000590,E0000590,2026-03-06,4488.65,synthetic_preprocedure_estimate,5936.89,1448.24
EST000071,C0000593,E0000593,2025-08-06,10636.34,synthetic_preprocedure_estimate,11149.70,513.36
EST000072,C0000604,E0000604,2025-03-07,9679.91,synthetic_preprocedure_estimate,10772.82,1092.91
EST000073,C0000612,E0000612,2025-09-02,478.32,synthetic_preprocedure_estimate,575.08,96.76
EST000074,C0000641,E0000641,2025-11-05,3458.31,synthetic_preprocedure_estimate,3808.67,350.36
EST000075,C0000643,E0000643,2025-03-31,534.05,synthetic_preprocedure_estimate,548.09,14.04
EST000076,C0000647,E0000647,2024-10-25,4813.88,synthetic_preprocedure_estimate,5636.64,822.76
EST000077,C0000665,E0000665,2024-12-27,618.56,synthetic_preprocedure_estimate,569.64,-48.92
EST000078,C0000669,E0000669,2024-10-08,6996.19,synthetic_preprocedure_estimate,6588.10,-408.09
EST000079,C0000679,E0000679,2025-07-10,3758.07,synthetic_preprocedure_estimate,6951.49,3193.42
EST000080,C0000684,E0000684,2026-05-03,11891.56,synthetic_preprocedure_estimate,11453.96,-437.60
EST000081,C0000685,E0000685,2025-05-27,12956.94,synthetic_preprocedure_estimate,15263.53,2306.59
EST000082,C0000735,E0000735,2026-02-23,12303.30,synthetic_preprocedure_estimate,13194.76,891.46
EST000083,C0000738,E0000738,2025-12-28,3808.74,synthetic_preprocedure_estimate,4638.44,829.70
EST000084,C0000774,E0000774,2026-03-17,3333.35,synthetic_preprocedure_estimate,3480.63,147.28
EST000085,C0000785,E0000785,2026-04-11,4216.91,synthetic_preprocedure_estimate,5301.64,1084.73
EST000086,C0000787,E0000787,2026-06-11,5385.85,synthetic_preprocedure_estimate,6627.60,1241.75
EST000087,C0000795,E0000795,2026-03-20,10529.27,synthetic_preprocedure_estimate,12316.08,1786.81
EST000088,C0000796,E0000796,2024-11-25,4987.00,synthetic_preprocedure_estimate,6621.11,1634.11
EST000089,C0000802,E0000802,2024-11-20,14204.60,synthetic_preprocedure_estimate,13634.80,-569.80
EST000090,C0000818,E0000818,2025-08-07,6220.91,synthetic_preprocedure_estimate,6716.26,495.35
EST000091,C0000837,E0000837,2026-07-17,6092.50,synthetic_preprocedure_estimate,7194.55,1102.05
EST000092,C0000842,E0000842,2025-09-19,10609.48,synthetic_preprocedure_estimate,10148.28,-461.20
EST000093,C0000849,E0000849,2025-05-13,10372.96,synthetic_preprocedure_estimate,10768.46,395.50
EST000094,C0000859,E0000859,2025-05-27,5588.05,synthetic_preprocedure_estimate,5726.97,138.92
EST000095,C0000877,E0000877,2025-10-14,1818.20,synthetic_preprocedure_estimate,1910.64,92.44
EST000096,C0000890,E0000890,2025-12-03,5358.73,synthetic_preprocedure_estimate,6086.21,727.48
EST000097,C0000897,E0000897,2026-04-25,3838.35,synthetic_preprocedure_estimate,5077.00,1238.65
EST000098,C0000899,E0000899,2024-12-10,11808.14,synthetic_preprocedure_estimate,11765.06,-43.08
EST000099,C0000902,E0000902,2026-03-27,10597.49,synthetic_preprocedure_estimate,11336.08,738.59
EST000100,C0000923,E0000923,2026-05-29,854.17,synthetic_preprocedure_estimate,865.47,11.30
EST000101,C0000948,E0000948,2025-03-17,707.25,synthetic_preprocedure_estimate,713.39,6.14
EST000102,C0001010,E0001010,2025-06-22,10231.61,synthetic_preprocedure_estimate,11192.63,961.02
EST000103,C0001032,E0001032,2025-10-08,14876.27,synthetic_preprocedure_estimate,14419.89,-456.38
EST000104,C0001036,E0001036,2024-10-02,11551.78,synthetic_preprocedure_estimate,11318.08,-233.70
EST000105,C0001037,E0001037,2024-12-04,2795.97,synthetic_preprocedure_estimate,2608.35,-187.62
EST000106,C0001049,E0001049,2026-06-11,2987.23,synthetic_preprocedure_estimate,2820.50,-166.73
EST000107,C0001052,E0001052,2025-11-23,9778.80,synthetic_preprocedure_estimate,12272.85,2494.05
EST000108,C0001061,E0001061,2025-02-26,6302.94,synthetic_preprocedure_estimate,6972.84,669.90
EST000109,C0001063,E0001063,2025-11-21,5047.87,synthetic_preprocedure_estimate,6476.69,1428.82
EST000110,C0001076,E0001076,2025-07-31,5719.90,synthetic_preprocedure_estimate,5430.98,-288.92
EST000111,C0001092,E0001092,2025-04-12,5547.83,synthetic_preprocedure_estimate,6787.26,1239.43
EST000112,C0001095,E0001095,2024-11-27,702.65,synthetic_preprocedure_estimate,742.72,40.07
EST000113,C0001105,E0001105,2024-12-27,13648.82,synthetic_preprocedure_estimate,15937.28,2288.46
EST000114,C0001119,E0001119,2024-12-26,4495.03,synthetic_preprocedure_estimate,5358.99,863.96
EST000115,C0001120,E0001120,2025-05-08,4668.72,synthetic_preprocedure_estimate,5819.28,1150.56
EST000116,C0001122,E0001122,2024-10-10,6888.51,synthetic_preprocedure_estimate,6400.32,-488.19
EST000117,C0001124,E0001124,2025-08-10,10203.19,synthetic_preprocedure_estimate,12653.10,2449.91
EST000118,C0001125,E0001125,2026-07-02,3982.74,synthetic_preprocedure_estimate,4756.37,773.63
EST000119,C0001129,E0001129,2026-01-23,8273.18,synthetic_preprocedure_estimate,10542.50,2269.32
EST000120,C0001134,E0001134,2026-05-14,13952.65,synthetic_preprocedure_estimate,13268.44,-684.21
EST000121,C0001160,E0001160,2025-03-21,12343.34,synthetic_preprocedure_estimate,12748.44,405.10
EST000122,C0001167,E0001167,2024-10-06,14266.94,synthetic_preprocedure_estimate,14260.60,-6.34
EST000123,C0001183,E0001183,2026-01-11,3248.92,synthetic_preprocedure_estimate,3385.28,136.36
EST000124,C0001189,E0001189,2026-03-24,12490.56,synthetic_preprocedure_estimate,15002.89,2512.33
EST000125,C0001210,E0001210,2025-08-29,15662.99,synthetic_preprocedure_estimate,15196.70,-466.29
EST000126,C0001218,E0001218,2026-08-25,5028.93,synthetic_preprocedure_estimate,6502.20,1473.27
EST000127,C0001248,E0001248,2025-11-09,9902.78,synthetic_preprocedure_estimate,10633.30,730.52
EST000128,C0001263,E0001263,2026-01-25,26327.82,synthetic_preprocedure_estimate,34387.90,8060.08
EST000129,C0001278,E0001278,2025-01-12,4152.86,synthetic_preprocedure_estimate,5098.18,945.32
EST000130,C0001279,E0001279,2025-09-18,13503.67,synthetic_preprocedure_estimate,13458.77,-44.90
EST000131,C0001296,E0001296,2026-08-28,7766.82,synthetic_preprocedure_estimate,7179.97,-586.85
EST000132,C0001315,E0001315,2026-03-24,6343.48,synthetic_preprocedure_estimate,5959.39,-384.09
EST000133,C0001317,E0001317,2026-03-28,5459.21,synthetic_preprocedure_estimate,5929.19,469.98
EST000134,C0001320,E0001320,2024-11-09,15327.25,synthetic_preprocedure_estimate,15288.83,-38.42
EST000135,C0001321,E0001321,2026-08-23,14318.56,synthetic_preprocedure_estimate,13564.62,-753.94
EST000136,C0001328,E0001328,2025-02-08,3395.88,synthetic_preprocedure_estimate,3401.21,5.33
EST000137,C0001330,E0001330,2025-12-10,4501.86,synthetic_preprocedure_estimate,5022.12,520.26
EST000138,C0001339,E0001339,2024-10-09,4547.71,synthetic_preprocedure_estimate,5503.90,956.19
EST000139,C0001354,E0001354,2025-09-29,5088.30,synthetic_preprocedure_estimate,5955.71,867.41
EST000140,C0001356,E0001356,2025-06-02,4467.53,synthetic_preprocedure_estimate,5221.09,753.56
EST000141,C0001362,E0001362,2025-11-29,13730.89,synthetic_preprocedure_estimate,15376.88,1645.99
EST000142,C0001381,E0001381,2026-03-15,6141.01,synthetic_preprocedure_estimate,6814.04,673.03
EST000143,C0001394,E0001394,2025-10-17,15591.71,synthetic_preprocedure_estimate,16055.55,463.84
EST000144,C0001400,E0001400,2025-07-01,6675.26,synthetic_preprocedure_estimate,6575.81,-99.45
EST000145,C0001402,E0001402,2025-04-18,11657.17,synthetic_preprocedure_estimate,10791.14,-866.03
EST000146,C0001424,E0001424,2026-02-22,3899.76,synthetic_preprocedure_estimate,3766.03,-133.73
EST000147,C0001432,E0001432,2026-09-08,9512.15,synthetic_preprocedure_estimate,11932.45,2420.30
EST000148,C0001442,E0001442,2025-08-01,13355.64,synthetic_preprocedure_estimate,13301.79,-53.85
EST000149,C0001469,E0001469,2025-01-08,4789.27,synthetic_preprocedure_estimate,6100.55,1311.28
EST000150,C0001478,E0001478,2026-04-24,9970.87,synthetic_preprocedure_estimate,10382.36,411.49
EST000151,C0001480,E0001480,2025-09-05,12710.32,synthetic_preprocedure_estimate,15159.48,2449.16
EST000152,C0001481,E0001481,2026-04-21,4843.12,synthetic_preprocedure_estimate,4807.84,-35.28
EST000153,C0001483,E0001483,2025-04-02,3780.15,synthetic_preprocedure_estimate,7571.98,3791.83
EST000154,C0001508,E0001508,2026-02-12,2495.01,synthetic_preprocedure_estimate,2759.72,264.71
EST000155,C0001519,E0001519,2026-04-09,12936.46,synthetic_preprocedure_estimate,13060.68,124.22
EST000156,C0001525,E0001525,2024-10-23,2394.14,synthetic_preprocedure_estimate,2716.88,322.74
EST000157,C0001545,E0001545,2025-08-15,12926.88,synthetic_preprocedure_estimate,12901.71,-25.17
EST000158,C0001557,E0001557,2026-04-10,15985.33,synthetic_preprocedure_estimate,14731.71,-1253.62
EST000159,C0001561,E0001561,2025-10-25,6557.84,synthetic_preprocedure_estimate,6723.91,166.07
EST000160,C0001563,E0001563,2025-02-19,5884.66,synthetic_preprocedure_estimate,6068.18,183.52
EST000161,C0001567,E0001567,2025-08-16,13692.14,synthetic_preprocedure_estimate,13429.14,-263.00
EST000162,C0001570,E0001570,2026-04-15,3580.82,synthetic_preprocedure_estimate,4640.28,1059.46
EST000163,C0001576,E0001576,2025-03-05,723.02,synthetic_preprocedure_estimate,828.78,105.76
EST000164,C0001585,E0001585,2026-05-11,9539.57,synthetic_preprocedure_estimate,14515.62,4976.05
EST000165,C0001589,E0001589,2025-09-25,6648.38,synthetic_preprocedure_estimate,6874.84,226.46
EST000166,C0001611,E0001611,2025-12-18,12731.59,synthetic_preprocedure_estimate,11786.90,-944.69
EST000167,C0001632,E0001632,2024-10-01,4230.44,synthetic_preprocedure_estimate,3905.36,-325.08
EST000168,C0001638,E0001638,2026-03-26,3694.95,synthetic_preprocedure_estimate,4699.36,1004.41
EST000169,C0001649,E0001649,2026-01-12,12210.77,synthetic_preprocedure_estimate,11767.06,-443.71
EST000170,C0001651,E0001651,2026-02-12,12219.56,synthetic_preprocedure_estimate,13261.80,1042.24
EST000171,C0001667,E0001667,2025-08-09,4111.72,synthetic_preprocedure_estimate,4354.83,243.11
EST000172,C0001677,E0001677,2024-10-22,14097.57,synthetic_preprocedure_estimate,15598.79,1501.22
EST000173,C0001686,E0001686,2025-11-08,2038.58,synthetic_preprocedure_estimate,1934.79,-103.79
EST000174,C0001691,E0001691,2026-02-17,10975.15,synthetic_preprocedure_estimate,10510.55,-464.60
EST000175,C0001701,E0001701,2025-05-02,3558.03,synthetic_preprocedure_estimate,4608.14,1050.11
EST000176,C0001747,E0001747,2025-03-28,4851.56,synthetic_preprocedure_estimate,4856.98,5.42
EST000177,C0001749,E0001749,2024-11-03,5201.28,synthetic_preprocedure_estimate,5718.95,517.67
EST000178,C0001790,E0001790,2025-06-22,13305.90,synthetic_preprocedure_estimate,13193.36,-112.54
EST000179,C0001792,E0001792,2025-02-06,5472.01,synthetic_preprocedure_estimate,6754.98,1282.97
EST000180,C0001819,E0001819,2024-10-12,11143.51,synthetic_preprocedure_estimate,14229.54,3086.03
EST000181,C0001820,E0001820,2024-10-01,13057.74,synthetic_preprocedure_estimate,15696.43,2638.69
EST000182,C0001825,E0001825,2025-07-08,766.98,synthetic_preprocedure_estimate,854.29,87.31
EST000183,C0001828,E0001828,2025-11-26,4691.10,synthetic_preprocedure_estimate,4284.36,-406.74
EST000184,C0001838,E0001838,2024-11-03,4930.21,synthetic_preprocedure_estimate,5144.93,214.72
EST000185,C0001852,E0001852,2025-12-03,614.25,synthetic_preprocedure_estimate,633.94,19.69
EST000186,C0001865,E0001865,2026-08-19,4942.36,synthetic_preprocedure_estimate,5372.22,429.86
EST000187,C0001868,E0001868,2026-04-07,5247.24,synthetic_preprocedure_estimate,5239.93,-7.31
EST000188,C0001893,E0001893,2026-05-04,4249.62,synthetic_preprocedure_estimate,4201.95,-47.67
EST000189,C0001898,E0001898,2025-08-05,7344.14,synthetic_preprocedure_estimate,7627.74,283.60
EST000190,C0001907,E0001907,2025-06-20,9978.02,synthetic_preprocedure_estimate,12015.63,2037.61
EST000191,C0001909,E0001909,2025-05-15,5819.38,synthetic_preprocedure_estimate,6729.20,909.82
EST000192,C0001912,E0001912,2025-02-20,5959.84,synthetic_preprocedure_estimate,7105.69,1145.85
EST000193,C0001928,E0001928,2026-03-25,5255.69,synthetic_preprocedure_estimate,5164.70,-90.99
EST000194,C0001934,E0001934,2026-01-28,611.22,synthetic_preprocedure_estimate,706.64,95.42
EST000195,C0001944,E0001944,2026-04-29,13276.08,synthetic_preprocedure_estimate,12144.54,-1131.54
EST000196,C0001973,E0001973,2025-03-02,6162.64,synthetic_preprocedure_estimate,6537.46,374.82
EST000197,C0001983,E0001983,2026-06-15,524.79,synthetic_preprocedure_estimate,664.44,139.65
EST000198,C0001986,E0001986,2024-10-30,5524.73,synthetic_preprocedure_estimate,6263.15,738.42
EST000199,C0002006,E0002006,2026-01-12,5699.99,synthetic_preprocedure_estimate,5418.18,-281.81
EST000200,C0002015,E0002015,2025-05-01,13692.92,synthetic_preprocedure_estimate,15560.22,1867.30
EST000201,C0002016,E0002016,2026-01-05,4997.08,synthetic_preprocedure_estimate,4545.53,-451.55
EST000202,C0002018,E0002018,2025-10-30,5496.94,synthetic_preprocedure_estimate,5375.74,-121.20
EST000203,C0002035,E0002035,2025-04-04,4084.72,synthetic_preprocedure_estimate,4456.57,371.85
EST000204,C0002038,E0002038,2025-03-18,6379.07,synthetic_preprocedure_estimate,6031.95,-347.12
EST000205,C0002047,E0002047,2026-06-13,690.96,synthetic_preprocedure_estimate,880.77,189.81
EST000206,C0002086,E0002086,2025-12-23,8185.90,synthetic_preprocedure_estimate,13452.23,5266.33
EST000207,C0002091,E0002091,2026-07-13,1346.51,synthetic_preprocedure_estimate,1458.83,112.32
EST000208,C0002092,E0002092,2024-10-01,7765.82,synthetic_preprocedure_estimate,10098.26,2332.44
EST000209,C0002098,E0002098,2026-01-07,13136.73,synthetic_preprocedure_estimate,14161.72,1024.99
EST000210,C0002118,E0002118,2025-01-08,3574.60,synthetic_preprocedure_estimate,4334.29,759.69
EST000211,C0002136,E0002136,2025-07-07,5194.18,synthetic_preprocedure_estimate,6029.58,835.40
EST000212,C0002169,E0002169,2026-07-24,5506.14,synthetic_preprocedure_estimate,5228.28,-277.86
EST000213,C0002189,E0002189,2025-09-27,4365.91,synthetic_preprocedure_estimate,4817.59,451.68
EST000214,C0002211,E0002211,2025-06-27,5415.04,synthetic_preprocedure_estimate,6073.26,658.22
EST000215,C0002213,E0002213,2026-04-15,27239.13,synthetic_preprocedure_estimate,29478.93,2239.80
EST000216,C0002218,E0002218,2025-09-27,10149.82,synthetic_preprocedure_estimate,12671.77,2521.95
EST000217,C0002238,E0002238,2024-12-16,5182.35,synthetic_preprocedure_estimate,5575.01,392.66
EST000218,C0002246,E0002246,2025-10-14,6670.69,synthetic_preprocedure_estimate,6179.05,-491.64
EST000219,C0002247,E0002247,2025-04-05,7126.57,synthetic_preprocedure_estimate,6935.39,-191.18
EST000220,C0002273,E0002273,2025-04-12,3805.54,synthetic_preprocedure_estimate,7650.37,3844.83
EST000221,C0002304,E0002304,2025-03-17,11398.16,synthetic_preprocedure_estimate,14169.20,2771.04
EST000222,C0002308,E0002308,2025-08-09,14866.80,synthetic_preprocedure_estimate,14198.05,-668.75
EST000223,C0002316,E0002316,2024-11-01,3395.42,synthetic_preprocedure_estimate,4466.00,1070.58
EST000224,C0002321,E0002321,2026-06-07,9903.88,synthetic_preprocedure_estimate,9992.16,88.28
EST000225,C0002332,E0002332,2025-07-14,9991.43,synthetic_preprocedure_estimate,10907.32,915.89
EST000226,C0002348,E0002348,2024-10-21,11320.65,synthetic_preprocedure_estimate,13079.41,1758.76
EST000227,C0002356,E0002356,2026-04-08,12464.46,synthetic_preprocedure_estimate,12842.64,378.18
EST000228,C0002357,E0002357,2025-01-25,13883.25,synthetic_preprocedure_estimate,15265.01,1381.76
EST000229,C0002373,E0002373,2026-04-01,4689.14,synthetic_preprocedure_estimate,5748.27,1059.13
EST000230,C0002374,E0002374,2025-03-28,3267.71,synthetic_preprocedure_estimate,3400.62,132.91
EST000231,C0002422,E0002422,2024-11-30,4443.13,synthetic_preprocedure_estimate,4956.49,513.36
EST000232,C0002432,E0002432,2025-08-31,12291.75,synthetic_preprocedure_estimate,11300.30,-991.45
EST000233,C0002436,E0002436,2026-05-16,10169.30,synthetic_preprocedure_estimate,10835.14,665.84
EST000234,C0002438,E0002438,2025-06-18,6065.40,synthetic_preprocedure_estimate,7112.87,1047.47
EST000235,C0002451,E0002451,2026-04-01,3488.15,synthetic_preprocedure_estimate,4449.63,961.48
EST000236,C0002456,E0002456,2024-12-30,3787.53,synthetic_preprocedure_estimate,3665.62,-121.91
EST000237,C0002473,E0002473,2024-12-13,625.05,synthetic_preprocedure_estimate,636.22,11.17
EST000238,C0002480,E0002480,2026-01-17,5376.14,synthetic_preprocedure_estimate,5556.00,179.86
EST000239,C0002481,E0002481,2025-04-15,4960.52,synthetic_preprocedure_estimate,6235.17,1274.65
EST000240,C0002489,E0002489,2025-12-25,550.15,synthetic_preprocedure_estimate,666.60,116.45
EST000241,C0002505,E0002505,2025-03-31,9311.29,synthetic_preprocedure_estimate,11073.26,1761.97
EST000242,C0002526,E0002526,2024-10-27,10867.56,synthetic_preprocedure_estimate,13128.95,2261.39
EST000243,C0002534,E0002534,2026-06-13,12500.20,synthetic_preprocedure_estimate,15783.78,3283.58
EST000244,C0002556,E0002556,2025-12-29,11212.93,synthetic_preprocedure_estimate,10742.29,-470.64
EST000245,C0002578,E0002578,2024-10-17,6006.88,synthetic_preprocedure_estimate,6648.58,641.70
EST000246,C0002611,E0002611,2025-01-04,5905.85,synthetic_preprocedure_estimate,6021.18,115.33
EST000247,C0002631,E0002631,2025-12-23,14096.12,synthetic_preprocedure_estimate,13011.32,-1084.80
EST000248,C0002636,E0002636,2026-09-27,3827.97,synthetic_preprocedure_estimate,6923.50,3095.53
EST000249,C0002647,E0002647,2025-04-16,2688.95,synthetic_preprocedure_estimate,2991.00,302.05
EST000250,C0002656,E0002656,2026-08-22,6047.73,synthetic_preprocedure_estimate,5835.41,-212.32
EST000251,C0002672,E0002672,2025-07-11,14065.77,synthetic_preprocedure_estimate,15577.90,1512.13
EST000252,C0002679,E0002679,2026-04-09,9607.83,synthetic_preprocedure_estimate,11519.48,1911.65
EST000253,C0002686,E0002686,2024-12-30,9449.87,synthetic_preprocedure_estimate,17867.66,8417.79
EST000254,C0002705,E0002705,2025-11-08,7369.72,synthetic_preprocedure_estimate,6768.99,-600.73
EST000255,C0002712,E0002712,2025-10-30,5417.17,synthetic_preprocedure_estimate,5657.70,240.53
EST000256,C0002713,E0002713,2025-09-06,11749.24,synthetic_preprocedure_estimate,15483.00,3733.76
EST000257,C0002714,E0002714,2026-04-14,10639.23,synthetic_preprocedure_estimate,12301.26,1662.03
EST000258,C0002719,E0002719,2024-10-05,3560.80,synthetic_preprocedure_estimate,4340.51,779.71
EST000259,C0002730,E0002730,2025-10-21,6179.03,synthetic_preprocedure_estimate,6882.23,703.20
EST000260,C0002746,E0002746,2024-10-01,6135.76,synthetic_preprocedure_estimate,5659.44,-476.32
EST000261,C0002749,E0002749,2024-10-20,2957.98,synthetic_preprocedure_estimate,3241.68,283.70
EST000262,C0002752,E0002752,2025-12-15,485.18,synthetic_preprocedure_estimate,615.08,129.90
EST000263,C0002755,E0002755,2025-07-23,4262.64,synthetic_preprocedure_estimate,5133.60,870.96
EST000264,C0002763,E0002763,2026-06-08,11283.33,synthetic_preprocedure_estimate,11290.98,7.65
EST000265,C0002786,E0002786,2025-12-09,5547.24,synthetic_preprocedure_estimate,6327.65,780.41
EST000266,C0002788,E0002788,2026-01-07,16175.81,synthetic_preprocedure_estimate,15432.56,-743.25
EST000267,C0002800,E0002800,2025-10-06,2530.26,synthetic_preprocedure_estimate,3185.08,654.82
EST000268,C0002809,E0002809,2026-07-25,4934.55,synthetic_preprocedure_estimate,4614.95,-319.60
EST000269,C0002813,E0002813,2026-08-05,7987.78,synthetic_preprocedure_estimate,10372.63,2384.85
EST000270,C0002824,E0002824,2024-11-22,9796.95,synthetic_preprocedure_estimate,12955.14,3158.19
EST000271,C0002834,E0002834,2025-02-27,2732.90,synthetic_preprocedure_estimate,3491.80,758.90
EST000272,C0002844,E0002844,2025-04-16,5387.87,synthetic_preprocedure_estimate,6352.41,964.54
EST000273,C0002850,E0002850,2024-10-15,6174.44,synthetic_preprocedure_estimate,5814.02,-360.42
EST000274,C0002874,E0002874,2025-06-26,5875.64,synthetic_preprocedure_estimate,5500.43,-375.21
EST000275,C0002892,E0002892,2026-06-08,11918.79,synthetic_preprocedure_estimate,11874.37,-44.42
EST000276,C0002899,E0002899,2025-09-18,20434.42,synthetic_preprocedure_estimate,24691.46,4257.04
EST000277,C0002907,E0002907,2025-09-06,4201.74,synthetic_preprocedure_estimate,4391.60,189.86
EST000278,C0002911,E0002911,2025-06-10,4898.01,synthetic_preprocedure_estimate,6498.96,1600.95
EST000279,C0002916,E0002916,2025-04-28,6446.64,synthetic_preprocedure_estimate,6940.44,493.80
EST000280,C0002923,E0002923,2025-06-01,9360.36,synthetic_preprocedure_estimate,11292.86,1932.50
EST000281,C0002931,E0002931,2025-12-30,3699.28,synthetic_preprocedure_estimate,4028.19,328.91
EST000282,C0002946,E0002946,2025-02-07,11275.60,synthetic_preprocedure_estimate,10328.41,-947.19
EST000283,C0002950,E0002950,2025-09-11,4348.51,synthetic_preprocedure_estimate,4720.30,371.79
EST000284,C0002952,E0002952,2025-10-30,2893.51,synthetic_preprocedure_estimate,3239.30,345.79
EST000285,C0002956,E0002956,2025-05-08,6291.91,synthetic_preprocedure_estimate,7470.14,1178.23
EST000286,C0002966,E0002966,2026-03-19,11701.11,synthetic_preprocedure_estimate,10966.04,-735.07
EST000287,C0002975,E0002975,2024-12-03,9942.36,synthetic_preprocedure_estimate,11430.26,1487.90
EST000288,C0002982,E0002982,2024-10-17,5486.40,synthetic_preprocedure_estimate,6475.69,989.29
EST000289,C0002992,E0002992,2025-12-18,10903.59,synthetic_preprocedure_estimate,10037.74,-865.85
EST000290,C0003018,E0003018,2024-11-10,634.34,synthetic_preprocedure_estimate,810.02,175.68
EST000291,C0003035,E0003035,2025-06-05,9594.59,synthetic_preprocedure_estimate,9815.24,220.65
EST000292,C0003044,E0003044,2026-01-10,6142.66,synthetic_preprocedure_estimate,5890.16,-252.50
EST000293,C0003053,E0003053,2026-01-02,4420.54,synthetic_preprocedure_estimate,5292.16,871.62
EST000294,C0003065,E0003065,2025-01-27,3777.02,synthetic_preprocedure_estimate,4194.99,417.97
EST000295,C0003069,E0003069,2025-01-21,14584.17,synthetic_preprocedure_estimate,13286.55,-1297.62
EST000296,C0003075,E0003075,2026-06-13,4548.44,synthetic_preprocedure_estimate,5675.41,1126.97
EST000297,C0003079,E0003079,2024-10-24,7052.92,synthetic_preprocedure_estimate,7258.96,206.04
EST000298,C0003118,E0003118,2025-04-16,12264.12,synthetic_preprocedure_estimate,12374.51,110.39
EST000299,C0003133,E0003133,2024-11-18,7109.32,synthetic_preprocedure_estimate,7399.65,290.33
EST000300,C0003153,E0003153,2025-12-02,5331.25,synthetic_preprocedure_estimate,5452.54,121.29
EST000301,C0003170,E0003170,2025-10-04,2433.49,synthetic_preprocedure_estimate,2756.45,322.96
EST000302,C0003181,E0003181,2025-01-21,612.97,synthetic_preprocedure_estimate,577.63,-35.34
EST000303,C0003189,E0003189,2024-11-04,6151.31,synthetic_preprocedure_estimate,7084.72,933.41
EST000304,C0003210,E0003210,2024-10-15,5656.16,synthetic_preprocedure_estimate,6458.63,802.47
EST000305,C0003238,E0003238,2026-09-08,7412.76,synthetic_preprocedure_estimate,7737.32,324.56
EST000306,C0003250,E0003250,2025-06-15,8981.85,synthetic_preprocedure_estimate,11358.95,2377.10
EST000307,C0003276,E0003276,2026-05-08,6991.43,synthetic_preprocedure_estimate,6555.17,-436.26
EST000308,C0003282,E0003282,2025-05-03,4368.96,synthetic_preprocedure_estimate,5239.38,870.42
EST000309,C0003288,E0003288,2026-03-19,3912.02,synthetic_preprocedure_estimate,3816.19,-95.83
EST000310,C0003299,E0003299,2025-10-04,4443.78,synthetic_preprocedure_estimate,6900.36,2456.58
EST000311,C0003307,E0003307,2025-09-26,7242.08,synthetic_preprocedure_estimate,6833.46,-408.62
EST000312,C0003340,E0003340,2025-01-18,12519.11,synthetic_preprocedure_estimate,15365.89,2846.78
EST000313,C0003344,E0003344,2026-05-11,5004.39,synthetic_preprocedure_estimate,6132.75,1128.36
EST000314,C0003360,E0003360,2025-05-08,766.14,synthetic_preprocedure_estimate,795.06,28.92
EST000315,C0003367,E0003367,2025-01-28,720.45,synthetic_preprocedure_estimate,876.65,156.20
EST000316,C0003372,E0003372,2026-02-16,8579.97,synthetic_preprocedure_estimate,11261.85,2681.88
EST000317,C0003375,E0003375,2026-08-03,26950.43,synthetic_preprocedure_estimate,31420.73,4470.30
EST000318,C0003393,E0003393,2025-04-04,11007.36,synthetic_preprocedure_estimate,12579.77,1572.41
EST000319,C0003395,E0003395,2026-07-09,5423.80,synthetic_preprocedure_estimate,6014.17,590.37
EST000320,C0003396,E0003396,2024-12-15,3638.20,synthetic_preprocedure_estimate,4744.68,1106.48
EST000321,C0003408,E0003408,2025-09-04,13003.87,synthetic_preprocedure_estimate,13701.07,697.20
EST000322,C0003419,E0003419,2025-03-10,11478.97,synthetic_preprocedure_estimate,14150.38,2671.41
EST000323,C0003421,E0003421,2026-01-18,12729.75,synthetic_preprocedure_estimate,12930.29,200.54
EST000324,C0003422,E0003422,2025-02-01,9237.19,synthetic_preprocedure_estimate,11812.36,2575.17
EST000325,C0003428,E0003428,2025-01-12,7103.41,synthetic_preprocedure_estimate,13700.28,6596.87
EST000326,C0003432,E0003432,2026-03-28,543.08,synthetic_preprocedure_estimate,613.62,70.54
EST000327,C0003436,E0003436,2025-07-09,658.50,synthetic_preprocedure_estimate,752.68,94.18
EST000328,C0003438,E0003438,2024-11-19,7769.86,synthetic_preprocedure_estimate,7233.21,-536.65
EST000329,C0003441,E0003441,2025-05-24,5533.04,synthetic_preprocedure_estimate,5768.24,235.20
EST000330,C0003463,E0003463,2024-10-15,11577.29,synthetic_preprocedure_estimate,15417.10,3839.81
EST000331,C0003465,E0003465,2025-01-18,13811.89,synthetic_preprocedure_estimate,14940.82,1128.93
EST000332,C0003472,E0003472,2025-02-26,5053.02,synthetic_preprocedure_estimate,5033.05,-19.97
EST000333,C0003479,E0003479,2025-10-05,6135.74,synthetic_preprocedure_estimate,12640.52,6504.78
EST000334,C0003493,E0003493,2025-11-04,9159.56,synthetic_preprocedure_estimate,15386.16,6226.60
EST000335,C0003501,E0003501,2026-05-03,15709.13,synthetic_preprocedure_estimate,15951.40,242.27
EST000336,C0003505,E0003505,2025-10-03,6272.57,synthetic_preprocedure_estimate,5918.65,-353.92
EST000337,C0003506,E0003506,2026-07-18,6810.35,synthetic_preprocedure_estimate,6709.41,-100.94
EST000338,C0003514,E0003514,2025-03-17,10629.71,synthetic_preprocedure_estimate,11324.98,695.27
EST000339,C0003517,E0003517,2025-12-16,10815.14,synthetic_preprocedure_estimate,13717.35,2902.21
EST000340,C0003521,E0003521,2025-03-27,11778.38,synthetic_preprocedure_estimate,12938.66,1160.28
EST000341,C0003523,E0003523,2026-04-23,12089.22,synthetic_preprocedure_estimate,15605.19,3515.97
EST000342,C0003530,E0003530,2025-07-15,8769.57,synthetic_preprocedure_estimate,9961.37,1191.80
EST000343,C0003533,E0003533,2025-06-23,10968.25,synthetic_preprocedure_estimate,12358.56,1390.31
EST000344,C0003535,E0003535,2025-11-15,11371.56,synthetic_preprocedure_estimate,12637.78,1266.22
EST000345,C0003540,E0003540,2025-12-21,2783.88,synthetic_preprocedure_estimate,2684.57,-99.31
EST000346,C0003541,E0003541,2025-02-06,14048.90,synthetic_preprocedure_estimate,14145.42,96.52
EST000347,C0003562,E0003562,2025-05-28,5832.90,synthetic_preprocedure_estimate,7007.37,1174.47
EST000348,C0003576,E0003576,2024-11-05,755.07,synthetic_preprocedure_estimate,712.02,-43.05
EST000349,C0003580,E0003580,2026-07-11,4154.39,synthetic_preprocedure_estimate,5229.14,1074.75
EST000350,C0003581,E0003581,2025-08-27,9783.13,synthetic_preprocedure_estimate,10830.93,1047.80
EST000351,C0003584,E0003584,2026-04-08,539.00,synthetic_preprocedure_estimate,624.04,85.04
EST000352,C0003597,E0003597,2026-02-20,24660.88,synthetic_preprocedure_estimate,24691.79,30.91
EST000353,C0003617,E0003617,2024-10-01,12848.52,synthetic_preprocedure_estimate,12587.34,-261.18
EST000354,C0003619,E0003619,2025-06-07,796.19,synthetic_preprocedure_estimate,759.19,-37.00
EST000355,C0003640,E0003640,2025-05-28,15229.54,synthetic_preprocedure_estimate,15640.66,411.12
EST000356,C0003649,E0003649,2025-03-23,5668.30,synthetic_preprocedure_estimate,6391.24,722.94
EST000357,C0003652,E0003652,2024-10-01,12550.93,synthetic_preprocedure_estimate,15179.73,2628.80
EST000358,C0003659,E0003659,2025-09-19,574.40,synthetic_preprocedure_estimate,637.48,63.08
EST000359,C0003668,E0003668,2025-12-12,11942.79,synthetic_preprocedure_estimate,14094.12,2151.33
EST000360,C0003686,E0003686,2026-05-08,11137.25,synthetic_preprocedure_estimate,11180.58,43.33
EST000361,C0003693,E0003693,2024-12-12,5555.64,synthetic_preprocedure_estimate,6757.47,1201.83
EST000362,C0003707,E0003707,2025-10-13,7656.27,synthetic_preprocedure_estimate,7158.88,-497.39
EST000363,C0003736,E0003736,2025-04-29,13240.09,synthetic_preprocedure_estimate,13157.86,-82.23
EST000364,C0003757,E0003757,2024-11-30,4358.38,synthetic_preprocedure_estimate,4693.61,335.23
EST000365,C0003760,E0003760,2026-02-01,3920.44,synthetic_preprocedure_estimate,4920.07,999.63
EST000366,C0003769,E0003769,2025-11-04,2345.85,synthetic_preprocedure_estimate,2945.50,599.65
EST000367,C0003774,E0003774,2026-05-13,8944.96,synthetic_preprocedure_estimate,8726.63,-218.33
EST000368,C0003789,E0003789,2025-05-11,9312.01,synthetic_preprocedure_estimate,10025.40,713.39
EST000369,C0003795,E0003795,2026-07-16,11721.72,synthetic_preprocedure_estimate,12524.16,802.44
EST000370,C0003808,E0003808,2026-06-27,10372.27,synthetic_preprocedure_estimate,10956.99,584.72
EST000371,C0003811,E0003811,2024-12-22,4125.08,synthetic_preprocedure_estimate,5131.48,1006.40
EST000372,C0003817,E0003817,2026-03-06,6332.90,synthetic_preprocedure_estimate,5900.37,-432.53
EST000373,C0003848,E0003848,2025-05-25,4667.77,synthetic_preprocedure_estimate,5515.94,848.17
EST000374,C0003853,E0003853,2026-09-05,12048.32,synthetic_preprocedure_estimate,12567.46,519.14
EST000375,C0003860,E0003860,2025-10-03,10953.75,synthetic_preprocedure_estimate,14072.73,3118.98
EST000376,C0003877,E0003877,2025-09-12,4649.91,synthetic_preprocedure_estimate,5839.60,1189.69
EST000377,C0003891,E0003891,2026-07-09,10745.43,synthetic_preprocedure_estimate,10243.02,-502.41
EST000378,C0003896,E0003896,2025-12-16,5117.20,synthetic_preprocedure_estimate,5092.97,-24.23
EST000379,C0003929,E0003929,2026-07-29,5102.03,synthetic_preprocedure_estimate,6147.00,1044.97
EST000380,C0003959,E0003959,2025-03-06,5791.22,synthetic_preprocedure_estimate,5978.85,187.63
EST000381,C0003964,E0003964,2024-10-18,4379.45,synthetic_preprocedure_estimate,5051.03,671.58
EST000382,C0003965,E0003965,2026-02-03,3548.59,synthetic_preprocedure_estimate,7352.27,3803.68
EST000383,C0003974,E0003974,2025-12-17,7109.03,synthetic_preprocedure_estimate,6819.07,-289.96
EST000384,C0003981,E0003981,2025-11-17,15145.46,synthetic_preprocedure_estimate,15018.90,-126.56
EST000385,C0003987,E0003987,2024-11-08,13165.60,synthetic_preprocedure_estimate,14823.01,1657.41
EST000386,C0003989,E0003989,2024-10-17,5689.44,synthetic_preprocedure_estimate,6871.77,1182.33
EST000387,C0003991,E0003991,2025-11-05,7526.22,synthetic_preprocedure_estimate,10006.05,2479.83
EST000388,C0004018,E0004018,2025-04-03,10977.91,synthetic_preprocedure_estimate,11971.73,993.82
EST000389,C0004029,E0004029,2025-01-30,8264.15,synthetic_preprocedure_estimate,13713.56,5449.41
EST000390,C0004034,E0004034,2026-09-13,4935.74,synthetic_preprocedure_estimate,5062.73,126.99
EST000391,C0004045,E0004045,2026-05-14,13425.26,synthetic_preprocedure_estimate,15898.32,2473.06
EST000392,C0004054,E0004054,2024-12-29,5568.08,synthetic_preprocedure_estimate,6144.74,576.66
EST000393,C0004061,E0004061,2025-11-20,10972.47,synthetic_preprocedure_estimate,11031.91,59.44
EST000394,C0004063,E0004063,2026-01-05,2912.05,synthetic_preprocedure_estimate,3217.79,305.74
EST000395,C0004073,E0004073,2025-09-06,12622.34,synthetic_preprocedure_estimate,14701.12,2078.78
EST000396,C0004081,E0004081,2026-03-23,5950.61,synthetic_preprocedure_estimate,5981.12,30.51
EST000397,C0004088,E0004088,2026-08-31,13621.89,synthetic_preprocedure_estimate,14941.74,1319.85
EST000398,C0004116,E0004116,2026-06-26,9942.24,synthetic_preprocedure_estimate,10803.27,861.03
EST000399,C0004121,E0004121,2026-08-25,527.69,synthetic_preprocedure_estimate,690.75,163.06
EST000400,C0004127,E0004127,2025-11-17,14599.56,synthetic_preprocedure_estimate,13704.72,-894.84
EST000401,C0004135,E0004135,2025-11-14,25295.55,synthetic_preprocedure_estimate,23126.89,-2168.66
EST000402,C0004142,E0004142,2025-01-07,12726.33,synthetic_preprocedure_estimate,15711.77,2985.44
EST000403,C0004145,E0004145,2026-03-19,6491.89,synthetic_preprocedure_estimate,6148.94,-342.95
EST000404,C0004148,E0004148,2025-05-08,8075.91,synthetic_preprocedure_estimate,10453.91,2378.00
EST000405,C0004159,E0004159,2025-11-18,3166.77,synthetic_preprocedure_estimate,3238.06,71.29
EST000406,C0004164,E0004164,2026-04-01,13591.56,synthetic_preprocedure_estimate,12870.55,-721.01
EST000407,C0004175,E0004175,2025-11-26,11202.33,synthetic_preprocedure_estimate,11236.73,34.40
EST000408,C0004177,E0004177,2024-10-01,7205.44,synthetic_preprocedure_estimate,6797.63,-407.81
EST000409,C0004183,E0004183,2025-06-17,4255.47,synthetic_preprocedure_estimate,5242.00,986.53
EST000410,C0004191,E0004191,2025-05-15,6328.33,synthetic_preprocedure_estimate,6682.68,354.35
EST000411,C0004192,E0004192,2026-03-22,4495.68,synthetic_preprocedure_estimate,5116.66,620.98
EST000412,C0004234,E0004234,2025-10-03,4525.75,synthetic_preprocedure_estimate,4875.29,349.54
EST000413,C0004253,E0004253,2026-08-22,4570.01,synthetic_preprocedure_estimate,5853.79,1283.78
EST000414,C0004255,E0004255,2025-12-17,3664.83,synthetic_preprocedure_estimate,4583.82,918.99
EST000415,C0004258,E0004258,2024-11-28,4667.84,synthetic_preprocedure_estimate,5299.16,631.32
EST000416,C0004264,E0004264,2025-10-12,5385.33,synthetic_preprocedure_estimate,5973.34,588.01
EST000417,C0004281,E0004281,2025-02-27,13564.43,synthetic_preprocedure_estimate,15739.86,2175.43
EST000418,C0004293,E0004293,2025-09-17,3994.80,synthetic_preprocedure_estimate,4432.44,437.64
EST000419,C0004328,E0004328,2024-10-05,3129.82,synthetic_preprocedure_estimate,2962.56,-167.26
EST000420,C0004343,E0004343,2024-10-09,12934.54,synthetic_preprocedure_estimate,13053.57,119.03
EST000421,C0004361,E0004361,2025-03-18,4253.22,synthetic_preprocedure_estimate,4591.73,338.51
EST000422,C0004362,E0004362,2026-03-01,15359.45,synthetic_preprocedure_estimate,15755.41,395.96
EST000423,C0004387,E0004387,2026-01-22,11156.78,synthetic_preprocedure_estimate,11925.62,768.84
EST000424,C0004393,E0004393,2026-01-16,13318.94,synthetic_preprocedure_estimate,12489.39,-829.55
EST000425,C0004394,E0004394,2026-02-27,4702.94,synthetic_preprocedure_estimate,5757.18,1054.24
EST000426,C0004397,E0004397,2025-12-10,5878.95,synthetic_preprocedure_estimate,5963.53,84.58
EST000427,C0004406,E0004406,2026-09-15,2909.60,synthetic_preprocedure_estimate,3061.36,151.76
EST000428,C0004412,E0004412,2026-08-14,13362.87,synthetic_preprocedure_estimate,12529.09,-833.78
EST000429,C0004421,E0004421,2026-04-30,7043.76,synthetic_preprocedure_estimate,6562.55,-481.21
EST000430,C0004424,E0004424,2026-04-05,12659.78,synthetic_preprocedure_estimate,11990.74,-669.04
EST000431,C0004425,E0004425,2024-10-09,4843.44,synthetic_preprocedure_estimate,5498.09,654.65
EST000432,C0004450,E0004450,2025-06-16,10263.77,synthetic_preprocedure_estimate,10025.95,-237.82
EST000433,C0004457,E0004457,2025-01-03,5602.16,synthetic_preprocedure_estimate,5575.20,-26.96
EST000434,C0004459,E0004459,2025-09-25,856.16,synthetic_preprocedure_estimate,860.72,4.56
EST000435,C0004467,E0004467,2026-02-10,5190.91,synthetic_preprocedure_estimate,4741.32,-449.59
EST000436,C0004487,E0004487,2026-06-14,5492.97,synthetic_preprocedure_estimate,5006.90,-486.07
EST000437,C0004490,E0004490,2025-08-31,11731.59,synthetic_preprocedure_estimate,11572.06,-159.53
EST000438,C0004505,E0004505,2025-11-22,15314.32,synthetic_preprocedure_estimate,15328.46,14.14
EST000439,C0004519,E0004519,2026-09-12,5745.48,synthetic_preprocedure_estimate,6364.77,619.29
EST000440,C0004544,E0004544,2025-04-05,12723.90,synthetic_preprocedure_estimate,12758.31,34.41
EST000441,C0004569,E0004569,2025-07-19,4749.45,synthetic_preprocedure_estimate,5229.37,479.92
EST000442,C0004572,E0004572,2026-07-05,11999.75,synthetic_preprocedure_estimate,14710.34,2710.59
EST000443,C0004586,E0004586,2024-10-31,11961.67,synthetic_preprocedure_estimate,13089.37,1127.70
EST000444,C0004594,E0004594,2025-04-03,4090.77,synthetic_preprocedure_estimate,7978.12,3887.35
EST000445,C0004604,E0004604,2025-09-17,5903.82,synthetic_preprocedure_estimate,6746.55,842.73
EST000446,C0004613,E0004613,2026-03-29,4486.39,synthetic_preprocedure_estimate,5363.80,877.41
EST000447,C0004636,E0004636,2025-01-27,4188.08,synthetic_preprocedure_estimate,5299.45,1111.37
EST000448,C0004663,E0004663,2025-11-15,8503.32,synthetic_preprocedure_estimate,7883.52,-619.80
EST000449,C0004678,E0004678,2024-11-10,13227.49,synthetic_preprocedure_estimate,14607.58,1380.09
EST000450,C0004704,E0004704,2025-11-01,2834.96,synthetic_preprocedure_estimate,2786.70,-48.26
EST000451,C0004705,E0004705,2025-01-24,4007.88,synthetic_preprocedure_estimate,6040.24,2032.36
EST000452,C0004727,E0004727,2025-10-30,5045.83,synthetic_preprocedure_estimate,5195.65,149.82
EST000453,C0004730,E0004730,2026-01-31,4998.06,synthetic_preprocedure_estimate,5112.70,114.64
EST000454,C0004746,E0004746,2024-12-08,3334.39,synthetic_preprocedure_estimate,3747.12,412.73
EST000455,C0004747,E0004747,2026-03-30,11523.70,synthetic_preprocedure_estimate,11747.66,223.96
EST000456,C0004759,E0004759,2024-11-21,4695.30,synthetic_preprocedure_estimate,6024.38,1329.08
EST000457,C0004765,E0004765,2024-10-03,3521.19,synthetic_preprocedure_estimate,6681.19,3160.00
EST000458,C0004774,E0004774,2026-07-12,11448.16,synthetic_preprocedure_estimate,14323.98,2875.82
EST000459,C0004779,E0004779,2026-03-20,10637.49,synthetic_preprocedure_estimate,10139.79,-497.70
EST000460,C0004780,E0004780,2026-01-03,10124.22,synthetic_preprocedure_estimate,14927.83,4803.61
EST000461,C0004792,E0004792,2026-01-31,5467.11,synthetic_preprocedure_estimate,5241.60,-225.51
EST000462,C0004796,E0004796,2025-10-24,4844.11,synthetic_preprocedure_estimate,5950.05,1105.94
EST000463,C0004815,E0004815,2025-07-30,2600.43,synthetic_preprocedure_estimate,2792.07,191.64
EST000464,C0004835,E0004835,2026-05-13,5232.26,synthetic_preprocedure_estimate,6092.10,859.84
EST000465,C0004876,E0004876,2026-05-04,4903.54,synthetic_preprocedure_estimate,6418.40,1514.86
EST000466,C0004877,E0004877,2025-10-11,15434.64,synthetic_preprocedure_estimate,14820.50,-614.14
EST000467,C0004890,E0004890,2024-12-20,5017.11,synthetic_preprocedure_estimate,5192.82,175.71
EST000468,C0004893,E0004893,2026-03-06,13973.57,synthetic_preprocedure_estimate,13929.97,-43.60
EST000469,C0004896,E0004896,2024-12-02,4323.49,synthetic_preprocedure_estimate,4242.38,-81.11
EST000470,C0004897,E0004897,2025-04-10,8840.94,synthetic_preprocedure_estimate,12279.47,3438.53
EST000471,C0004898,E0004898,2025-11-16,29466.42,synthetic_preprocedure_estimate,33216.75,3750.33
EST000472,C0004903,E0004903,2025-09-22,437.46,synthetic_preprocedure_estimate,572.08,134.62
EST000473,C0004919,E0004919,2025-06-13,16184.63,synthetic_preprocedure_estimate,15712.03,-472.60
EST000474,C0004920,E0004920,2026-01-10,709.09,synthetic_preprocedure_estimate,778.00,68.91
EST000475,C0004933,E0004933,2025-02-28,12348.78,synthetic_preprocedure_estimate,14819.47,2470.69
EST000476,C0004942,E0004942,2026-03-14,5414.78,synthetic_preprocedure_estimate,7079.26,1664.48
EST000477,C0004953,E0004953,2024-10-20,6527.49,synthetic_preprocedure_estimate,6053.70,-473.79
EST000478,C0004968,E0004968,2025-04-07,2836.56,synthetic_preprocedure_estimate,3486.96,650.40
EST000479,C0004980,E0004980,2026-01-02,16006.09,synthetic_preprocedure_estimate,15168.63,-837.46
EST000480,C0004998,E0004998,2024-12-31,4709.63,synthetic_preprocedure_estimate,5426.86,717.23
EST000481,C0005011,E0005011,2025-02-25,4684.20,synthetic_preprocedure_estimate,4852.47,168.27
EST000482,C0005012,E0005012,2026-09-23,5517.59,synthetic_preprocedure_estimate,6034.60,517.01
EST000483,C0005016,E0005016,2026-08-20,5375.62,synthetic_preprocedure_estimate,5331.87,-43.75
EST000484,C0005022,E0005022,2025-04-30,8410.36,synthetic_preprocedure_estimate,10672.05,2261.69
EST000485,C0005049,E0005049,2026-01-10,9457.42,synthetic_preprocedure_estimate,9953.67,496.25
EST000486,C0005053,E0005053,2025-03-01,6592.98,synthetic_preprocedure_estimate,6266.31,-326.67
EST000487,C0005070,E0005070,2025-11-30,15553.93,synthetic_preprocedure_estimate,15173.35,-380.58
EST000488,C0005079,E0005079,2026-08-29,5500.75,synthetic_preprocedure_estimate,6592.73,1091.98
EST000489,C0005090,E0005090,2024-11-14,10643.17,synthetic_preprocedure_estimate,10826.61,183.44
EST000490,C0005127,E0005127,2024-10-26,3363.12,synthetic_preprocedure_estimate,6076.82,2713.70
EST000491,C0005139,E0005139,2025-07-08,6507.12,synthetic_preprocedure_estimate,6434.94,-72.18
EST000492,C0005140,E0005140,2025-04-17,6380.82,synthetic_preprocedure_estimate,7152.95,772.13
EST000493,C0005151,E0005151,2026-05-04,9873.54,synthetic_preprocedure_estimate,13030.19,3156.65
EST000494,C0005165,E0005165,2025-05-18,520.23,synthetic_preprocedure_estimate,638.30,118.07
EST000495,C0005190,E0005190,2026-07-15,5031.47,synthetic_preprocedure_estimate,5498.19,466.72
EST000496,C0005193,E0005193,2026-04-15,12309.38,synthetic_preprocedure_estimate,15134.55,2825.17
EST000497,C0005196,E0005196,2025-09-15,16402.53,synthetic_preprocedure_estimate,15711.19,-691.34
EST000498,C0005207,E0005207,2026-01-22,14747.04,synthetic_preprocedure_estimate,13547.85,-1199.19
EST000499,C0005208,E0005208,2025-08-12,4499.68,synthetic_preprocedure_estimate,5835.93,1336.25
EST000500,C0005211,E0005211,2025-05-23,4801.81,synthetic_preprocedure_estimate,4418.55,-383.26
EST000501,C0005213,E0005213,2026-06-29,4805.53,synthetic_preprocedure_estimate,5044.87,239.34
EST000502,C0005221,E0005221,2026-02-12,4913.76,synthetic_preprocedure_estimate,6388.56,1474.80
EST000503,C0005224,E0005224,2025-02-15,5119.42,synthetic_preprocedure_estimate,5966.79,847.37
EST000504,C0005241,E0005241,2025-10-31,2128.85,synthetic_preprocedure_estimate,2533.94,405.09
EST000505,C0005250,E0005250,2026-07-17,6522.00,synthetic_preprocedure_estimate,6721.17,199.17
EST000506,C0005257,E0005257,2024-10-22,11140.80,synthetic_preprocedure_estimate,15615.72,4474.92
EST000507,C0005282,E0005282,2026-01-07,5324.93,synthetic_preprocedure_estimate,5172.70,-152.23
EST000508,C0005297,E0005297,2026-01-29,15097.92,synthetic_preprocedure_estimate,15316.20,218.28
EST000509,C0005324,E0005324,2026-05-06,3488.68,synthetic_preprocedure_estimate,3314.88,-173.80
EST000510,C0005342,E0005342,2025-02-20,5514.93,synthetic_preprocedure_estimate,6840.50,1325.57
EST000511,C0005372,E0005372,2025-06-02,16665.28,synthetic_preprocedure_estimate,15728.99,-936.29
EST000512,C0005380,E0005380,2025-05-21,9161.04,synthetic_preprocedure_estimate,10439.58,1278.54
EST000513,C0005381,E0005381,2026-01-09,3487.86,synthetic_preprocedure_estimate,3307.48,-180.38
EST000514,C0005382,E0005382,2025-04-04,3685.01,synthetic_preprocedure_estimate,4683.56,998.55
EST000515,C0005398,E0005398,2025-10-31,12832.43,synthetic_preprocedure_estimate,13030.18,197.75
EST000516,C0005404,E0005404,2025-12-10,11370.97,synthetic_preprocedure_estimate,10817.27,-553.70
EST000517,C0005421,E0005421,2026-01-17,8502.27,synthetic_preprocedure_estimate,10741.86,2239.59
EST000518,C0005453,E0005453,2025-08-18,8356.30,synthetic_preprocedure_estimate,10080.01,1723.71
EST000519,C0005458,E0005458,2026-03-30,4752.72,synthetic_preprocedure_estimate,5345.07,592.35
EST000520,C0005464,E0005464,2026-08-08,12087.86,synthetic_preprocedure_estimate,12967.37,879.51
EST000521,C0005465,E0005465,2025-01-13,3720.27,synthetic_preprocedure_estimate,7312.61,3592.34
EST000522,C0005466,E0005466,2025-12-23,6595.25,synthetic_preprocedure_estimate,6095.36,-499.89
EST000523,C0005470,E0005470,2025-09-10,11052.07,synthetic_preprocedure_estimate,11037.06,-15.01
EST000524,C0005472,E0005472,2025-02-20,5545.41,synthetic_preprocedure_estimate,6264.90,719.49
EST000525,C0005475,E0005475,2024-12-18,4878.75,synthetic_preprocedure_estimate,5662.56,783.81
EST000526,C0005485,E0005485,2025-12-30,10664.94,synthetic_preprocedure_estimate,10952.61,287.67
EST000527,C0005486,E0005486,2024-10-01,4365.41,synthetic_preprocedure_estimate,4309.88,-55.53
EST000528,C0005550,E0005550,2026-07-10,3035.84,synthetic_preprocedure_estimate,3341.99,306.15
EST000529,C0005554,E0005554,2026-04-22,5688.10,synthetic_preprocedure_estimate,6671.59,983.49
EST000530,C0005560,E0005560,2026-09-12,14919.08,synthetic_preprocedure_estimate,14907.20,-11.88
EST000531,C0005566,E0005566,2026-05-06,6332.26,synthetic_preprocedure_estimate,6613.10,280.84
EST000532,C0005586,E0005586,2024-12-24,2707.16,synthetic_preprocedure_estimate,3370.05,662.89
EST000533,C0005612,E0005612,2025-03-02,13962.55,synthetic_preprocedure_estimate,14289.64,327.09
EST000534,C0005638,E0005638,2025-06-14,13067.10,synthetic_preprocedure_estimate,12131.81,-935.29
EST000535,C0005663,E0005663,2025-05-21,7025.28,synthetic_preprocedure_estimate,6545.36,-479.92
EST000536,C0005666,E0005666,2025-01-07,5288.23,synthetic_preprocedure_estimate,6166.35,878.12
EST000537,C0005667,E0005667,2026-01-22,2923.19,synthetic_preprocedure_estimate,2729.12,-194.07
EST000538,C0005693,E0005693,2025-09-03,4690.17,synthetic_preprocedure_estimate,6122.89,1432.72
EST000539,C0005700,E0005700,2026-07-06,574.80,synthetic_preprocedure_estimate,601.98,27.18
EST000540,C0005739,E0005739,2024-10-17,6107.30,synthetic_preprocedure_estimate,5612.99,-494.31
EST000541,C0005749,E0005749,2026-05-17,745.47,synthetic_preprocedure_estimate,766.11,20.64
EST000542,C0005750,E0005750,2025-09-20,12217.29,synthetic_preprocedure_estimate,11950.96,-266.33
EST000543,C0005771,E0005771,2024-11-09,10738.46,synthetic_preprocedure_estimate,12556.87,1818.41
EST000544,C0005792,E0005792,2026-08-23,4948.02,synthetic_preprocedure_estimate,6152.96,1204.94
EST000545,C0005806,E0005806,2024-11-28,13466.58,synthetic_preprocedure_estimate,12390.00,-1076.58
EST000546,C0005813,E0005813,2026-05-28,12863.97,synthetic_preprocedure_estimate,13263.44,399.47
EST000547,C0005825,E0005825,2025-01-06,3627.03,synthetic_preprocedure_estimate,4749.00,1121.97
EST000548,C0005826,E0005826,2024-10-19,5068.54,synthetic_preprocedure_estimate,6412.95,1344.41
EST000549,C0005827,E0005827,2025-11-05,6097.95,synthetic_preprocedure_estimate,6101.40,3.45
EST000550,C0005831,E0005831,2026-01-02,6074.63,synthetic_preprocedure_estimate,6610.76,536.13
EST000551,C0005833,E0005833,2025-07-27,10911.99,synthetic_preprocedure_estimate,12578.37,1666.38
EST000552,C0005838,E0005838,2026-08-01,4468.92,synthetic_preprocedure_estimate,4510.19,41.27
EST000553,C0005840,E0005840,2025-09-20,9927.89,synthetic_preprocedure_estimate,14711.34,4783.45
EST000554,C0005841,E0005841,2024-10-29,640.76,synthetic_preprocedure_estimate,679.98,39.22
EST000555,C0005844,E0005844,2024-10-11,6725.05,synthetic_preprocedure_estimate,6533.50,-191.55
EST000556,C0005852,E0005852,2025-11-17,5089.92,synthetic_preprocedure_estimate,6206.71,1116.79
EST000557,C0005864,E0005864,2024-10-19,4647.42,synthetic_preprocedure_estimate,6053.05,1405.63
EST000558,C0005877,E0005877,2025-01-13,13465.92,synthetic_preprocedure_estimate,14475.34,1009.42
EST000559,C0005881,E0005881,2026-04-19,4695.01,synthetic_preprocedure_estimate,5428.72,733.71
EST000560,C0005885,E0005885,2026-07-09,2879.07,synthetic_preprocedure_estimate,3810.76,931.69
EST000561,C0005905,E0005905,2026-05-06,14966.00,synthetic_preprocedure_estimate,15596.31,630.31
EST000562,C0005906,E0005906,2024-10-16,4882.79,synthetic_preprocedure_estimate,8530.69,3647.90
EST000563,C0005917,E0005917,2026-06-22,4733.00,synthetic_preprocedure_estimate,6228.51,1495.51
EST000564,C0005918,E0005918,2025-09-05,8920.95,synthetic_preprocedure_estimate,14192.85,5271.90
EST000565,C0005935,E0005935,2024-10-16,11641.58,synthetic_preprocedure_estimate,13587.25,1945.67
EST000566,C0005936,E0005936,2026-02-19,5977.59,synthetic_preprocedure_estimate,6923.01,945.42
EST000567,C0005941,E0005941,2026-02-27,2244.36,synthetic_preprocedure_estimate,2935.30,690.94
EST000568,C0005946,E0005946,2026-05-07,707.19,synthetic_preprocedure_estimate,779.23,72.04
EST000569,C0005949,E0005949,2026-05-10,7968.65,synthetic_preprocedure_estimate,7349.88,-618.77
EST000570,C0005954,E0005954,2026-04-25,7556.84,synthetic_preprocedure_estimate,7092.61,-464.23
EST000571,C0005963,E0005963,2024-11-22,9568.55,synthetic_preprocedure_estimate,11682.23,2113.68
EST000572,C0005968,E0005968,2024-12-24,3525.73,synthetic_preprocedure_estimate,4297.00,771.27
EST000573,C0005978,E0005978,2025-03-13,11246.68,synthetic_preprocedure_estimate,11076.07,-170.61
EST000574,C0005981,E0005981,2025-01-09,12764.86,synthetic_preprocedure_estimate,13257.35,492.49
EST000575,C0005982,E0005982,2026-07-09,11002.19,synthetic_preprocedure_estimate,14173.40,3171.21
EST000576,C0005983,E0005983,2026-08-29,519.32,synthetic_preprocedure_estimate,583.31,63.99
EST000577,C0005991,E0005991,2026-01-05,26019.35,synthetic_preprocedure_estimate,27981.63,1962.28
EST000578,C0006001,E0006001,2026-06-09,17417.91,synthetic_preprocedure_estimate,22881.78,5463.87
EST000579,C0006002,E0006002,2025-12-03,11321.80,synthetic_preprocedure_estimate,10539.51,-782.29
EST000580,C0006003,E0006003,2025-01-27,784.52,synthetic_preprocedure_estimate,820.14,35.62
EST000581,C0006012,E0006012,2026-01-27,9941.02,synthetic_preprocedure_estimate,11045.48,1104.46
EST000582,C0006051,E0006051,2024-10-01,8037.23,synthetic_preprocedure_estimate,12043.48,4006.25
EST000583,C0006058,E0006058,2024-11-24,4243.01,synthetic_preprocedure_estimate,5418.30,1175.29
EST000584,C0006068,E0006068,2025-07-06,11137.51,synthetic_preprocedure_estimate,14107.34,2969.83
EST000585,C0006080,E0006080,2026-04-05,5955.65,synthetic_preprocedure_estimate,6921.01,965.36
EST000586,C0006088,E0006088,2025-05-23,3079.51,synthetic_preprocedure_estimate,3347.68,268.17
EST000587,C0006106,E0006106,2026-02-20,5291.11,synthetic_preprocedure_estimate,6209.33,918.22
EST000588,C0006108,E0006108,2025-03-03,12965.35,synthetic_preprocedure_estimate,11827.88,-1137.47
EST000589,C0006113,E0006113,2025-08-14,3906.59,synthetic_preprocedure_estimate,4656.95,750.36
EST000590,C0006115,E0006115,2026-05-29,9753.23,synthetic_preprocedure_estimate,12918.44,3165.21
EST000591,C0006122,E0006122,2024-10-31,5920.87,synthetic_preprocedure_estimate,6890.98,970.11
EST000592,C0006125,E0006125,2025-09-23,11351.92,synthetic_preprocedure_estimate,11971.35,619.43
EST000593,C0006134,E0006134,2024-12-06,3892.14,synthetic_preprocedure_estimate,4791.20,899.06
EST000594,C0006155,E0006155,2025-10-08,5997.73,synthetic_preprocedure_estimate,6358.73,361.00
EST000595,C0006169,E0006169,2025-04-01,5462.56,synthetic_preprocedure_estimate,5619.05,156.49
EST000596,C0006189,E0006189,2026-07-04,4620.99,synthetic_preprocedure_estimate,5872.93,1251.94
EST000597,C0006207,E0006207,2025-05-04,770.12,synthetic_preprocedure_estimate,708.81,-61.31
EST000598,C0006228,E0006228,2026-01-14,12062.23,synthetic_preprocedure_estimate,11832.15,-230.08
EST000599,C0006234,E0006234,2025-09-30,5016.65,synthetic_preprocedure_estimate,5466.60,449.95
EST000600,C0006245,E0006245,2026-02-14,12433.01,synthetic_preprocedure_estimate,15496.20,3063.19
EST000601,C0006257,E0006257,2026-06-19,4533.47,synthetic_preprocedure_estimate,4282.72,-250.75
EST000602,C0006262,E0006262,2025-12-21,28028.39,synthetic_preprocedure_estimate,25995.86,-2032.53
EST000603,C0006276,E0006276,2025-01-18,11083.87,synthetic_preprocedure_estimate,19372.88,8289.01
EST000604,C0006278,E0006278,2025-03-03,11456.54,synthetic_preprocedure_estimate,11688.04,231.50
EST000605,C0006280,E0006280,2026-04-26,4779.69,synthetic_preprocedure_estimate,4903.57,123.88
EST000606,C0006284,E0006284,2025-09-16,12793.51,synthetic_preprocedure_estimate,13193.20,399.69
EST000607,C0006290,E0006290,2026-03-05,3410.23,synthetic_preprocedure_estimate,5303.54,1893.31
EST000608,C0006296,E0006296,2024-11-05,678.94,synthetic_preprocedure_estimate,687.63,8.69
EST000609,C0006308,E0006308,2024-11-12,3711.40,synthetic_preprocedure_estimate,4549.63,838.23
EST000610,C0006310,E0006310,2026-05-31,9928.04,synthetic_preprocedure_estimate,12252.89,2324.85
EST000611,C0006326,E0006326,2026-01-06,10078.48,synthetic_preprocedure_estimate,12136.61,2058.13
EST000612,C0006338,E0006338,2024-10-04,15431.53,synthetic_preprocedure_estimate,14274.66,-1156.87
EST000613,C0006347,E0006347,2026-04-03,10624.66,synthetic_preprocedure_estimate,12730.08,2105.42
EST000614,C0006381,E0006381,2026-05-01,12306.90,synthetic_preprocedure_estimate,15600.33,3293.43
EST000615,C0006387,E0006387,2025-05-02,4389.09,synthetic_preprocedure_estimate,5777.46,1388.37
EST000616,C0006413,E0006413,2025-11-17,5332.92,synthetic_preprocedure_estimate,5069.15,-263.77
EST000617,C0006417,E0006417,2026-06-01,5189.23,synthetic_preprocedure_estimate,5048.11,-141.12
EST000618,C0006420,E0006420,2024-12-17,5965.99,synthetic_preprocedure_estimate,5903.45,-62.54
EST000619,C0006435,E0006435,2025-06-23,3751.69,synthetic_preprocedure_estimate,4271.05,519.36
EST000620,C0006440,E0006440,2026-08-27,2144.28,synthetic_preprocedure_estimate,2619.44,475.16
EST000621,C0006447,E0006447,2025-11-05,5291.25,synthetic_preprocedure_estimate,5883.65,592.40
EST000622,C0006456,E0006456,2025-04-25,11901.37,synthetic_preprocedure_estimate,11103.16,-798.21
EST000623,C0006461,E0006461,2025-02-16,4871.67,synthetic_preprocedure_estimate,5798.04,926.37
EST000624,C0006466,E0006466,2024-12-10,6843.97,synthetic_preprocedure_estimate,6462.28,-381.69
EST000625,C0006475,E0006475,2025-10-14,5714.78,synthetic_preprocedure_estimate,8499.88,2785.10
EST000626,C0006479,E0006479,2024-11-10,13761.09,synthetic_preprocedure_estimate,14193.07,431.98
EST000627,C0006490,E0006490,2024-11-23,3717.72,synthetic_preprocedure_estimate,3399.56,-318.16
EST000628,C0006498,E0006498,2025-10-12,3806.95,synthetic_preprocedure_estimate,5006.62,1199.67
EST000629,C0006515,E0006515,2024-11-04,14276.88,synthetic_preprocedure_estimate,13591.46,-685.42
EST000630,C0006525,E0006525,2025-10-06,10749.84,synthetic_preprocedure_estimate,9946.84,-803.00
EST000631,C0006544,E0006544,2026-03-19,4635.28,synthetic_preprocedure_estimate,4337.55,-297.73
EST000632,C0006551,E0006551,2025-06-15,12707.62,synthetic_preprocedure_estimate,13987.04,1279.42
EST000633,C0006570,E0006570,2024-10-01,4804.46,synthetic_preprocedure_estimate,4735.73,-68.73
EST000634,C0006572,E0006572,2024-10-20,5513.57,synthetic_preprocedure_estimate,5833.31,319.74
EST000635,C0006579,E0006579,2025-07-19,8422.35,synthetic_preprocedure_estimate,13192.36,4770.01
EST000636,C0006583,E0006583,2025-06-23,3651.91,synthetic_preprocedure_estimate,5867.72,2215.81
EST000637,C0006585,E0006585,2025-05-09,6072.08,synthetic_preprocedure_estimate,6659.15,587.07
EST000638,C0006594,E0006594,2026-04-10,7776.63,synthetic_preprocedure_estimate,7087.44,-689.19
EST000639,C0006599,E0006599,2025-06-14,9456.10,synthetic_preprocedure_estimate,9828.42,372.32
EST000640,C0006614,E0006614,2025-08-09,3429.96,synthetic_preprocedure_estimate,6761.48,3331.52
EST000641,C0006615,E0006615,2024-12-09,13728.78,synthetic_preprocedure_estimate,14570.55,841.77
EST000642,C0006616,E0006616,2025-07-13,5672.08,synthetic_preprocedure_estimate,5515.31,-156.77
EST000643,C0006618,E0006618,2026-04-18,4819.65,synthetic_preprocedure_estimate,5901.15,1081.50
EST000644,C0006642,E0006642,2026-02-08,3659.76,synthetic_preprocedure_estimate,6432.59,2772.83
EST000645,C0006647,E0006647,2024-12-15,3607.92,synthetic_preprocedure_estimate,3419.06,-188.86
EST000646,C0006666,E0006666,2025-09-15,12389.73,synthetic_preprocedure_estimate,12232.02,-157.71
EST000647,C0006681,E0006681,2025-06-29,4646.40,synthetic_preprocedure_estimate,5166.71,520.31
EST000648,C0006683,E0006683,2025-01-26,11309.31,synthetic_preprocedure_estimate,10900.71,-408.60
EST000649,C0006716,E0006716,2026-01-12,6706.94,synthetic_preprocedure_estimate,6937.53,230.59
EST000650,C0006724,E0006724,2024-10-21,11140.89,synthetic_preprocedure_estimate,14598.86,3457.97
EST000651,C0006727,E0006727,2026-04-25,8339.60,synthetic_preprocedure_estimate,10224.11,1884.51
EST000652,C0006744,E0006744,2026-03-21,3731.50,synthetic_preprocedure_estimate,3620.87,-110.63
EST000653,C0006749,E0006749,2024-12-16,6617.92,synthetic_preprocedure_estimate,6240.26,-377.66
EST000654,C0006752,E0006752,2024-10-20,10679.52,synthetic_preprocedure_estimate,13553.89,2874.37
EST000655,C0006754,E0006754,2025-06-12,3475.53,synthetic_preprocedure_estimate,3987.76,512.23
EST000656,C0006766,E0006766,2026-07-14,5425.75,synthetic_preprocedure_estimate,6431.21,1005.46
EST000657,C0006781,E0006781,2025-11-22,4325.92,synthetic_preprocedure_estimate,4913.22,587.30
EST000658,C0006793,E0006793,2026-04-13,12087.56,synthetic_preprocedure_estimate,13184.03,1096.47
EST000659,C0006808,E0006808,2024-12-13,9937.06,synthetic_preprocedure_estimate,11714.70,1777.64
EST000660,C0006816,E0006816,2024-11-03,573.47,synthetic_preprocedure_estimate,647.19,73.72
EST000661,C0006825,E0006825,2026-09-08,4436.37,synthetic_preprocedure_estimate,5231.65,795.28
EST000662,C0006838,E0006838,2026-08-12,4261.62,synthetic_preprocedure_estimate,5163.04,901.42
EST000663,C0006841,E0006841,2026-02-17,4259.66,synthetic_preprocedure_estimate,4433.84,174.18
EST000664,C0006846,E0006846,2025-11-24,10387.42,synthetic_preprocedure_estimate,13062.92,2675.50
EST000665,C0006854,E0006854,2026-01-08,4491.85,synthetic_preprocedure_estimate,5029.07,537.22
EST000666,C0006857,E0006857,2025-03-23,4636.08,synthetic_preprocedure_estimate,5277.26,641.18
EST000667,C0006860,E0006860,2025-11-16,11729.36,synthetic_preprocedure_estimate,14370.27,2640.91
EST000668,C0006865,E0006865,2025-02-23,5999.35,synthetic_preprocedure_estimate,7085.13,1085.78
EST000669,C0006868,E0006868,2024-12-28,3437.72,synthetic_preprocedure_estimate,4579.91,1142.19
EST000670,C0006908,E0006908,2025-06-27,8776.21,synthetic_preprocedure_estimate,11226.96,2450.75
EST000671,C0006909,E0006909,2025-02-17,5955.01,synthetic_preprocedure_estimate,7204.27,1249.26
EST000672,C0006926,E0006926,2026-04-10,12250.81,synthetic_preprocedure_estimate,11439.96,-810.85
EST000673,C0006930,E0006930,2026-08-13,6393.35,synthetic_preprocedure_estimate,7363.97,970.62
EST000674,C0006967,E0006967,2024-12-09,4634.99,synthetic_preprocedure_estimate,4508.90,-126.09
EST000675,C0006970,E0006970,2025-03-17,4785.92,synthetic_preprocedure_estimate,4798.05,12.13
EST000676,C0006971,E0006971,2025-02-08,4504.18,synthetic_preprocedure_estimate,5267.96,763.78
EST000677,C0006977,E0006977,2026-08-11,22283.05,synthetic_preprocedure_estimate,26391.35,4108.30
EST000678,C0006979,E0006979,2026-08-30,12997.19,synthetic_preprocedure_estimate,15114.27,2117.08
EST000679,C0006997,E0006997,2026-02-03,736.35,synthetic_preprocedure_estimate,723.02,-13.33
EST000680,C0006998,E0006998,2025-05-28,9808.35,synthetic_preprocedure_estimate,11023.65,1215.30
EST000681,C0006999,E0006999,2026-07-08,10881.47,synthetic_preprocedure_estimate,12321.99,1440.52
EST000682,C0007000,E0007000,2025-11-20,471.41,synthetic_preprocedure_estimate,605.85,134.44
EST000683,C0007030,E0007030,2026-02-13,14174.65,synthetic_preprocedure_estimate,15349.17,1174.52
EST000684,C0007037,E0007037,2025-11-06,715.63,synthetic_preprocedure_estimate,740.94,25.31
EST000685,C0007086,E0007086,2024-11-25,6433.99,synthetic_preprocedure_estimate,5928.52,-505.47
EST000686,C0007088,E0007088,2026-06-06,11450.06,synthetic_preprocedure_estimate,13173.66,1723.60
EST000687,C0007093,E0007093,2026-05-17,745.24,synthetic_preprocedure_estimate,730.57,-14.67
EST000688,C0007099,E0007099,2026-02-22,18542.22,synthetic_preprocedure_estimate,22409.08,3866.86
EST000689,C0007103,E0007103,2025-12-08,550.37,synthetic_preprocedure_estimate,570.58,20.21
EST000690,C0007115,E0007115,2026-08-12,2667.90,synthetic_preprocedure_estimate,2592.24,-75.66
EST000691,C0007116,E0007116,2024-11-04,655.62,synthetic_preprocedure_estimate,832.92,177.30
EST000692,C0007122,E0007122,2025-09-20,8582.04,synthetic_preprocedure_estimate,10966.68,2384.64
EST000693,C0007133,E0007133,2026-06-28,10796.27,synthetic_preprocedure_estimate,13594.13,2797.86
EST000694,C0007145,E0007145,2025-10-20,1217.06,synthetic_preprocedure_estimate,1215.05,-2.01
EST000695,C0007155,E0007155,2024-10-01,9327.09,synthetic_preprocedure_estimate,10462.47,1135.38
EST000696,C0007161,E0007161,2026-05-24,6020.00,synthetic_preprocedure_estimate,6025.91,5.91
EST000697,C0007166,E0007166,2026-08-21,5747.58,synthetic_preprocedure_estimate,5849.28,101.70
EST000698,C0007184,E0007184,2026-08-17,2414.56,synthetic_preprocedure_estimate,3001.67,587.11
EST000699,C0007191,E0007191,2025-05-27,10957.57,synthetic_preprocedure_estimate,11385.38,427.81
EST000700,C0007201,E0007201,2026-03-15,13156.43,synthetic_preprocedure_estimate,14141.94,985.51
EST000701,C0007218,E0007218,2026-07-29,874.17,synthetic_preprocedure_estimate,837.23,-36.94
EST000702,C0007232,E0007232,2025-09-27,3221.65,synthetic_preprocedure_estimate,4006.89,785.24
EST000703,C0007250,E0007250,2024-11-14,13997.34,synthetic_preprocedure_estimate,13701.43,-295.91
EST000704,C0007251,E0007251,2025-01-13,4947.69,synthetic_preprocedure_estimate,6096.08,1148.39
EST000705,C0007254,E0007254,2025-01-27,5565.86,synthetic_preprocedure_estimate,6728.79,1162.93
EST000706,C0007258,E0007258,2025-11-25,5410.87,synthetic_preprocedure_estimate,6128.44,717.57
EST000707,C0007264,E0007264,2026-02-11,8704.84,synthetic_preprocedure_estimate,10767.71,2062.87
EST000708,C0007267,E0007267,2025-01-10,12552.46,synthetic_preprocedure_estimate,12654.15,101.69
EST000709,C0007268,E0007268,2026-04-13,4235.27,synthetic_preprocedure_estimate,4960.21,724.94
EST000710,C0007270,E0007270,2025-09-24,12228.52,synthetic_preprocedure_estimate,12353.59,125.07
EST000711,C0007273,E0007273,2026-01-17,4690.98,synthetic_preprocedure_estimate,4649.48,-41.50
EST000712,C0007292,E0007292,2025-09-24,9054.39,synthetic_preprocedure_estimate,10558.03,1503.64
EST000713,C0007302,E0007302,2026-04-23,13175.26,synthetic_preprocedure_estimate,12146.56,-1028.70
EST000714,C0007305,E0007305,2025-03-06,3230.93,synthetic_preprocedure_estimate,3142.44,-88.49
EST000715,C0007330,E0007330,2026-07-30,10763.83,synthetic_preprocedure_estimate,10033.33,-730.50
EST000716,C0007333,E0007333,2025-01-27,9607.12,synthetic_preprocedure_estimate,11209.87,1602.75
EST000717,C0007335,E0007335,2025-06-10,5013.85,synthetic_preprocedure_estimate,4595.62,-418.23
EST000718,C0007354,E0007354,2026-08-26,11418.16,synthetic_preprocedure_estimate,11429.37,11.21
EST000719,C0007355,E0007355,2026-02-24,28526.77,synthetic_preprocedure_estimate,30992.27,2465.50
EST000720,C0007362,E0007362,2025-02-03,3185.11,synthetic_preprocedure_estimate,2987.60,-197.51
EST000721,C0007386,E0007386,2025-06-20,6200.74,synthetic_preprocedure_estimate,6354.68,153.94
EST000722,C0007400,E0007400,2024-10-08,8628.90,synthetic_preprocedure_estimate,10500.87,1871.97
EST000723,C0007402,E0007402,2025-07-12,13510.79,synthetic_preprocedure_estimate,15215.30,1704.51
EST000724,C0007403,E0007403,2026-07-29,2844.90,synthetic_preprocedure_estimate,3116.14,271.24
EST000725,C0007405,E0007405,2025-06-28,6366.31,synthetic_preprocedure_estimate,6816.42,450.11
EST000726,C0007412,E0007412,2026-07-03,6728.63,synthetic_preprocedure_estimate,6732.67,4.04
EST000727,C0007418,E0007418,2024-11-23,585.42,synthetic_preprocedure_estimate,547.08,-38.34
EST000728,C0007421,E0007421,2024-10-23,16365.55,synthetic_preprocedure_estimate,15504.53,-861.02
EST000729,C0007433,E0007433,2026-08-30,11096.80,synthetic_preprocedure_estimate,14413.33,3316.53
EST000730,C0007447,E0007447,2024-11-18,5842.33,synthetic_preprocedure_estimate,6617.89,775.56
EST000731,C0007455,E0007455,2025-07-26,9654.27,synthetic_preprocedure_estimate,10439.08,784.81
EST000732,C0007459,E0007459,2025-03-23,539.60,synthetic_preprocedure_estimate,629.29,89.69
EST000733,C0007481,E0007481,2025-08-25,11706.11,synthetic_preprocedure_estimate,14261.63,2555.52
EST000734,C0007482,E0007482,2025-09-17,11100.84,synthetic_preprocedure_estimate,12820.79,1719.95
EST000735,C0007495,E0007495,2026-03-07,13756.44,synthetic_preprocedure_estimate,15291.23,1534.79
EST000736,C0007518,E0007518,2026-07-28,2690.55,synthetic_preprocedure_estimate,2654.53,-36.02
EST000737,C0007520,E0007520,2026-06-24,11688.56,synthetic_preprocedure_estimate,11163.31,-525.25
EST000738,C0007524,E0007524,2025-02-16,3991.74,synthetic_preprocedure_estimate,4181.25,189.51
EST000739,C0007532,E0007532,2025-05-19,10383.87,synthetic_preprocedure_estimate,11375.00,991.13
EST000740,C0007537,E0007537,2025-09-08,10831.34,synthetic_preprocedure_estimate,13607.92,2776.58
EST000741,C0007541,E0007541,2025-08-13,14816.36,synthetic_preprocedure_estimate,13671.18,-1145.18
EST000742,C0007548,E0007548,2026-01-28,5988.70,synthetic_preprocedure_estimate,5856.68,-132.02
EST000743,C0007560,E0007560,2026-05-10,14380.58,synthetic_preprocedure_estimate,14867.53,486.95
EST000744,C0007565,E0007565,2025-08-19,813.26,synthetic_preprocedure_estimate,753.81,-59.45
EST000745,C0007581,E0007581,2025-05-07,9879.79,synthetic_preprocedure_estimate,10270.91,391.12
EST000746,C0007600,E0007600,2026-07-22,16151.93,synthetic_preprocedure_estimate,14825.20,-1326.73
EST000747,C0007629,E0007629,2026-04-22,6424.63,synthetic_preprocedure_estimate,6415.07,-9.56
EST000748,C0007665,E0007665,2025-11-09,10554.58,synthetic_preprocedure_estimate,11796.53,1241.95
EST000749,C0007681,E0007681,2026-02-08,6621.61,synthetic_preprocedure_estimate,7752.88,1131.27
EST000750,C0007698,E0007698,2025-11-15,4783.49,synthetic_preprocedure_estimate,4793.06,9.57
EST000751,C0007701,E0007701,2025-02-15,13699.98,synthetic_preprocedure_estimate,15707.07,2007.09
EST000752,C0007723,E0007723,2025-02-12,5991.06,synthetic_preprocedure_estimate,5763.71,-227.35
EST000753,C0007747,E0007747,2026-09-10,15951.10,synthetic_preprocedure_estimate,15283.01,-668.09
EST000754,C0007759,E0007759,2025-08-21,11681.20,synthetic_preprocedure_estimate,10740.16,-941.04
EST000755,C0007768,E0007768,2026-07-01,3694.85,synthetic_preprocedure_estimate,4210.55,515.70
EST000756,C0007780,E0007780,2025-03-15,13612.28,synthetic_preprocedure_estimate,12836.53,-775.75
EST000757,C0007821,E0007821,2026-08-26,7158.12,synthetic_preprocedure_estimate,7407.79,249.67
EST000758,C0007823,E0007823,2025-02-17,3475.47,synthetic_preprocedure_estimate,4553.47,1078.00
EST000759,C0007834,E0007834,2024-10-23,12041.56,synthetic_preprocedure_estimate,11618.37,-423.19
EST000760,C0007841,E0007841,2025-10-24,912.30,synthetic_preprocedure_estimate,872.93,-39.37
EST000761,C0007843,E0007843,2025-01-01,11780.25,synthetic_preprocedure_estimate,12202.85,422.60
EST000762,C0007858,E0007858,2025-04-05,543.16,synthetic_preprocedure_estimate,673.31,130.15
EST000763,C0007859,E0007859,2026-05-17,4219.86,synthetic_preprocedure_estimate,3925.26,-294.60
EST000764,C0007867,E0007867,2026-08-24,8930.62,synthetic_preprocedure_estimate,11364.14,2433.52
EST000765,C0007875,E0007875,2026-01-29,5255.00,synthetic_preprocedure_estimate,6058.32,803.32
EST000766,C0007883,E0007883,2026-04-08,3960.87,synthetic_preprocedure_estimate,4202.27,241.40
EST000767,C0007913,E0007913,2024-11-25,10150.76,synthetic_preprocedure_estimate,16288.65,6137.89
EST000768,C0007943,E0007943,2026-09-19,6436.26,synthetic_preprocedure_estimate,7175.17,738.91
EST000769,C0007966,E0007966,2026-09-09,6967.03,synthetic_preprocedure_estimate,6904.44,-62.59
EST000770,C0007980,E0007980,2024-12-11,12005.69,synthetic_preprocedure_estimate,15676.72,3671.03
EST000771,C0007996,E0007996,2025-12-30,6924.40,synthetic_preprocedure_estimate,6637.99,-286.41
EST000772,C0007997,E0007997,2025-09-21,27945.72,synthetic_preprocedure_estimate,34811.11,6865.39
EST000773,C0008002,E0008002,2025-02-22,5644.83,synthetic_preprocedure_estimate,5796.09,151.26
EST000774,C0008029,E0008029,2026-07-12,3504.20,synthetic_preprocedure_estimate,4672.26,1168.06
EST000775,C0008033,E0008033,2024-11-18,12133.17,synthetic_preprocedure_estimate,12436.70,303.53
EST000776,C0008037,E0008037,2026-06-30,7335.35,synthetic_preprocedure_estimate,6792.57,-542.78
EST000777,C0008065,E0008065,2025-03-31,4453.93,synthetic_preprocedure_estimate,4731.99,278.06
EST000778,C0008082,E0008082,2025-12-14,8698.06,synthetic_preprocedure_estimate,10536.52,1838.46
EST000779,C0008087,E0008087,2025-04-11,12048.91,synthetic_preprocedure_estimate,14008.72,1959.81
EST000780,C0008117,E0008117,2025-10-21,8098.02,synthetic_preprocedure_estimate,7835.03,-262.99
EST000781,C0008130,E0008130,2025-06-24,12842.25,synthetic_preprocedure_estimate,14253.61,1411.36
EST000782,C0008133,E0008133,2024-10-23,14403.67,synthetic_preprocedure_estimate,14184.90,-218.77
EST000783,C0008141,E0008141,2024-12-09,5347.60,synthetic_preprocedure_estimate,6781.21,1433.61
EST000784,C0008144,E0008144,2024-10-01,10883.66,synthetic_preprocedure_estimate,11304.84,421.18
EST000785,C0008151,E0008151,2025-03-16,664.43,synthetic_preprocedure_estimate,614.52,-49.91
EST000786,C0008162,E0008162,2026-02-23,8464.94,synthetic_preprocedure_estimate,10030.18,1565.24
EST000787,C0008172,E0008172,2025-06-03,4682.20,synthetic_preprocedure_estimate,5395.72,713.52
EST000788,C0008173,E0008173,2025-10-03,5170.15,synthetic_preprocedure_estimate,5816.56,646.41
EST000789,C0008175,E0008175,2025-11-19,3090.69,synthetic_preprocedure_estimate,3403.23,312.54
EST000790,C0008188,E0008188,2025-12-26,8576.43,synthetic_preprocedure_estimate,10803.27,2226.84
EST000791,C0008210,E0008210,2024-10-08,6753.37,synthetic_preprocedure_estimate,6412.53,-340.84
EST000792,C0008216,E0008216,2025-10-11,7469.24,synthetic_preprocedure_estimate,7391.70,-77.54
EST000793,C0008220,E0008220,2025-07-06,10868.48,synthetic_preprocedure_estimate,12436.22,1567.74
EST000794,C0008226,E0008226,2026-03-21,12953.82,synthetic_preprocedure_estimate,13826.27,872.45
EST000795,C0008235,E0008235,2025-10-31,5231.92,synthetic_preprocedure_estimate,5272.17,40.25
EST000796,C0008238,E0008238,2024-10-01,4371.91,synthetic_preprocedure_estimate,6684.06,2312.15
EST000797,C0008245,E0008245,2024-10-01,4475.06,synthetic_preprocedure_estimate,5466.35,991.29
EST000798,C0008246,E0008246,2026-08-02,12427.62,synthetic_preprocedure_estimate,15695.84,3268.22
EST000799,C0008256,E0008256,2025-04-14,10878.22,synthetic_preprocedure_estimate,13314.95,2436.73
EST000800,C0008258,E0008258,2025-12-17,3855.36,synthetic_preprocedure_estimate,7648.04,3792.68
EST000801,C0008260,E0008260,2025-12-12,4162.06,synthetic_preprocedure_estimate,4589.79,427.73
EST000802,C0008272,E0008272,2025-07-14,3889.96,synthetic_preprocedure_estimate,4404.94,514.98
EST000803,C0008289,E0008289,2025-12-08,3917.63,synthetic_preprocedure_estimate,4551.39,633.76
EST000804,C0008307,E0008307,2026-06-08,5179.28,synthetic_preprocedure_estimate,6620.57,1441.29
EST000805,C0008328,E0008328,2025-03-12,8381.74,synthetic_preprocedure_estimate,10159.73,1777.99
EST000806,C0008332,E0008332,2025-12-30,13563.16,synthetic_preprocedure_estimate,12795.61,-767.55
EST000807,C0008333,E0008333,2026-09-02,5966.63,synthetic_preprocedure_estimate,5621.58,-345.05
EST000808,C0008339,E0008339,2025-01-15,8512.22,synthetic_preprocedure_estimate,10132.50,1620.28
EST000809,C0008343,E0008343,2024-10-20,12464.73,synthetic_preprocedure_estimate,11510.92,-953.81
EST000810,C0008373,E0008373,2025-06-04,14868.24,synthetic_preprocedure_estimate,15046.07,177.83
EST000811,C0008377,E0008377,2026-02-18,2144.23,synthetic_preprocedure_estimate,2665.89,521.66
EST000812,C0008433,E0008433,2026-04-04,15653.41,synthetic_preprocedure_estimate,15270.69,-382.72
EST000813,C0008438,E0008438,2025-12-09,10472.17,synthetic_preprocedure_estimate,11309.06,836.89
EST000814,C0008441,E0008441,2024-11-19,2107.01,synthetic_preprocedure_estimate,2551.72,444.71
EST000815,C0008442,E0008442,2025-11-19,3917.51,synthetic_preprocedure_estimate,4235.00,317.49
EST000816,C0008445,E0008445,2024-11-07,4135.90,synthetic_preprocedure_estimate,3788.87,-347.03
EST000817,C0008471,E0008471,2026-06-24,4326.30,synthetic_preprocedure_estimate,5169.38,843.08
EST000818,C0008472,E0008472,2026-09-03,2118.78,synthetic_preprocedure_estimate,2625.56,506.78
EST000819,C0008503,E0008503,2024-11-03,10096.07,synthetic_preprocedure_estimate,16322.06,6225.99
EST000820,C0008531,E0008531,2026-01-04,4940.21,synthetic_preprocedure_estimate,4856.41,-83.80
EST000821,C0008549,E0008549,2025-11-30,12915.75,synthetic_preprocedure_estimate,12876.24,-39.51
EST000822,C0008554,E0008554,2025-11-02,5282.75,synthetic_preprocedure_estimate,5319.53,36.78
EST000823,C0008565,E0008565,2026-04-04,12888.08,synthetic_preprocedure_estimate,13679.23,791.15
EST000824,C0008574,E0008574,2024-11-26,7121.75,synthetic_preprocedure_estimate,6541.12,-580.63
EST000825,C0008575,E0008575,2024-10-22,13446.84,synthetic_preprocedure_estimate,15255.95,1809.11
EST000826,C0008602,E0008602,2025-10-10,590.41,synthetic_preprocedure_estimate,747.93,157.52
EST000827,C0008634,E0008634,2025-02-25,5605.51,synthetic_preprocedure_estimate,6569.27,963.76
EST000828,C0008640,E0008640,2026-02-08,12211.22,synthetic_preprocedure_estimate,12571.69,360.47
EST000829,C0008652,E0008652,2026-01-30,3811.13,synthetic_preprocedure_estimate,4428.59,617.46
EST000830,C0008675,E0008675,2024-12-15,5049.29,synthetic_preprocedure_estimate,6267.06,1217.77
EST000831,C0008677,E0008677,2026-04-01,29410.72,synthetic_preprocedure_estimate,30918.13,1507.41
EST000832,C0008684,E0008684,2025-09-16,618.94,synthetic_preprocedure_estimate,804.78,185.84
EST000833,C0008688,E0008688,2026-09-24,4350.68,synthetic_preprocedure_estimate,4930.25,579.57
EST000834,C0008712,E0008712,2026-03-26,6400.39,synthetic_preprocedure_estimate,6473.87,73.48
EST000835,C0008714,E0008714,2026-02-03,16818.59,synthetic_preprocedure_estimate,15490.92,-1327.67
EST000836,C0008727,E0008727,2024-12-06,5828.20,synthetic_preprocedure_estimate,6502.80,674.60
EST000837,C0008732,E0008732,2025-07-24,13380.14,synthetic_preprocedure_estimate,14768.44,1388.30
EST000838,C0008746,E0008746,2026-07-18,6962.94,synthetic_preprocedure_estimate,6920.65,-42.29
EST000839,C0008756,E0008756,2025-05-15,10897.89,synthetic_preprocedure_estimate,11083.78,185.89
EST000840,C0008774,E0008774,2025-03-02,12701.69,synthetic_preprocedure_estimate,12058.22,-643.47
EST000841,C0008783,E0008783,2026-03-28,11861.95,synthetic_preprocedure_estimate,15468.08,3606.13
EST000842,C0008791,E0008791,2025-11-12,13687.72,synthetic_preprocedure_estimate,13307.34,-380.38
EST000843,C0008828,E0008828,2025-02-16,670.07,synthetic_preprocedure_estimate,807.36,137.29
EST000844,C0008867,E0008867,2026-03-14,12661.23,synthetic_preprocedure_estimate,13245.41,584.18
EST000845,C0008873,E0008873,2025-12-25,11277.59,synthetic_preprocedure_estimate,10536.79,-740.80
EST000846,C0008880,E0008880,2024-10-01,819.89,synthetic_preprocedure_estimate,885.56,65.67
EST000847,C0008892,E0008892,2025-04-17,2203.01,synthetic_preprocedure_estimate,2645.78,442.77
EST000848,C0008920,E0008920,2025-08-01,10490.01,synthetic_preprocedure_estimate,10649.55,159.54
EST000849,C0008931,E0008931,2026-05-15,5718.84,synthetic_preprocedure_estimate,5760.63,41.79
EST000850,C0008939,E0008939,2026-04-21,1926.03,synthetic_preprocedure_estimate,2563.36,637.33
EST000851,C0008943,E0008943,2025-11-07,11995.11,synthetic_preprocedure_estimate,12630.65,635.54
EST000852,C0008965,E0008965,2026-06-26,528.61,synthetic_preprocedure_estimate,567.70,39.09
EST000853,C0008975,E0008975,2025-07-04,16272.29,synthetic_preprocedure_estimate,15350.09,-922.20
EST000854,C0008978,E0008978,2025-07-20,4489.19,synthetic_preprocedure_estimate,4559.10,69.91
EST000855,C0008999,E0008999,2026-06-24,10474.44,synthetic_preprocedure_estimate,12156.37,1681.93
EST000856,C0009011,E0009011,2026-05-24,10648.99,synthetic_preprocedure_estimate,16174.36,5525.37
EST000857,C0009015,E0009015,2025-09-08,10163.51,synthetic_preprocedure_estimate,13162.67,2999.16
EST000858,C0009017,E0009017,2025-09-08,2909.46,synthetic_preprocedure_estimate,3761.60,852.14
EST000859,C0009030,E0009030,2024-10-27,6479.15,synthetic_preprocedure_estimate,6735.56,256.41
EST000860,C0009036,E0009036,2026-02-09,19413.18,synthetic_preprocedure_estimate,23385.30,3972.12
EST000861,C0009039,E0009039,2025-09-05,4326.46,synthetic_preprocedure_estimate,4962.75,636.29
EST000862,C0009060,E0009060,2025-12-10,11463.47,synthetic_preprocedure_estimate,12160.00,696.53
EST000863,C0009065,E0009065,2024-12-06,11456.11,synthetic_preprocedure_estimate,13402.03,1945.92
EST000864,C0009067,E0009067,2026-03-04,4584.37,synthetic_preprocedure_estimate,4964.37,380.00
EST000865,C0009070,E0009070,2026-09-15,15155.78,synthetic_preprocedure_estimate,15713.78,558.00
EST000866,C0009094,E0009094,2025-08-06,4888.63,synthetic_preprocedure_estimate,5635.88,747.25
EST000867,C0009152,E0009152,2025-10-02,2331.34,synthetic_preprocedure_estimate,2646.46,315.12
EST000868,C0009168,E0009168,2025-01-02,16197.89,synthetic_preprocedure_estimate,15798.78,-399.11
EST000869,C0009193,E0009193,2025-08-29,13688.38,synthetic_preprocedure_estimate,13127.28,-561.10
EST000870,C0009231,E0009231,2026-05-11,5751.56,synthetic_preprocedure_estimate,6180.94,429.38
EST000871,C0009244,E0009244,2026-04-09,10718.44,synthetic_preprocedure_estimate,13504.14,2785.70
EST000872,C0009251,E0009251,2026-01-20,4182.30,synthetic_preprocedure_estimate,5012.01,829.71
EST000873,C0009257,E0009257,2025-07-01,5054.49,synthetic_preprocedure_estimate,5414.05,359.56
EST000874,C0009262,E0009262,2026-07-17,23028.91,synthetic_preprocedure_estimate,26273.36,3244.45
EST000875,C0009293,E0009293,2025-11-29,609.51,synthetic_preprocedure_estimate,696.94,87.43
EST000876,C0009314,E0009314,2025-08-14,3642.43,synthetic_preprocedure_estimate,4346.18,703.75
EST000877,C0009331,E0009331,2025-06-13,8565.31,synthetic_preprocedure_estimate,9729.15,1163.84
EST000878,C0009337,E0009337,2026-02-12,13676.22,synthetic_preprocedure_estimate,14734.64,1058.42
EST000879,C0009345,E0009345,2025-09-25,5703.98,synthetic_preprocedure_estimate,6412.99,709.01
EST000880,C0009386,E0009386,2024-11-16,6572.40,synthetic_preprocedure_estimate,6017.83,-554.57
EST000881,C0009390,E0009390,2025-08-09,11577.53,synthetic_preprocedure_estimate,11377.16,-200.37
EST000882,C0009416,E0009416,2026-07-28,5893.98,synthetic_preprocedure_estimate,8476.52,2582.54
EST000883,C0009421,E0009421,2024-10-01,6357.21,synthetic_preprocedure_estimate,6217.64,-139.57
EST000884,C0009425,E0009425,2024-11-26,3717.64,synthetic_preprocedure_estimate,3869.79,152.15
EST000885,C0009428,E0009428,2025-03-31,12651.26,synthetic_preprocedure_estimate,14424.75,1773.49
EST000886,C0009449,E0009449,2024-11-16,12716.50,synthetic_preprocedure_estimate,12852.17,135.67
EST000887,C0009452,E0009452,2025-03-17,10578.43,synthetic_preprocedure_estimate,10584.78,6.35
EST000888,C0009465,E0009465,2025-09-08,11337.28,synthetic_preprocedure_estimate,11911.47,574.19
EST000889,C0009486,E0009486,2025-09-24,24526.74,synthetic_preprocedure_estimate,23917.10,-609.64
EST000890,C0009520,E0009520,2026-07-02,783.42,synthetic_preprocedure_estimate,774.71,-8.71
EST000891,C0009521,E0009521,2024-10-22,2570.87,synthetic_preprocedure_estimate,2922.80,351.93
EST000892,C0009522,E0009522,2025-07-06,4612.41,synthetic_preprocedure_estimate,5660.08,1047.67
EST000893,C0009523,E0009523,2025-10-25,11194.21,synthetic_preprocedure_estimate,11202.21,8.00
EST000894,C0009526,E0009526,2025-03-19,12130.68,synthetic_preprocedure_estimate,16901.06,4770.38
EST000895,C0009528,E0009528,2026-08-27,30107.01,synthetic_preprocedure_estimate,28619.93,-1487.08
EST000896,C0009532,E0009532,2026-06-22,9709.32,synthetic_preprocedure_estimate,12562.08,2852.76
EST000897,C0009548,E0009548,2026-05-25,15545.03,synthetic_preprocedure_estimate,15386.42,-158.61
EST000898,C0009559,E0009559,2024-11-05,6541.09,synthetic_preprocedure_estimate,6681.30,140.21
EST000899,C0009561,E0009561,2025-04-29,5685.10,synthetic_preprocedure_estimate,6476.80,791.70
EST000900,C0009573,E0009573,2025-01-24,12740.34,synthetic_preprocedure_estimate,18358.40,5618.06
EST000901,C0009575,E0009575,2025-09-07,7816.69,synthetic_preprocedure_estimate,15885.61,8068.92
EST000902,C0009588,E0009588,2025-07-14,5157.85,synthetic_preprocedure_estimate,6392.29,1234.44
EST000903,C0009599,E0009599,2026-08-26,6046.68,synthetic_preprocedure_estimate,5726.86,-319.82
EST000904,C0009627,E0009627,2025-03-25,10786.64,synthetic_preprocedure_estimate,12644.15,1857.51
EST000905,C0009629,E0009629,2026-08-11,5021.12,synthetic_preprocedure_estimate,5168.08,146.96
EST000906,C0009643,E0009643,2025-04-05,3207.13,synthetic_preprocedure_estimate,3821.60,614.47
EST000907,C0009666,E0009666,2025-03-21,3904.88,synthetic_preprocedure_estimate,5508.34,1603.46
EST000908,C0009678,E0009678,2026-02-03,25280.49,synthetic_preprocedure_estimate,24261.28,-1019.21
EST000909,C0009687,E0009687,2026-05-07,12430.08,synthetic_preprocedure_estimate,13949.43,1519.35
EST000910,C0009690,E0009690,2026-06-29,15691.89,synthetic_preprocedure_estimate,14459.94,-1231.95
EST000911,C0009720,E0009720,2024-12-13,13935.30,synthetic_preprocedure_estimate,13181.66,-753.64
EST000912,C0009726,E0009726,2025-05-23,15076.92,synthetic_preprocedure_estimate,13761.77,-1315.15
EST000913,C0009730,E0009730,2025-07-18,694.07,synthetic_preprocedure_estimate,855.29,161.22
EST000914,C0009748,E0009748,2025-03-22,804.65,synthetic_preprocedure_estimate,739.98,-64.67
EST000915,C0009755,E0009755,2025-08-05,4158.58,synthetic_preprocedure_estimate,5231.63,1073.05
EST000916,C0009764,E0009764,2024-11-25,2554.47,synthetic_preprocedure_estimate,2641.91,87.44
EST000917,C0009769,E0009769,2026-01-08,16767.63,synthetic_preprocedure_estimate,15543.00,-1224.63
EST000918,C0009784,E0009784,2025-03-10,4283.18,synthetic_preprocedure_estimate,5493.44,1210.26
EST000919,C0009792,E0009792,2026-06-06,11752.14,synthetic_preprocedure_estimate,12673.30,921.16
EST000920,C0009801,E0009801,2026-05-21,6605.85,synthetic_preprocedure_estimate,6750.13,144.28
EST000921,C0009805,E0009805,2024-10-01,13629.01,synthetic_preprocedure_estimate,13500.37,-128.64
EST000922,C0009833,E0009833,2025-07-03,4417.73,synthetic_preprocedure_estimate,5556.75,1139.02
EST000923,C0009834,E0009834,2026-06-04,11428.48,synthetic_preprocedure_estimate,12982.39,1553.91
EST000924,C0009835,E0009835,2025-04-16,4741.87,synthetic_preprocedure_estimate,7195.23,2453.36
EST000925,C0009838,E0009838,2025-01-12,6559.58,synthetic_preprocedure_estimate,6633.25,73.67
EST000926,C0009854,E0009854,2025-04-24,6201.54,synthetic_preprocedure_estimate,5942.93,-258.61
EST000927,C0009863,E0009863,2025-04-05,4683.67,synthetic_preprocedure_estimate,5104.79,421.12
EST000928,C0009904,E0009904,2025-09-07,13423.64,synthetic_preprocedure_estimate,14251.85,828.21
EST000929,C0009907,E0009907,2026-07-10,11713.61,synthetic_preprocedure_estimate,12434.06,720.45
EST000930,C0009914,E0009914,2026-08-26,5684.99,synthetic_preprocedure_estimate,6683.16,998.17
EST000931,C0009919,E0009919,2026-05-21,14434.02,synthetic_preprocedure_estimate,14305.74,-128.28
EST000932,C0009922,E0009922,2024-10-08,5130.29,synthetic_preprocedure_estimate,6687.61,1557.32
EST000933,C0009942,E0009942,2024-10-02,3157.60,synthetic_preprocedure_estimate,3226.93,69.33
EST000934,C0009945,E0009945,2024-11-14,3202.54,synthetic_preprocedure_estimate,3097.48,-105.06
EST000935,C0009951,E0009951,2026-03-04,2931.12,synthetic_preprocedure_estimate,3255.15,324.03
EST000936,C0009952,E0009952,2025-03-06,3776.82,synthetic_preprocedure_estimate,4976.90,1200.08
EST000937,C0010006,E0010006,2025-08-04,9852.06,synthetic_preprocedure_estimate,12096.63,2244.57
EST000938,C0010014,E0010014,2026-06-23,5668.19,synthetic_preprocedure_estimate,5448.82,-219.37
EST000939,C0010016,E0010016,2026-09-13,12665.02,synthetic_preprocedure_estimate,11870.78,-794.24
EST000940,C0010022,E0010022,2024-11-24,12365.30,synthetic_preprocedure_estimate,12646.48,281.18
EST000941,C0010030,E0010030,2026-09-26,15268.74,synthetic_preprocedure_estimate,14699.54,-569.20
EST000942,C0010095,E0010095,2025-06-22,4756.46,synthetic_preprocedure_estimate,5236.95,480.49
EST000943,C0010099,E0010099,2025-04-25,13615.62,synthetic_preprocedure_estimate,13853.59,237.97
EST000944,C0010113,E0010113,2025-03-05,5820.65,synthetic_preprocedure_estimate,5784.27,-36.38
EST000945,C0010123,E0010123,2026-08-28,8275.13,synthetic_preprocedure_estimate,14432.29,6157.16
EST000946,C0010125,E0010125,2024-12-22,662.58,synthetic_preprocedure_estimate,820.81,158.23
EST000947,C0010146,E0010146,2026-01-07,874.92,synthetic_preprocedure_estimate,873.21,-1.71
EST000948,C0010150,E0010150,2025-05-06,6176.18,synthetic_preprocedure_estimate,6909.75,733.57
EST000949,C0010153,E0010153,2025-06-05,5057.31,synthetic_preprocedure_estimate,4943.36,-113.95
EST000950,C0010158,E0010158,2026-04-11,6011.09,synthetic_preprocedure_estimate,7816.19,1805.10
EST000951,C0010170,E0010170,2026-02-07,4037.59,synthetic_preprocedure_estimate,4380.89,343.30
EST000952,C0010172,E0010172,2025-12-12,11799.65,synthetic_preprocedure_estimate,13242.00,1442.35
EST000953,C0010174,E0010174,2024-11-14,5369.58,synthetic_preprocedure_estimate,4975.78,-393.80
EST000954,C0010175,E0010175,2025-07-02,15494.76,synthetic_preprocedure_estimate,15018.73,-476.03
EST000955,C0010180,E0010180,2025-12-28,11117.69,synthetic_preprocedure_estimate,12663.76,1546.07
EST000956,C0010183,E0010183,2026-04-21,3150.32,synthetic_preprocedure_estimate,2929.03,-221.29
EST000957,C0010191,E0010191,2025-05-27,10008.60,synthetic_preprocedure_estimate,15532.73,5524.13
EST000958,C0010199,E0010199,2026-01-24,6963.93,synthetic_preprocedure_estimate,13068.73,6104.80
EST000959,C0010241,E0010241,2026-07-11,2891.39,synthetic_preprocedure_estimate,3163.72,272.33
EST000960,C0010242,E0010242,2026-01-29,3308.06,synthetic_preprocedure_estimate,4233.64,925.58
EST000961,C0010247,E0010247,2026-04-07,12545.37,synthetic_preprocedure_estimate,11609.25,-936.12
EST000962,C0010250,E0010250,2025-04-13,5023.17,synthetic_preprocedure_estimate,6073.55,1050.38
EST000963,C0010269,E0010269,2025-02-04,11251.99,synthetic_preprocedure_estimate,14906.43,3654.44
EST000964,C0010287,E0010287,2025-09-01,5687.40,synthetic_preprocedure_estimate,5536.05,-151.35
EST000965,C0010316,E0010316,2026-08-29,7336.54,synthetic_preprocedure_estimate,7144.81,-191.73
EST000966,C0010337,E0010337,2026-03-27,15806.46,synthetic_preprocedure_estimate,15097.30,-709.16
EST000967,C0010346,E0010346,2026-04-30,11705.69,synthetic_preprocedure_estimate,12647.22,941.53
EST000968,C0010353,E0010353,2025-05-18,14481.02,synthetic_preprocedure_estimate,15424.22,943.20
EST000969,C0010370,E0010370,2026-06-08,4608.81,synthetic_preprocedure_estimate,5343.06,734.25
EST000970,C0010385,E0010385,2026-07-04,4982.08,synthetic_preprocedure_estimate,5042.44,60.36
EST000971,C0010393,E0010393,2026-01-16,9518.66,synthetic_preprocedure_estimate,9606.72,88.06
EST000972,C0010415,E0010415,2026-03-19,5749.84,synthetic_preprocedure_estimate,5840.34,90.50
EST000973,C0010420,E0010420,2026-03-18,4565.74,synthetic_preprocedure_estimate,5851.07,1285.33
EST000974,C0010449,E0010449,2025-01-10,15284.41,synthetic_preprocedure_estimate,14126.40,-1158.01
EST000975,C0010460,E0010460,2025-01-16,4460.68,synthetic_preprocedure_estimate,5314.15,853.47
EST000976,C0010471,E0010471,2025-07-11,11759.91,synthetic_preprocedure_estimate,12680.80,920.89
EST000977,C0010502,E0010502,2025-03-02,2826.03,synthetic_preprocedure_estimate,2577.89,-248.14
EST000978,C0010512,E0010512,2024-10-07,6825.96,synthetic_preprocedure_estimate,6850.14,24.18
EST000979,C0010529,E0010529,2025-06-01,4380.94,synthetic_preprocedure_estimate,4478.51,97.57
EST000980,C0010531,E0010531,2025-02-24,5493.68,synthetic_preprocedure_estimate,6211.27,717.59
EST000981,C0010555,E0010555,2025-01-28,8362.63,synthetic_preprocedure_estimate,10887.25,2524.62
EST000982,C0010558,E0010558,2026-07-19,3139.84,synthetic_preprocedure_estimate,3953.20,813.36
EST000983,C0010564,E0010564,2025-04-04,6077.40,synthetic_preprocedure_estimate,8790.03,2712.63
EST000984,C0010580,E0010580,2024-10-25,4387.14,synthetic_preprocedure_estimate,5557.34,1170.20
EST000985,C0010584,E0010584,2025-07-31,6125.30,synthetic_preprocedure_estimate,6752.41,627.11
EST000986,C0010601,E0010601,2025-01-21,3899.63,synthetic_preprocedure_estimate,3800.13,-99.50
EST000987,C0010605,E0010605,2026-01-20,10457.12,synthetic_preprocedure_estimate,12062.81,1605.69
EST000988,C0010606,E0010606,2025-05-14,9976.52,synthetic_preprocedure_estimate,13044.55,3068.03
EST000989,C0010617,E0010617,2025-01-20,5018.09,synthetic_preprocedure_estimate,6021.47,1003.38
EST000990,C0010629,E0010629,2026-08-06,5238.94,synthetic_preprocedure_estimate,5687.38,448.44
EST000991,C0010637,E0010637,2025-01-31,11441.04,synthetic_preprocedure_estimate,14873.58,3432.54
EST000992,C0010640,E0010640,2025-08-28,15753.30,synthetic_preprocedure_estimate,14570.52,-1182.78
EST000993,C0010652,E0010652,2025-07-18,781.64,synthetic_preprocedure_estimate,803.02,21.38
EST000994,C0010660,E0010660,2026-08-22,8260.92,synthetic_preprocedure_estimate,10293.47,2032.55
EST000995,C0010680,E0010680,2025-10-17,12163.58,synthetic_preprocedure_estimate,15102.50,2938.92
EST000996,C0010683,E0010683,2025-03-10,672.15,synthetic_preprocedure_estimate,740.63,68.48
EST000997,C0010700,E0010700,2025-02-22,10025.33,synthetic_preprocedure_estimate,13309.32,3283.99
EST000998,C0010719,E0010719,2026-01-17,4855.04,synthetic_preprocedure_estimate,6421.12,1566.08
EST000999,C0010720,E0010720,2024-10-26,2297.83,synthetic_preprocedure_estimate,2704.03,406.20
EST001000,C0010728,E0010728,2026-01-30,6052.36,synthetic_preprocedure_estimate,5930.71,-121.65
EST001001,C0010741,E0010741,2026-03-24,14897.89,synthetic_preprocedure_estimate,13767.47,-1130.42
EST001002,C0010757,E0010757,2024-10-26,640.42,synthetic_preprocedure_estimate,685.67,45.25
EST001003,C0010758,E0010758,2026-06-24,13417.90,synthetic_preprocedure_estimate,12963.90,-454.00
EST001004,C0010761,E0010761,2026-02-04,13682.97,synthetic_preprocedure_estimate,13294.81,-388.16
EST001005,C0010777,E0010777,2026-06-26,4660.49,synthetic_preprocedure_estimate,5958.62,1298.13
EST001006,C0010778,E0010778,2025-05-22,3423.12,synthetic_preprocedure_estimate,3671.25,248.13
EST001007,C0010794,E0010794,2025-06-16,4829.40,synthetic_preprocedure_estimate,5727.49,898.09
EST001008,C0010802,E0010802,2024-10-01,15361.07,synthetic_preprocedure_estimate,14947.26,-413.81
EST001009,C0010807,E0010807,2024-12-24,626.67,synthetic_preprocedure_estimate,603.28,-23.39
EST001010,C0010822,E0010822,2026-01-24,5344.71,synthetic_preprocedure_estimate,6223.81,879.10
EST001011,C0010875,E0010875,2026-01-20,4735.59,synthetic_preprocedure_estimate,5247.91,512.32
EST001012,C0010884,E0010884,2026-07-19,5826.77,synthetic_preprocedure_estimate,6565.71,738.94
EST001013,C0010890,E0010890,2025-02-05,10832.86,synthetic_preprocedure_estimate,10431.69,-401.17
EST001014,C0010898,E0010898,2024-10-26,8828.15,synthetic_preprocedure_estimate,10234.15,1406.00
EST001015,C0010908,E0010908,2026-07-16,2525.00,synthetic_preprocedure_estimate,2690.90,165.90
EST001016,C0010910,E0010910,2026-07-21,11402.93,synthetic_preprocedure_estimate,11306.11,-96.82
EST001017,C0010924,E0010924,2025-03-24,15852.40,synthetic_preprocedure_estimate,15011.96,-840.44
EST001018,C0010939,E0010939,2025-07-29,14234.16,synthetic_preprocedure_estimate,14882.51,648.35
EST001019,C0010963,E0010963,2025-12-22,4341.03,synthetic_preprocedure_estimate,5023.24,682.21
EST001020,C0010965,E0010965,2025-03-29,12477.47,synthetic_preprocedure_estimate,15540.61,3063.14
EST001021,C0010983,E0010983,2026-04-14,3894.54,synthetic_preprocedure_estimate,5016.05,1121.51
EST001022,C0011004,E0011004,2026-04-12,5857.19,synthetic_preprocedure_estimate,6074.80,217.61
EST001023,C0011013,E0011013,2025-02-17,11220.03,synthetic_preprocedure_estimate,12765.73,1545.70
EST001024,C0011031,E0011031,2025-01-12,5302.24,synthetic_preprocedure_estimate,6035.28,733.04
EST001025,C0011032,E0011032,2025-08-02,15657.46,synthetic_preprocedure_estimate,15874.48,217.02
EST001026,C0011049,E0011049,2025-08-26,4045.99,synthetic_preprocedure_estimate,5340.87,1294.88
EST001027,C0011055,E0011055,2025-04-10,8272.60,synthetic_preprocedure_estimate,10925.67,2653.07
EST001028,C0011073,E0011073,2024-10-01,4076.83,synthetic_preprocedure_estimate,4769.41,692.58
EST001029,C0011076,E0011076,2026-03-02,5508.97,synthetic_preprocedure_estimate,5094.81,-414.16
EST001030,C0011091,E0011091,2025-11-05,5570.58,synthetic_preprocedure_estimate,6414.08,843.50
EST001031,C0011101,E0011101,2026-09-06,6238.22,synthetic_preprocedure_estimate,6810.72,572.50
EST001032,C0011103,E0011103,2026-08-15,10746.52,synthetic_preprocedure_estimate,14150.68,3404.16
EST001033,C0011110,E0011110,2026-08-23,4039.76,synthetic_preprocedure_estimate,4488.76,449.00
EST001034,C0011117,E0011117,2026-04-28,16024.29,synthetic_preprocedure_estimate,15610.79,-413.50
EST001035,C0011146,E0011146,2025-10-21,4527.83,synthetic_preprocedure_estimate,4582.87,55.04
EST001036,C0011149,E0011149,2024-12-15,17154.43,synthetic_preprocedure_estimate,15860.64,-1293.79
EST001037,C0011177,E0011177,2026-07-11,4630.86,synthetic_preprocedure_estimate,5862.29,1231.43
EST001038,C0011188,E0011188,2024-10-02,12576.74,synthetic_preprocedure_estimate,14068.94,1492.20
EST001039,C0011195,E0011195,2026-09-23,4502.99,synthetic_preprocedure_estimate,5179.27,676.28
EST001040,C0011217,E0011217,2025-08-19,3686.78,synthetic_preprocedure_estimate,4733.02,1046.24
EST001041,C0011223,E0011223,2025-03-15,10612.48,synthetic_preprocedure_estimate,12452.50,1840.02
EST001042,C0011232,E0011232,2025-08-22,5472.63,synthetic_preprocedure_estimate,5768.70,296.07
EST001043,C0011237,E0011237,2025-09-18,4638.77,synthetic_preprocedure_estimate,4735.92,97.15
EST001044,C0011250,E0011250,2026-01-19,4558.88,synthetic_preprocedure_estimate,4546.52,-12.36
EST001045,C0011257,E0011257,2026-03-04,5256.04,synthetic_preprocedure_estimate,4845.95,-410.09
EST001046,C0011270,E0011270,2026-06-10,12775.03,synthetic_preprocedure_estimate,13640.45,865.42
EST001047,C0011277,E0011277,2025-03-01,6655.15,synthetic_preprocedure_estimate,7081.98,426.83
EST001048,C0011287,E0011287,2025-03-03,4848.90,synthetic_preprocedure_estimate,5058.55,209.65
EST001049,C0011294,E0011294,2025-08-15,5091.19,synthetic_preprocedure_estimate,5332.69,241.50
EST001050,C0011313,E0011313,2025-01-08,12704.98,synthetic_preprocedure_estimate,12254.55,-450.43
EST001051,C0011317,E0011317,2024-11-07,3325.74,synthetic_preprocedure_estimate,3608.10,282.36
EST001052,C0011341,E0011341,2024-10-29,608.99,synthetic_preprocedure_estimate,615.40,6.41
EST001053,C0011343,E0011343,2026-04-26,6049.31,synthetic_preprocedure_estimate,5840.31,-209.00
EST001054,C0011348,E0011348,2025-02-22,5108.28,synthetic_preprocedure_estimate,5358.46,250.18
EST001055,C0011351,E0011351,2025-07-25,10647.11,synthetic_preprocedure_estimate,18800.60,8153.49
EST001056,C0011356,E0011356,2026-08-15,16901.61,synthetic_preprocedure_estimate,15952.69,-948.92
EST001057,C0011365,E0011365,2025-08-17,11384.96,synthetic_preprocedure_estimate,10591.87,-793.09
EST001058,C0011368,E0011368,2026-05-06,4743.30,synthetic_preprocedure_estimate,4674.91,-68.39
EST001059,C0011439,E0011439,2025-12-26,13616.44,synthetic_preprocedure_estimate,15644.17,2027.73
EST001060,C0011455,E0011455,2025-06-14,12575.83,synthetic_preprocedure_estimate,13459.13,883.30
EST001061,C0011459,E0011459,2025-03-24,10493.36,synthetic_preprocedure_estimate,12198.25,1704.89
EST001062,C0011476,E0011476,2024-12-23,4737.10,synthetic_preprocedure_estimate,5283.13,546.03
EST001063,C0011481,E0011481,2025-11-04,32589.87,synthetic_preprocedure_estimate,30977.28,-1612.59
EST001064,C0011487,E0011487,2025-10-17,6473.65,synthetic_preprocedure_estimate,5952.71,-520.94
EST001065,C0011504,E0011504,2026-06-02,13713.83,synthetic_preprocedure_estimate,15607.06,1893.23
EST001066,C0011530,E0011530,2025-03-21,488.30,synthetic_preprocedure_estimate,577.83,89.53
EST001067,C0011540,E0011540,2026-06-06,4671.73,synthetic_preprocedure_estimate,5992.69,1320.96
EST001068,C0011550,E0011550,2025-09-01,4140.76,synthetic_preprocedure_estimate,5375.71,1234.95
EST001069,C0011566,E0011566,2025-09-20,15727.91,synthetic_preprocedure_estimate,15096.55,-631.36
EST001070,C0011577,E0011577,2026-08-13,8943.15,synthetic_preprocedure_estimate,10706.17,1763.02
EST001071,C0011584,E0011584,2025-01-29,9846.01,synthetic_preprocedure_estimate,10224.68,378.67
EST001072,C0011588,E0011588,2026-01-30,3752.10,synthetic_preprocedure_estimate,4977.23,1225.13
EST001073,C0011616,E0011616,2025-01-21,12156.42,synthetic_preprocedure_estimate,12351.30,194.88
EST001074,C0011623,E0011623,2025-01-03,11116.38,synthetic_preprocedure_estimate,10236.44,-879.94
EST001075,C0011635,E0011635,2025-03-29,13162.39,synthetic_preprocedure_estimate,14582.13,1419.74
EST001076,C0011638,E0011638,2026-02-17,4753.57,synthetic_preprocedure_estimate,4861.50,107.93
EST001077,C0011647,E0011647,2025-04-30,4546.30,synthetic_preprocedure_estimate,5931.05,1384.75
EST001078,C0011670,E0011670,2026-03-10,5223.99,synthetic_preprocedure_estimate,5879.68,655.69
EST001079,C0011674,E0011674,2025-07-29,6839.06,synthetic_preprocedure_estimate,6932.11,93.05
EST001080,C0011680,E0011680,2026-03-26,5185.09,synthetic_preprocedure_estimate,5616.61,431.52
EST001081,C0011687,E0011687,2025-08-26,7676.37,synthetic_preprocedure_estimate,10062.73,2386.36
EST001082,C0011691,E0011691,2025-12-12,11443.71,synthetic_preprocedure_estimate,14038.51,2594.80
EST001083,C0011700,E0011700,2025-11-26,8568.54,synthetic_preprocedure_estimate,10927.39,2358.85
EST001084,C0011722,E0011722,2025-11-27,9702.09,synthetic_preprocedure_estimate,10619.93,917.84
EST001085,C0011725,E0011725,2025-10-24,2995.96,synthetic_preprocedure_estimate,3345.07,349.11
EST001086,C0011729,E0011729,2026-05-16,6116.34,synthetic_preprocedure_estimate,7001.94,885.60
EST001087,C0011743,E0011743,2024-10-01,13490.71,synthetic_preprocedure_estimate,12662.28,-828.43
EST001088,C0011758,E0011758,2026-06-04,726.26,synthetic_preprocedure_estimate,752.57,26.31
EST001089,C0011767,E0011767,2026-05-31,5140.87,synthetic_preprocedure_estimate,5436.15,295.28
EST001090,C0011770,E0011770,2025-09-26,27180.77,synthetic_preprocedure_estimate,28995.31,1814.54
EST001091,C0011787,E0011787,2026-06-29,3513.87,synthetic_preprocedure_estimate,4457.26,943.39
EST001092,C0011790,E0011790,2024-11-24,15157.72,synthetic_preprocedure_estimate,16053.05,895.33
EST001093,C0011795,E0011795,2025-08-12,4304.46,synthetic_preprocedure_estimate,4566.09,261.63
EST001094,C0011817,E0011817,2026-06-11,9898.31,synthetic_preprocedure_estimate,10163.83,265.52
EST001095,C0011828,E0011828,2025-01-20,11291.84,synthetic_preprocedure_estimate,11484.80,192.96
EST001096,C0011832,E0011832,2026-03-29,10929.43,synthetic_preprocedure_estimate,13733.04,2803.61
EST001097,C0011845,E0011845,2024-10-03,4325.67,synthetic_preprocedure_estimate,5470.47,1144.80
EST001098,C0011846,E0011846,2025-11-05,4882.10,synthetic_preprocedure_estimate,5286.48,404.38
EST001099,C0011850,E0011850,2025-10-05,4228.37,synthetic_preprocedure_estimate,6198.54,1970.17
EST001100,C0011859,E0011859,2024-12-10,4868.67,synthetic_preprocedure_estimate,5750.34,881.67
EST001101,C0011873,E0011873,2025-09-01,9029.22,synthetic_preprocedure_estimate,11896.91,2867.69
EST001102,C0011881,E0011881,2025-04-28,3114.31,synthetic_preprocedure_estimate,5842.56,2728.25
EST001103,C0011907,E0011907,2026-09-20,9630.65,synthetic_preprocedure_estimate,10219.24,588.59
EST001104,C0011911,E0011911,2024-11-14,3470.72,synthetic_preprocedure_estimate,3594.27,123.55
EST001105,C0011918,E0011918,2026-09-28,5196.33,synthetic_preprocedure_estimate,6592.73,1396.40
EST001106,C0011936,E0011936,2026-06-23,3001.61,synthetic_preprocedure_estimate,3457.67,456.06
EST001107,C0011939,E0011939,2026-01-20,5519.06,synthetic_preprocedure_estimate,6014.10,495.04
EST001108,C0011967,E0011967,2025-03-19,5497.69,synthetic_preprocedure_estimate,5808.80,311.11
EST001109,C0011970,E0011970,2025-07-01,4308.53,synthetic_preprocedure_estimate,5593.18,1284.65
EST001110,C0011973,E0011973,2026-01-23,12678.65,synthetic_preprocedure_estimate,14043.77,1365.12
EST001111,C0012004,E0012004,2025-11-23,9513.33,synthetic_preprocedure_estimate,11627.35,2114.02
EST001112,C0012009,E0012009,2024-11-04,12516.57,synthetic_preprocedure_estimate,15622.42,3105.85
EST001113,C0012011,E0012011,2026-03-01,14418.73,synthetic_preprocedure_estimate,13996.37,-422.36
EST001114,C0012018,E0012018,2026-05-31,5231.65,synthetic_preprocedure_estimate,6245.20,1013.55
EST001115,C0012027,E0012027,2024-11-28,5392.71,synthetic_preprocedure_estimate,5125.34,-267.37
EST001116,C0012028,E0012028,2025-10-12,3292.89,synthetic_preprocedure_estimate,4201.62,908.73
EST001117,C0012031,E0012031,2024-11-29,11684.80,synthetic_preprocedure_estimate,13572.14,1887.34
EST001118,C0012033,E0012033,2026-06-17,5040.31,synthetic_preprocedure_estimate,5428.92,388.61
EST001119,C0012034,E0012034,2025-08-17,5772.55,synthetic_preprocedure_estimate,6281.17,508.62
EST001120,C0012065,E0012065,2026-05-05,6709.58,synthetic_preprocedure_estimate,6668.41,-41.17
EST001121,C0012069,E0012069,2024-10-04,3186.92,synthetic_preprocedure_estimate,3103.66,-83.26
EST001122,C0012075,E0012075,2024-12-20,5648.70,synthetic_preprocedure_estimate,6277.10,628.40
EST001123,C0012082,E0012082,2026-03-16,589.24,synthetic_preprocedure_estimate,744.69,155.45
EST001124,C0012084,E0012084,2025-01-31,4878.72,synthetic_preprocedure_estimate,5852.97,974.25
EST001125,C0012099,E0012099,2026-04-28,5873.66,synthetic_preprocedure_estimate,5906.56,32.90
EST001126,C0012111,E0012111,2025-08-19,4995.73,synthetic_preprocedure_estimate,7262.22,2266.49
EST001127,C0012117,E0012117,2025-12-03,539.11,synthetic_preprocedure_estimate,696.05,156.94
EST001128,C0012126,E0012126,2025-08-21,3824.23,synthetic_preprocedure_estimate,4600.20,775.97
EST001129,C0012137,E0012137,2024-11-11,5017.69,synthetic_preprocedure_estimate,7261.96,2244.27
EST001130,C0012139,E0012139,2026-01-26,844.91,synthetic_preprocedure_estimate,804.57,-40.34
EST001131,C0012162,E0012162,2026-09-17,11761.92,synthetic_preprocedure_estimate,12958.82,1196.90
EST001132,C0012165,E0012165,2024-12-03,2831.43,synthetic_preprocedure_estimate,3371.18,539.75
EST001133,C0012190,E0012190,2025-10-23,11526.84,synthetic_preprocedure_estimate,11321.52,-205.32
EST001134,C0012193,E0012193,2024-11-11,7049.29,synthetic_preprocedure_estimate,6976.07,-73.22
EST001135,C0012200,E0012200,2025-04-18,9057.25,synthetic_preprocedure_estimate,16862.83,7805.58
EST001136,C0012228,E0012228,2025-11-21,15603.27,synthetic_preprocedure_estimate,15146.06,-457.21
EST001137,C0012230,E0012230,2025-03-18,9978.15,synthetic_preprocedure_estimate,10625.92,647.77
EST001138,C0012232,E0012232,2024-10-15,3118.75,synthetic_preprocedure_estimate,2842.90,-275.85
EST001139,C0012264,E0012264,2026-04-05,31898.91,synthetic_preprocedure_estimate,33908.45,2009.54
EST001140,C0012268,E0012268,2024-10-01,3066.87,synthetic_preprocedure_estimate,2943.68,-123.19
EST001141,C0012292,E0012292,2025-11-14,5777.97,synthetic_preprocedure_estimate,9901.15,4123.18
EST001142,C0012319,E0012319,2026-04-22,5939.82,synthetic_preprocedure_estimate,8674.16,2734.34
EST001143,C0012321,E0012321,2025-03-04,11918.05,synthetic_preprocedure_estimate,11076.42,-841.63
EST001144,C0012325,E0012325,2026-03-13,5743.63,synthetic_preprocedure_estimate,6791.83,1048.20
EST001145,C0012348,E0012348,2024-10-01,3379.84,synthetic_preprocedure_estimate,4325.95,946.11
EST001146,C0012368,E0012368,2024-12-22,4144.13,synthetic_preprocedure_estimate,4017.50,-126.63
EST001147,C0012374,E0012374,2025-04-18,9015.40,synthetic_preprocedure_estimate,12640.65,3625.25
EST001148,C0012386,E0012386,2026-03-10,5765.96,synthetic_preprocedure_estimate,9442.58,3676.62
EST001149,C0012396,E0012396,2026-01-02,4839.08,synthetic_preprocedure_estimate,6408.13,1569.05
EST001150,C0012417,E0012417,2026-02-22,10926.66,synthetic_preprocedure_estimate,14092.00,3165.34
EST001151,C0012458,E0012458,2024-12-17,5496.69,synthetic_preprocedure_estimate,5838.36,341.67
EST001152,C0012467,E0012467,2026-03-12,677.95,synthetic_preprocedure_estimate,776.51,98.56
EST001153,C0012471,E0012471,2025-03-18,3230.87,synthetic_preprocedure_estimate,3600.15,369.28
EST001154,C0012476,E0012476,2026-02-02,4238.24,synthetic_preprocedure_estimate,4891.92,653.68
EST001155,C0012484,E0012484,2026-04-12,12776.98,synthetic_preprocedure_estimate,12144.46,-632.52
EST001156,C0012487,E0012487,2025-08-11,4845.70,synthetic_preprocedure_estimate,5489.26,643.56
EST001157,C0012499,E0012499,2026-02-09,15975.40,synthetic_preprocedure_estimate,15921.16,-54.24
EST001158,C0012507,E0012507,2025-03-15,601.54,synthetic_preprocedure_estimate,628.34,26.80
EST001159,C0012515,E0012515,2025-05-06,727.41,synthetic_preprocedure_estimate,817.17,89.76
EST001160,C0012521,E0012521,2025-10-25,6136.36,synthetic_preprocedure_estimate,8853.17,2716.81
EST001161,C0012542,E0012542,2025-01-27,12053.73,synthetic_preprocedure_estimate,11707.84,-345.89
EST001162,C0012545,E0012545,2025-09-26,12112.62,synthetic_preprocedure_estimate,11188.79,-923.83
EST001163,C0012567,E0012567,2025-08-27,13327.48,synthetic_preprocedure_estimate,12603.56,-723.92
EST001164,C0012570,E0012570,2026-04-11,4700.13,synthetic_preprocedure_estimate,4866.04,165.91
EST001165,C0012583,E0012583,2024-11-20,678.51,synthetic_preprocedure_estimate,664.59,-13.92
EST001166,C0012596,E0012596,2024-12-17,14043.98,synthetic_preprocedure_estimate,13244.20,-799.78
EST001167,C0012598,E0012598,2026-05-15,800.43,synthetic_preprocedure_estimate,783.46,-16.97
EST001168,C0012602,E0012602,2025-08-04,8925.39,synthetic_preprocedure_estimate,11541.31,2615.92
EST001169,C0012605,E0012605,2025-02-24,11426.05,synthetic_preprocedure_estimate,11469.44,43.39
EST001170,C0012606,E0012606,2025-01-31,7286.38,synthetic_preprocedure_estimate,6776.25,-510.13
EST001171,C0012612,E0012612,2026-08-21,5620.79,synthetic_preprocedure_estimate,5926.17,305.38
EST001172,C0012613,E0012613,2025-05-12,12448.85,synthetic_preprocedure_estimate,12969.73,520.88
EST001173,C0012644,E0012644,2026-05-28,8970.81,synthetic_preprocedure_estimate,10780.72,1809.91
EST001174,C0012655,E0012655,2025-08-06,636.45,synthetic_preprocedure_estimate,731.18,94.73
EST001175,C0012673,E0012673,2026-02-04,5996.34,synthetic_preprocedure_estimate,6148.46,152.12
EST001176,C0012682,E0012682,2026-08-01,1999.66,synthetic_preprocedure_estimate,2571.76,572.10
EST001177,C0012697,E0012697,2026-06-24,6575.16,synthetic_preprocedure_estimate,6902.95,327.79
EST001178,C0012703,E0012703,2026-06-01,10108.87,synthetic_preprocedure_estimate,11516.70,1407.83
EST001179,C0012706,E0012706,2026-03-14,13773.22,synthetic_preprocedure_estimate,14419.56,646.34
EST001180,C0012711,E0012711,2025-11-14,6365.24,synthetic_preprocedure_estimate,9572.56,3207.32
EST001181,C0012719,E0012719,2024-10-01,14655.70,synthetic_preprocedure_estimate,13932.83,-722.87
EST001182,C0012728,E0012728,2026-02-02,3642.62,synthetic_preprocedure_estimate,3458.28,-184.34
EST001183,C0012732,E0012732,2026-01-04,10209.89,synthetic_preprocedure_estimate,13080.11,2870.22
EST001184,C0012738,E0012738,2025-05-03,11768.65,synthetic_preprocedure_estimate,14044.04,2275.39
EST001185,C0012753,E0012753,2026-05-15,11489.93,synthetic_preprocedure_estimate,10902.27,-587.66
EST001186,C0012755,E0012755,2024-11-30,5268.22,synthetic_preprocedure_estimate,5185.84,-82.38
EST001187,C0012756,E0012756,2026-03-25,27990.99,synthetic_preprocedure_estimate,28755.94,764.95
EST001188,C0012776,E0012776,2025-03-30,567.29,synthetic_preprocedure_estimate,555.18,-12.11
EST001189,C0012784,E0012784,2025-07-10,12024.45,synthetic_preprocedure_estimate,10966.04,-1058.41
EST001190,C0012796,E0012796,2025-03-06,13448.10,synthetic_preprocedure_estimate,12375.46,-1072.64
EST001191,C0012797,E0012797,2025-06-16,5483.82,synthetic_preprocedure_estimate,5470.88,-12.94
EST001192,C0012805,E0012805,2025-12-10,7047.34,synthetic_preprocedure_estimate,7050.77,3.43
EST001193,C0012817,E0012817,2026-03-21,14419.55,synthetic_preprocedure_estimate,14092.16,-327.39
EST001194,C0012839,E0012839,2025-09-18,5798.62,synthetic_preprocedure_estimate,5790.81,-7.81
EST001195,C0012840,E0012840,2025-01-11,3574.44,synthetic_preprocedure_estimate,4276.76,702.32
EST001196,C0012848,E0012848,2025-04-01,5436.42,synthetic_preprocedure_estimate,6567.50,1131.08
EST001197,C0012861,E0012861,2026-02-24,9348.60,synthetic_preprocedure_estimate,11713.73,2365.13
EST001198,C0012863,E0012863,2026-05-21,7178.38,synthetic_preprocedure_estimate,6834.78,-343.60
EST001199,C0012864,E0012864,2025-10-18,5327.95,synthetic_preprocedure_estimate,5907.07,579.12
EST001200,C0012872,E0012872,2025-02-03,12233.82,synthetic_preprocedure_estimate,12878.91,645.09
EST001201,C0012892,E0012892,2025-12-30,20767.11,synthetic_preprocedure_estimate,21319.63,552.52
EST001202,C0012909,E0012909,2026-05-05,13906.25,synthetic_preprocedure_estimate,13214.04,-692.21
EST001203,C0012919,E0012919,2025-01-19,15883.48,synthetic_preprocedure_estimate,15178.11,-705.37
EST001204,C0012955,E0012955,2026-06-07,4162.11,synthetic_preprocedure_estimate,3868.69,-293.42
EST001205,C0012956,E0012956,2026-02-28,5545.96,synthetic_preprocedure_estimate,6217.31,671.35
EST001206,C0012985,E0012985,2026-07-02,10043.44,synthetic_preprocedure_estimate,12954.04,2910.60
EST001207,C0012995,E0012995,2025-01-21,8868.17,synthetic_preprocedure_estimate,10760.33,1892.16
EST001208,C0012997,E0012997,2026-07-26,3149.00,synthetic_preprocedure_estimate,3753.15,604.15
EST001209,C0013014,E0013014,2024-12-19,11370.71,synthetic_preprocedure_estimate,15039.37,3668.66
EST001210,C0013044,E0013044,2025-12-01,22026.45,synthetic_preprocedure_estimate,27179.19,5152.74
EST001211,C0013048,E0013048,2025-06-16,9403.06,synthetic_preprocedure_estimate,11449.00,2045.94
EST001212,C0013109,E0013109,2025-11-04,4517.04,synthetic_preprocedure_estimate,5231.51,714.47
EST001213,C0013120,E0013120,2024-10-29,12664.70,synthetic_preprocedure_estimate,14311.12,1646.42
EST001214,C0013121,E0013121,2026-02-24,13758.38,synthetic_preprocedure_estimate,14890.91,1132.53
EST001215,C0013124,E0013124,2025-05-23,4246.92,synthetic_preprocedure_estimate,4035.97,-210.95
EST001216,C0013137,E0013137,2025-02-05,10784.00,synthetic_preprocedure_estimate,11300.44,516.44
EST001217,C0013144,E0013144,2026-04-24,15607.45,synthetic_preprocedure_estimate,15365.93,-241.52
EST001218,C0013172,E0013172,2025-11-11,14177.94,synthetic_preprocedure_estimate,14168.91,-9.03
EST001219,C0013173,E0013173,2025-03-28,15013.71,synthetic_preprocedure_estimate,15436.06,422.35
EST001220,C0013177,E0013177,2026-01-31,6076.26,synthetic_preprocedure_estimate,5841.81,-234.45
EST001221,C0013203,E0013203,2026-03-02,9637.31,synthetic_preprocedure_estimate,15557.30,5919.99
EST001222,C0013220,E0013220,2025-01-16,9700.14,synthetic_preprocedure_estimate,10900.80,1200.66
EST001223,C0013236,E0013236,2026-08-26,13125.68,synthetic_preprocedure_estimate,14391.73,1266.05
EST001224,C0013246,E0013246,2025-12-01,10737.78,synthetic_preprocedure_estimate,14136.25,3398.47
EST001225,C0013261,E0013261,2025-05-16,5349.23,synthetic_preprocedure_estimate,6209.23,860.00
EST001226,C0013265,E0013265,2026-09-15,5290.57,synthetic_preprocedure_estimate,5273.27,-17.30
EST001227,C0013268,E0013268,2024-11-16,5032.61,synthetic_preprocedure_estimate,4626.08,-406.53
EST001228,C0013270,E0013270,2026-04-15,11106.10,synthetic_preprocedure_estimate,10932.24,-173.86
EST001229,C0013299,E0013299,2025-08-21,15561.15,synthetic_preprocedure_estimate,15653.38,92.23
EST001230,C0013308,E0013308,2024-11-20,575.31,synthetic_preprocedure_estimate,625.43,50.12
EST001231,C0013314,E0013314,2024-12-08,3495.04,synthetic_preprocedure_estimate,3414.15,-80.89
EST001232,C0013315,E0013315,2025-12-16,11666.63,synthetic_preprocedure_estimate,13694.49,2027.86
EST001233,C0013330,E0013330,2026-02-06,10551.37,synthetic_preprocedure_estimate,13103.68,2552.31
EST001234,C0013335,E0013335,2025-01-28,745.22,synthetic_preprocedure_estimate,700.43,-44.79
EST001235,C0013337,E0013337,2024-12-01,10866.36,synthetic_preprocedure_estimate,10122.92,-743.44
EST001236,C0013356,E0013356,2025-01-22,5566.07,synthetic_preprocedure_estimate,5711.97,145.90
EST001237,C0013369,E0013369,2025-01-25,2760.77,synthetic_preprocedure_estimate,3136.46,375.69
EST001238,C0013398,E0013398,2025-01-21,713.10,synthetic_preprocedure_estimate,779.81,66.71
EST001239,C0013402,E0013402,2025-11-07,4230.59,synthetic_preprocedure_estimate,5544.48,1313.89
EST001240,C0013405,E0013405,2026-02-28,5848.60,synthetic_preprocedure_estimate,6748.56,899.96
EST001241,C0013412,E0013412,2025-11-25,4956.45,synthetic_preprocedure_estimate,5486.34,529.89
EST001242,C0013419,E0013419,2025-09-04,15472.13,synthetic_preprocedure_estimate,15890.61,418.48
EST001243,C0013423,E0013423,2025-01-24,5158.87,synthetic_preprocedure_estimate,8151.96,2993.09
EST001244,C0013438,E0013438,2025-03-26,3476.80,synthetic_preprocedure_estimate,3970.92,494.12
EST001245,C0013443,E0013443,2025-08-27,2667.42,synthetic_preprocedure_estimate,5213.28,2545.86
EST001246,C0013467,E0013467,2025-06-21,4786.30,synthetic_preprocedure_estimate,6002.46,1216.16
EST001247,C0013500,E0013500,2026-08-31,13875.49,synthetic_preprocedure_estimate,13810.61,-64.88
EST001248,C0013516,E0013516,2026-06-06,12883.93,synthetic_preprocedure_estimate,14109.74,1225.81
EST001249,C0013517,E0013517,2026-06-15,5240.40,synthetic_preprocedure_estimate,6087.82,847.42
EST001250,C0013519,E0013519,2025-05-03,7861.88,synthetic_preprocedure_estimate,9956.58,2094.70
EST001251,C0013523,E0013523,2026-09-24,4155.72,synthetic_preprocedure_estimate,7060.98,2905.26
EST001252,C0013528,E0013528,2026-08-27,9592.12,synthetic_preprocedure_estimate,14090.73,4498.61
EST001253,C0013546,E0013546,2025-01-15,8602.21,synthetic_preprocedure_estimate,10290.89,1688.68
EST001254,C0013555,E0013555,2026-09-04,5707.04,synthetic_preprocedure_estimate,5478.56,-228.48
EST001255,C0013559,E0013559,2026-07-29,26123.45,synthetic_preprocedure_estimate,33264.28,7140.83
EST001256,C0013568,E0013568,2026-04-20,11302.12,synthetic_preprocedure_estimate,13545.72,2243.60
EST001257,C0013589,E0013589,2026-07-20,12692.89,synthetic_preprocedure_estimate,15489.44,2796.55
EST001258,C0013621,E0013621,2024-12-07,5912.46,synthetic_preprocedure_estimate,5683.35,-229.11
EST001259,C0013631,E0013631,2025-07-12,12737.21,synthetic_preprocedure_estimate,12528.25,-208.96
EST001260,C0013636,E0013636,2026-03-02,2534.30,synthetic_preprocedure_estimate,2799.85,265.55
EST001261,C0013642,E0013642,2025-06-11,13991.42,synthetic_preprocedure_estimate,14067.05,75.63
EST001262,C0013647,E0013647,2025-12-12,10711.21,synthetic_preprocedure_estimate,11360.04,648.83
EST001263,C0013657,E0013657,2026-06-10,7644.45,synthetic_preprocedure_estimate,13884.00,6239.55
EST001264,C0013674,E0013674,2025-08-14,12461.77,synthetic_preprocedure_estimate,14425.83,1964.06
EST001265,C0013676,E0013676,2026-08-09,2919.03,synthetic_preprocedure_estimate,2801.53,-117.50
EST001266,C0013686,E0013686,2026-02-22,10233.76,synthetic_preprocedure_estimate,13216.22,2982.46
EST001267,C0013705,E0013705,2026-06-27,4785.23,synthetic_preprocedure_estimate,5023.88,238.65
EST001268,C0013710,E0013710,2026-01-08,12837.72,synthetic_preprocedure_estimate,15252.62,2414.90
EST001269,C0013715,E0013715,2025-07-11,4768.63,synthetic_preprocedure_estimate,5557.61,788.98
EST001270,C0013725,E0013725,2025-10-19,5612.81,synthetic_preprocedure_estimate,5938.45,325.64
EST001271,C0013737,E0013737,2026-06-05,12274.21,synthetic_preprocedure_estimate,13939.70,1665.49
EST001272,C0013738,E0013738,2024-10-24,4973.74,synthetic_preprocedure_estimate,4915.60,-58.14
EST001273,C0013739,E0013739,2024-11-08,4734.41,synthetic_preprocedure_estimate,5585.59,851.18
EST001274,C0013748,E0013748,2025-01-07,13978.13,synthetic_preprocedure_estimate,15656.85,1678.72
EST001275,C0013756,E0013756,2026-03-09,655.26,synthetic_preprocedure_estimate,839.77,184.51
EST001276,C0013758,E0013758,2024-11-29,13579.59,synthetic_preprocedure_estimate,14934.85,1355.26
EST001277,C0013766,E0013766,2026-04-13,4321.33,synthetic_preprocedure_estimate,5587.87,1266.54
EST001278,C0013800,E0013800,2025-03-01,7540.57,synthetic_preprocedure_estimate,7674.58,134.01
EST001279,C0013801,E0013801,2024-11-07,14981.20,synthetic_preprocedure_estimate,15409.05,427.85
EST001280,C0013803,E0013803,2025-02-19,5401.83,synthetic_preprocedure_estimate,6278.81,876.98
EST001281,C0013816,E0013816,2024-10-30,13232.49,synthetic_preprocedure_estimate,12790.72,-441.77
EST001282,C0013817,E0013817,2024-11-20,2369.98,synthetic_preprocedure_estimate,2712.27,342.29
EST001283,C0013818,E0013818,2025-08-06,3714.58,synthetic_preprocedure_estimate,4405.31,690.73
EST001284,C0013824,E0013824,2025-07-15,15286.82,synthetic_preprocedure_estimate,14876.14,-410.68
EST001285,C0013827,E0013827,2026-01-18,2853.27,synthetic_preprocedure_estimate,2999.86,146.59
EST001286,C0013830,E0013830,2026-05-09,4023.88,synthetic_preprocedure_estimate,4341.00,317.12
EST001287,C0013835,E0013835,2026-06-14,6231.23,synthetic_preprocedure_estimate,6550.18,318.95
EST001288,C0013839,E0013839,2025-02-13,7139.91,synthetic_preprocedure_estimate,6873.93,-265.98
EST001289,C0013876,E0013876,2026-06-16,4527.16,synthetic_preprocedure_estimate,4231.59,-295.57
EST001290,C0013885,E0013885,2026-07-03,710.48,synthetic_preprocedure_estimate,754.99,44.51
EST001291,C0013886,E0013886,2026-02-07,10046.94,synthetic_preprocedure_estimate,11168.78,1121.84
EST001292,C0013907,E0013907,2025-07-16,6450.06,synthetic_preprocedure_estimate,6605.36,155.30
EST001293,C0013948,E0013948,2025-12-13,5363.54,synthetic_preprocedure_estimate,6625.26,1261.72
EST001294,C0013966,E0013966,2025-06-01,824.03,synthetic_preprocedure_estimate,814.08,-9.95
EST001295,C0013969,E0013969,2025-12-30,2463.46,synthetic_preprocedure_estimate,3142.77,679.31
EST001296,C0013991,E0013991,2026-05-30,4943.14,synthetic_preprocedure_estimate,5822.79,879.65
EST001297,C0014007,E0014007,2024-10-11,4779.98,synthetic_preprocedure_estimate,6371.93,1591.95
EST001298,C0014023,E0014023,2025-05-18,3675.04,synthetic_preprocedure_estimate,4313.24,638.20
EST001299,C0014044,E0014044,2025-12-06,6574.81,synthetic_preprocedure_estimate,6347.19,-227.62
EST001300,C0014048,E0014048,2025-06-16,6512.20,synthetic_preprocedure_estimate,5987.68,-524.52
EST001301,C0014053,E0014053,2025-12-18,6528.55,synthetic_preprocedure_estimate,7578.87,1050.32
EST001302,C0014074,E0014074,2026-06-10,12406.73,synthetic_preprocedure_estimate,12459.42,52.69
EST001303,C0014077,E0014077,2025-02-10,4395.91,synthetic_preprocedure_estimate,4877.12,481.21
EST001304,C0014096,E0014096,2024-10-12,5739.38,synthetic_preprocedure_estimate,5591.04,-148.34
EST001305,C0014097,E0014097,2025-05-23,14986.93,synthetic_preprocedure_estimate,14576.73,-410.20
EST001306,C0014120,E0014120,2025-02-25,6668.18,synthetic_preprocedure_estimate,6351.86,-316.32
EST001307,C0014124,E0014124,2026-03-10,7272.49,synthetic_preprocedure_estimate,6926.09,-346.40
EST001308,C0014130,E0014130,2025-08-28,6032.78,synthetic_preprocedure_estimate,6022.19,-10.59
EST001309,C0014147,E0014147,2026-08-08,15233.08,synthetic_preprocedure_estimate,14021.20,-1211.88
EST001310,C0014168,E0014168,2025-11-29,32734.67,synthetic_preprocedure_estimate,34656.71,1922.04
EST001311,C0014181,E0014181,2025-05-08,13543.23,synthetic_preprocedure_estimate,13233.41,-309.82
EST001312,C0014192,E0014192,2025-12-08,3476.43,synthetic_preprocedure_estimate,4509.89,1033.46
EST001313,C0014229,E0014229,2025-04-13,4312.88,synthetic_preprocedure_estimate,5433.89,1121.01
EST001314,C0014237,E0014237,2025-10-17,10264.66,synthetic_preprocedure_estimate,10490.37,225.71
EST001315,C0014238,E0014238,2025-10-04,1650.90,synthetic_preprocedure_estimate,1630.47,-20.43
EST001316,C0014255,E0014255,2025-06-11,11433.96,synthetic_preprocedure_estimate,11351.32,-82.64
EST001317,C0014257,E0014257,2024-11-23,5292.25,synthetic_preprocedure_estimate,5906.63,614.38
EST001318,C0014260,E0014260,2026-01-06,12275.22,synthetic_preprocedure_estimate,13058.94,783.72
EST001319,C0014281,E0014281,2025-02-23,6534.30,synthetic_preprocedure_estimate,11618.63,5084.33
EST001320,C0014288,E0014288,2026-08-07,5139.32,synthetic_preprocedure_estimate,5818.82,679.50
EST001321,C0014313,E0014313,2025-07-02,14000.20,synthetic_preprocedure_estimate,13288.96,-711.24
EST001322,C0014328,E0014328,2025-10-11,765.19,synthetic_preprocedure_estimate,811.09,45.90
EST001323,C0014333,E0014333,2026-07-20,10905.35,synthetic_preprocedure_estimate,13415.66,2510.31
EST001324,C0014343,E0014343,2026-07-23,4847.19,synthetic_preprocedure_estimate,5687.14,839.95
EST001325,C0014345,E0014345,2025-04-10,5718.13,synthetic_preprocedure_estimate,5992.10,273.97
EST001326,C0014359,E0014359,2026-05-14,5660.69,synthetic_preprocedure_estimate,6275.82,615.13
EST001327,C0014370,E0014370,2025-08-30,10671.59,synthetic_preprocedure_estimate,10776.79,105.20
EST001328,C0014378,E0014378,2026-03-28,5096.32,synthetic_preprocedure_estimate,4846.63,-249.69
EST001329,C0014392,E0014392,2025-12-27,8901.65,synthetic_preprocedure_estimate,10170.23,1268.58
EST001330,C0014396,E0014396,2025-07-15,7374.06,synthetic_preprocedure_estimate,6993.94,-380.12
EST001331,C0014424,E0014424,2024-12-03,4691.41,synthetic_preprocedure_estimate,4502.24,-189.17
EST001332,C0014443,E0014443,2026-02-17,8367.28,synthetic_preprocedure_estimate,10920.98,2553.70
EST001333,C0014460,E0014460,2025-12-24,8200.07,synthetic_preprocedure_estimate,10221.31,2021.24
EST001334,C0014462,E0014462,2025-12-01,9487.71,synthetic_preprocedure_estimate,10344.83,857.12
EST001335,C0014473,E0014473,2026-01-21,2975.77,synthetic_preprocedure_estimate,2798.20,-177.57
EST001336,C0014476,E0014476,2026-09-08,13171.02,synthetic_preprocedure_estimate,12987.18,-183.84
EST001337,C0014493,E0014493,2026-05-29,676.82,synthetic_preprocedure_estimate,834.42,157.60
EST001338,C0014494,E0014494,2024-11-27,9703.54,synthetic_preprocedure_estimate,12061.57,2358.03
EST001339,C0014498,E0014498,2024-10-17,14678.50,synthetic_preprocedure_estimate,13812.44,-866.06
EST001340,C0014514,E0014514,2026-07-16,2333.92,synthetic_preprocedure_estimate,2605.93,272.01
EST001341,C0014516,E0014516,2026-07-08,684.38,synthetic_preprocedure_estimate,881.79,197.41
EST001342,C0014517,E0014517,2025-03-17,3924.87,synthetic_preprocedure_estimate,4480.61,555.74
EST001343,C0014526,E0014526,2026-08-17,13962.97,synthetic_preprocedure_estimate,13086.40,-876.57
EST001344,C0014537,E0014537,2025-07-26,9817.25,synthetic_preprocedure_estimate,11154.45,1337.20
EST001345,C0014539,E0014539,2026-01-18,11461.71,synthetic_preprocedure_estimate,10945.80,-515.91
EST001346,C0014553,E0014553,2026-01-03,506.66,synthetic_preprocedure_estimate,643.71,137.05
EST001347,C0014575,E0014575,2025-12-17,667.66,synthetic_preprocedure_estimate,785.69,118.03
EST001348,C0014582,E0014582,2025-09-29,3241.08,synthetic_preprocedure_estimate,6280.59,3039.51
EST001349,C0014585,E0014585,2024-12-16,10739.95,synthetic_preprocedure_estimate,13326.80,2586.85
EST001350,C0014588,E0014588,2025-03-14,2866.13,synthetic_preprocedure_estimate,3528.83,662.70
EST001351,C0014599,E0014599,2024-11-07,13338.44,synthetic_preprocedure_estimate,14546.49,1208.05
EST001352,C0014611,E0014611,2025-06-26,13252.93,synthetic_preprocedure_estimate,15554.77,2301.84
EST001353,C0014615,E0014615,2026-06-22,4405.64,synthetic_preprocedure_estimate,5855.10,1449.46
EST001354,C0014636,E0014636,2026-08-29,3839.52,synthetic_preprocedure_estimate,4804.84,965.32
EST001355,C0014639,E0014639,2024-10-17,5560.93,synthetic_preprocedure_estimate,6261.36,700.43
EST001356,C0014643,E0014643,2024-10-01,3667.50,synthetic_preprocedure_estimate,3686.71,19.21
EST001357,C0014645,E0014645,2026-03-22,10740.84,synthetic_preprocedure_estimate,12854.48,2113.64
EST001358,C0014649,E0014649,2026-02-24,5945.52,synthetic_preprocedure_estimate,5790.14,-155.38
EST001359,C0014656,E0014656,2025-06-06,6399.69,synthetic_preprocedure_estimate,6160.66,-239.03
EST001360,C0014660,E0014660,2025-01-03,6216.30,synthetic_preprocedure_estimate,5723.21,-493.09
EST001361,C0014674,E0014674,2026-08-11,701.57,synthetic_preprocedure_estimate,716.32,14.75
EST001362,C0014683,E0014683,2025-07-20,3631.54,synthetic_preprocedure_estimate,4841.62,1210.08
EST001363,C0014687,E0014687,2026-08-30,6218.85,synthetic_preprocedure_estimate,6710.70,491.85
EST001364,C0014698,E0014698,2025-10-01,4598.69,synthetic_preprocedure_estimate,4307.83,-290.86
EST001365,C0014714,E0014714,2025-04-28,3803.01,synthetic_preprocedure_estimate,4977.32,1174.31
EST001366,C0014716,E0014716,2024-12-30,13184.65,synthetic_preprocedure_estimate,15719.56,2534.91
EST001367,C0014722,E0014722,2025-09-14,11623.88,synthetic_preprocedure_estimate,12822.73,1198.85
EST001368,C0014731,E0014731,2025-04-25,714.67,synthetic_preprocedure_estimate,702.05,-12.62
EST001369,C0014735,E0014735,2025-11-01,11524.60,synthetic_preprocedure_estimate,12473.18,948.58
EST001370,C0014741,E0014741,2025-05-12,9162.74,synthetic_preprocedure_estimate,10410.04,1247.30
EST001371,C0014755,E0014755,2026-05-24,11620.69,synthetic_preprocedure_estimate,12600.76,980.07
EST001372,C0014757,E0014757,2025-06-26,4840.03,synthetic_preprocedure_estimate,5933.55,1093.52
EST001373,C0014765,E0014765,2026-04-25,6778.61,synthetic_preprocedure_estimate,6768.94,-9.67
EST001374,C0014769,E0014769,2024-11-06,11274.46,synthetic_preprocedure_estimate,12778.34,1503.88
EST001375,C0014778,E0014778,2025-06-15,6477.42,synthetic_preprocedure_estimate,7046.46,569.04
EST001376,C0014779,E0014779,2026-06-19,6029.25,synthetic_preprocedure_estimate,5943.72,-85.53
EST001377,C0014782,E0014782,2025-05-31,4893.32,synthetic_preprocedure_estimate,5950.92,1057.60
EST001378,C0014784,E0014784,2026-08-16,5607.73,synthetic_preprocedure_estimate,5140.35,-467.38
EST001379,C0014790,E0014790,2025-12-07,7083.16,synthetic_preprocedure_estimate,6769.51,-313.65
EST001380,C0014793,E0014793,2024-11-24,3925.30,synthetic_preprocedure_estimate,5219.12,1293.82
EST001381,C0014806,E0014806,2025-09-01,4784.64,synthetic_preprocedure_estimate,5065.48,280.84
EST001382,C0014811,E0014811,2025-04-04,15205.60,synthetic_preprocedure_estimate,13984.02,-1221.58
EST001383,C0014818,E0014818,2026-02-18,8710.10,synthetic_preprocedure_estimate,10089.48,1379.38
EST001384,C0014838,E0014838,2024-12-31,871.10,synthetic_preprocedure_estimate,811.23,-59.87
EST001385,C0014853,E0014853,2026-01-14,6260.10,synthetic_preprocedure_estimate,6309.59,49.49
EST001386,C0014861,E0014861,2026-02-20,12393.47,synthetic_preprocedure_estimate,15132.21,2738.74
EST001387,C0014863,E0014863,2025-10-29,4685.52,synthetic_preprocedure_estimate,4760.83,75.31
EST001388,C0014868,E0014868,2024-10-09,10270.16,synthetic_preprocedure_estimate,10199.07,-71.09
EST001389,C0014871,E0014871,2024-10-13,5795.88,synthetic_preprocedure_estimate,6264.01,468.13
EST001390,C0014875,E0014875,2026-03-09,2509.63,synthetic_preprocedure_estimate,2822.86,313.23
EST001391,C0014893,E0014893,2026-05-04,5123.30,synthetic_preprocedure_estimate,6346.62,1223.32
EST001392,C0014897,E0014897,2026-03-20,5260.73,synthetic_preprocedure_estimate,5493.48,232.75
EST001393,C0014909,E0014909,2025-09-04,4233.71,synthetic_preprocedure_estimate,5117.39,883.68
EST001394,C0014919,E0014919,2025-07-17,3379.46,synthetic_preprocedure_estimate,3469.48,90.02
EST001395,C0014921,E0014921,2025-06-19,10279.12,synthetic_preprocedure_estimate,10171.93,-107.19
EST001396,C0014922,E0014922,2025-08-30,3702.44,synthetic_preprocedure_estimate,4505.66,803.22
EST001397,C0014923,E0014923,2025-10-05,4605.44,synthetic_preprocedure_estimate,5674.02,1068.58
EST001398,C0014935,E0014935,2025-02-15,6187.24,synthetic_preprocedure_estimate,5997.06,-190.18
EST001399,C0014949,E0014949,2026-06-26,9275.52,synthetic_preprocedure_estimate,10439.74,1164.22
EST001400,C0014967,E0014967,2025-09-26,10034.77,synthetic_preprocedure_estimate,14190.77,4156.00
EST001401,C0014984,E0014984,2024-11-05,4620.12,synthetic_preprocedure_estimate,4301.49,-318.63
EST001402,C0015004,E0015004,2025-04-20,7094.01,synthetic_preprocedure_estimate,6606.43,-487.58
EST001403,C0015030,E0015030,2025-08-13,7490.11,synthetic_preprocedure_estimate,11615.65,4125.54
EST001404,C0015064,E0015064,2025-12-23,2289.43,synthetic_preprocedure_estimate,2535.54,246.11
EST001405,C0015075,E0015075,2026-03-13,4942.12,synthetic_preprocedure_estimate,5546.36,604.24
EST001406,C0015098,E0015098,2026-02-20,763.89,synthetic_preprocedure_estimate,722.59,-41.30
EST001407,C0015114,E0015114,2025-01-29,4184.76,synthetic_preprocedure_estimate,4478.19,293.43
EST001408,C0015119,E0015119,2026-05-29,9829.75,synthetic_preprocedure_estimate,12255.69,2425.94
EST001409,C0015151,E0015151,2025-01-28,5578.96,synthetic_preprocedure_estimate,6248.07,669.11
EST001410,C0015153,E0015153,2025-04-24,4890.55,synthetic_preprocedure_estimate,5302.15,411.60
EST001411,C0015163,E0015163,2025-05-01,5839.76,synthetic_preprocedure_estimate,6673.00,833.24
EST001412,C0015167,E0015167,2025-07-14,3598.76,synthetic_preprocedure_estimate,4043.37,444.61
EST001413,C0015195,E0015195,2026-08-01,30510.71,synthetic_preprocedure_estimate,28702.20,-1808.51
EST001414,C0015206,E0015206,2026-02-01,4447.97,synthetic_preprocedure_estimate,5111.88,663.91
EST001415,C0015212,E0015212,2026-08-14,5012.08,synthetic_preprocedure_estimate,4795.91,-216.17
EST001416,C0015225,E0015225,2024-12-25,15659.57,synthetic_preprocedure_estimate,15226.39,-433.18
EST001417,C0015228,E0015228,2024-10-27,852.94,synthetic_preprocedure_estimate,854.29,1.35
EST001418,C0015230,E0015230,2026-08-01,13348.14,synthetic_preprocedure_estimate,13372.83,24.69
EST001419,C0015236,E0015236,2025-07-26,14319.47,synthetic_preprocedure_estimate,15187.68,868.21
EST001420,C0015239,E0015239,2025-12-04,5573.87,synthetic_preprocedure_estimate,6754.28,1180.41
EST001421,C0015244,E0015244,2025-07-18,12388.14,synthetic_preprocedure_estimate,13843.16,1455.02
EST001422,C0015247,E0015247,2024-11-13,5865.43,synthetic_preprocedure_estimate,6253.22,387.79
EST001423,C0015249,E0015249,2026-04-14,22261.97,synthetic_preprocedure_estimate,25362.43,3100.46
EST001424,C0015250,E0015250,2024-11-03,4229.56,synthetic_preprocedure_estimate,4458.94,229.38
EST001425,C0015253,E0015253,2025-06-14,9066.10,synthetic_preprocedure_estimate,10287.71,1221.61
EST001426,C0015264,E0015264,2025-12-29,606.64,synthetic_preprocedure_estimate,603.67,-2.97
EST001427,C0015273,E0015273,2025-03-22,5222.46,synthetic_preprocedure_estimate,6255.79,1033.33
EST001428,C0015318,E0015318,2024-10-01,14133.39,synthetic_preprocedure_estimate,14247.47,114.08
EST001429,C0015327,E0015327,2026-09-24,2926.50,synthetic_preprocedure_estimate,3418.30,491.80
EST001430,C0015341,E0015341,2025-08-11,5310.04,synthetic_preprocedure_estimate,7449.74,2139.70
EST001431,C0015364,E0015364,2025-11-11,3165.85,synthetic_preprocedure_estimate,3337.53,171.68
EST001432,C0015386,E0015386,2025-03-07,5344.50,synthetic_preprocedure_estimate,5005.17,-339.33
EST001433,C0015390,E0015390,2024-10-24,13386.47,synthetic_preprocedure_estimate,12189.16,-1197.31
EST001434,C0015394,E0015394,2026-02-14,6196.42,synthetic_preprocedure_estimate,5636.27,-560.15
EST001435,C0015407,E0015407,2026-05-24,11552.62,synthetic_preprocedure_estimate,11667.51,114.89
EST001436,C0015413,E0015413,2024-12-10,6805.87,synthetic_preprocedure_estimate,6583.51,-222.36
EST001437,C0015423,E0015423,2026-06-02,3061.17,synthetic_preprocedure_estimate,2801.90,-259.27
EST001438,C0015426,E0015426,2026-02-27,1433.81,synthetic_preprocedure_estimate,1550.47,116.66
EST001439,C0015437,E0015437,2025-05-17,11870.99,synthetic_preprocedure_estimate,15492.87,3621.88
EST001440,C0015440,E0015440,2025-06-27,6725.72,synthetic_preprocedure_estimate,6308.41,-417.31
EST001441,C0015447,E0015447,2026-09-03,5745.56,synthetic_preprocedure_estimate,5744.22,-1.34
EST001442,C0015457,E0015457,2025-06-19,6366.01,synthetic_preprocedure_estimate,6688.14,322.13
EST001443,C0015459,E0015459,2025-03-17,3112.28,synthetic_preprocedure_estimate,3691.25,578.97
EST001444,C0015465,E0015465,2025-11-28,14054.21,synthetic_preprocedure_estimate,12826.10,-1228.11
EST001445,C0015481,E0015481,2025-06-22,5110.01,synthetic_preprocedure_estimate,6016.30,906.29
EST001446,C0015488,E0015488,2026-05-20,14998.62,synthetic_preprocedure_estimate,14284.33,-714.29
EST001447,C0015493,E0015493,2025-08-26,10849.91,synthetic_preprocedure_estimate,12605.40,1755.49
EST001448,C0015504,E0015504,2024-11-06,6294.51,synthetic_preprocedure_estimate,6388.27,93.76
EST001449,C0015510,E0015510,2026-03-25,6549.11,synthetic_preprocedure_estimate,6559.52,10.41
EST001450,C0015531,E0015531,2026-02-23,6911.99,synthetic_preprocedure_estimate,12956.22,6044.23
EST001451,C0015533,E0015533,2025-04-16,4193.73,synthetic_preprocedure_estimate,4191.97,-1.76
EST001452,C0015544,E0015544,2026-07-09,14645.48,synthetic_preprocedure_estimate,14456.53,-188.95
EST001453,C0015568,E0015568,2025-04-10,9106.48,synthetic_preprocedure_estimate,10604.29,1497.81
EST001454,C0015588,E0015588,2026-05-05,703.40,synthetic_preprocedure_estimate,686.33,-17.07
EST001455,C0015589,E0015589,2025-06-26,6641.76,synthetic_preprocedure_estimate,7458.40,816.64
EST001456,C0015591,E0015591,2025-12-20,5455.18,synthetic_preprocedure_estimate,6531.50,1076.32
EST001457,C0015631,E0015631,2026-08-23,5923.27,synthetic_preprocedure_estimate,5936.29,13.02
EST001458,C0015634,E0015634,2026-05-10,14340.66,synthetic_preprocedure_estimate,13278.62,-1062.04
EST001459,C0015635,E0015635,2024-10-01,6543.75,synthetic_preprocedure_estimate,5997.56,-546.19
EST001460,C0015657,E0015657,2026-04-09,4590.26,synthetic_preprocedure_estimate,5283.14,692.88
EST001461,C0015707,E0015707,2024-12-21,4227.47,synthetic_preprocedure_estimate,5388.34,1160.87
EST001462,C0015714,E0015714,2025-11-20,15672.60,synthetic_preprocedure_estimate,14969.49,-703.11
EST001463,C0015718,E0015718,2026-07-20,22428.20,synthetic_preprocedure_estimate,29730.71,7302.51
EST001464,C0015737,E0015737,2025-05-06,10472.61,synthetic_preprocedure_estimate,16856.66,6384.05
EST001465,C0015742,E0015742,2024-12-03,15694.15,synthetic_preprocedure_estimate,16079.46,385.31
EST001466,C0015773,E0015773,2025-03-18,4973.74,synthetic_preprocedure_estimate,5724.00,750.26
EST001467,C0015779,E0015779,2025-06-23,11817.48,synthetic_preprocedure_estimate,13798.82,1981.34
EST001468,C0015787,E0015787,2026-04-14,17656.86,synthetic_preprocedure_estimate,16102.18,-1554.68
EST001469,C0015790,E0015790,2025-08-21,4646.97,synthetic_preprocedure_estimate,5870.18,1223.21
EST001470,C0015794,E0015794,2026-06-26,6808.86,synthetic_preprocedure_estimate,6600.14,-208.72
EST001471,C0015808,E0015808,2025-12-04,4521.08,synthetic_preprocedure_estimate,6020.06,1498.98
EST001472,C0015834,E0015834,2026-08-29,813.55,synthetic_preprocedure_estimate,877.39,63.84
EST001473,C0015836,E0015836,2026-07-11,9221.26,synthetic_preprocedure_estimate,12012.74,2791.48
EST001474,C0015842,E0015842,2026-03-18,545.69,synthetic_preprocedure_estimate,612.72,67.03
EST001475,C0015843,E0015843,2025-02-02,4567.34,synthetic_preprocedure_estimate,4830.65,263.31
EST001476,C0015848,E0015848,2025-03-21,11408.05,synthetic_preprocedure_estimate,14593.32,3185.27
EST001477,C0015860,E0015860,2025-07-06,9834.15,synthetic_preprocedure_estimate,10418.95,584.80
EST001478,C0015874,E0015874,2026-08-10,4147.90,synthetic_preprocedure_estimate,4433.35,285.45
EST001479,C0015923,E0015923,2024-10-03,3181.97,synthetic_preprocedure_estimate,3817.33,635.36
EST001480,C0015928,E0015928,2026-07-23,4515.65,synthetic_preprocedure_estimate,4199.95,-315.70
EST001481,C0015939,E0015939,2025-09-19,4995.88,synthetic_preprocedure_estimate,9080.49,4084.61
EST001482,C0015951,E0015951,2024-11-07,4393.85,synthetic_preprocedure_estimate,5082.41,688.56
EST001483,C0015980,E0015980,2025-10-22,4472.35,synthetic_preprocedure_estimate,4395.98,-76.37
EST001484,C0015990,E0015990,2025-05-27,728.29,synthetic_preprocedure_estimate,836.20,107.91
EST001485,C0015998,E0015998,2026-04-22,12339.42,synthetic_preprocedure_estimate,15470.11,3130.69
EST001486,C0016001,E0016001,2025-05-07,12735.04,synthetic_preprocedure_estimate,15995.61,3260.57
EST001487,C0016003,E0016003,2025-03-18,3668.12,synthetic_preprocedure_estimate,4848.12,1180.00
EST001488,C0016007,E0016007,2025-07-29,13991.71,synthetic_preprocedure_estimate,14716.78,725.07
EST001489,C0016023,E0016023,2024-10-03,835.09,synthetic_preprocedure_estimate,842.46,7.37
EST001490,C0016032,E0016032,2024-10-26,773.94,synthetic_preprocedure_estimate,793.56,19.62
EST001491,C0016038,E0016038,2025-05-12,11454.44,synthetic_preprocedure_estimate,13803.05,2348.61
EST001492,C0016058,E0016058,2026-02-20,13609.28,synthetic_preprocedure_estimate,12975.52,-633.76
EST001493,C0016071,E0016071,2025-02-10,5059.88,synthetic_preprocedure_estimate,6136.72,1076.84
EST001494,C0016074,E0016074,2024-10-31,6587.45,synthetic_preprocedure_estimate,6243.04,-344.41
EST001495,C0016096,E0016096,2025-01-21,4399.75,synthetic_preprocedure_estimate,4796.12,396.37
EST001496,C0016097,E0016097,2025-07-20,5341.92,synthetic_preprocedure_estimate,4983.22,-358.70
EST001497,C0016100,E0016100,2025-01-04,6786.32,synthetic_preprocedure_estimate,7094.34,308.02
EST001498,C0016113,E0016113,2025-04-14,6079.73,synthetic_preprocedure_estimate,6567.90,488.17
EST001499,C0016115,E0016115,2025-10-07,10850.18,synthetic_preprocedure_estimate,13098.66,2248.48
EST001500,C0016128,E0016128,2025-07-17,4736.30,synthetic_preprocedure_estimate,5088.15,351.85
EST001501,C0016131,E0016131,2026-03-11,4653.41,synthetic_preprocedure_estimate,5050.32,396.91
EST001502,C0016134,E0016134,2026-01-24,9389.86,synthetic_preprocedure_estimate,11695.68,2305.82
EST001503,C0016140,E0016140,2026-01-10,10184.16,synthetic_preprocedure_estimate,12289.35,2105.19
EST001504,C0016152,E0016152,2026-02-08,3130.23,synthetic_preprocedure_estimate,3138.94,8.71
EST001505,C0016163,E0016163,2026-07-18,2859.05,synthetic_preprocedure_estimate,3194.00,334.95
EST001506,C0016183,E0016183,2026-06-15,5302.89,synthetic_preprocedure_estimate,6382.60,1079.71
EST001507,C0016186,E0016186,2025-04-09,5675.83,synthetic_preprocedure_estimate,9005.28,3329.45
EST001508,C0016187,E0016187,2025-10-11,11180.01,synthetic_preprocedure_estimate,13184.95,2004.94
EST001509,C0016216,E0016216,2025-09-01,5401.75,synthetic_preprocedure_estimate,6417.89,1016.14
EST001510,C0016226,E0016226,2025-04-15,4086.24,synthetic_preprocedure_estimate,4573.52,487.28
EST001511,C0016229,E0016229,2025-02-18,9895.72,synthetic_preprocedure_estimate,9868.39,-27.33
EST001512,C0016245,E0016245,2025-08-01,3851.52,synthetic_preprocedure_estimate,4930.20,1078.68
EST001513,C0016262,E0016262,2025-09-23,12005.64,synthetic_preprocedure_estimate,12339.71,334.07
EST001514,C0016272,E0016272,2026-07-06,8629.32,synthetic_preprocedure_estimate,10300.64,1671.32
EST001515,C0016274,E0016274,2025-03-05,16493.65,synthetic_preprocedure_estimate,15019.03,-1474.62
EST001516,C0016283,E0016283,2024-12-13,2775.01,synthetic_preprocedure_estimate,3243.28,468.27
EST001517,C0016286,E0016286,2026-02-26,6490.25,synthetic_preprocedure_estimate,6384.06,-106.19
EST001518,C0016304,E0016304,2025-12-08,12451.18,synthetic_preprocedure_estimate,12027.76,-423.42
EST001519,C0016312,E0016312,2026-01-09,4431.79,synthetic_preprocedure_estimate,5707.39,1275.60
EST001520,C0016317,E0016317,2026-05-28,3330.07,synthetic_preprocedure_estimate,3207.19,-122.88
EST001521,C0016322,E0016322,2026-04-20,1198.96,synthetic_preprocedure_estimate,1522.24,323.28
EST001522,C0016369,E0016369,2025-10-05,11074.26,synthetic_preprocedure_estimate,12967.44,1893.18
EST001523,C0016384,E0016384,2024-11-26,9497.79,synthetic_preprocedure_estimate,11669.89,2172.10
EST001524,C0016386,E0016386,2024-12-26,10514.32,synthetic_preprocedure_estimate,10864.04,349.72
EST001525,C0016389,E0016389,2025-06-09,576.34,synthetic_preprocedure_estimate,669.61,93.27
EST001526,C0016394,E0016394,2025-07-06,5095.43,synthetic_preprocedure_estimate,4735.81,-359.62
EST001527,C0016404,E0016404,2025-02-24,5667.63,synthetic_preprocedure_estimate,6439.96,772.33
EST001528,C0016424,E0016424,2025-09-04,585.77,synthetic_preprocedure_estimate,728.58,142.81
EST001529,C0016426,E0016426,2025-04-02,14997.16,synthetic_preprocedure_estimate,15635.99,638.83
EST001530,C0016441,E0016441,2024-11-21,8124.86,synthetic_preprocedure_estimate,9972.44,1847.58
EST001531,C0016449,E0016449,2024-11-11,8644.87,synthetic_preprocedure_estimate,10488.60,1843.73
EST001532,C0016453,E0016453,2024-12-02,11673.85,synthetic_preprocedure_estimate,10914.16,-759.69
EST001533,C0016460,E0016460,2024-12-27,14091.13,synthetic_preprocedure_estimate,13824.32,-266.81
EST001534,C0016470,E0016470,2024-10-01,14064.61,synthetic_preprocedure_estimate,14206.08,141.47
EST001535,C0016477,E0016477,2025-12-16,10304.25,synthetic_preprocedure_estimate,13569.82,3265.57
EST001536,C0016485,E0016485,2024-10-03,5599.84,synthetic_preprocedure_estimate,5380.59,-219.25
EST001537,C0016487,E0016487,2025-01-02,603.87,synthetic_preprocedure_estimate,634.00,30.13
EST001538,C0016491,E0016491,2025-12-11,603.64,synthetic_preprocedure_estimate,579.95,-23.69
EST001539,C0016497,E0016497,2026-02-16,944.78,synthetic_preprocedure_estimate,887.09,-57.69
EST001540,C0016507,E0016507,2025-12-29,5771.25,synthetic_preprocedure_estimate,5870.99,99.74
EST001541,C0016511,E0016511,2026-02-12,7200.39,synthetic_preprocedure_estimate,7017.66,-182.73
EST001542,C0016518,E0016518,2025-01-06,9911.75,synthetic_preprocedure_estimate,11783.77,1872.02
EST001543,C0016550,E0016550,2026-02-23,11192.24,synthetic_preprocedure_estimate,10510.71,-681.53
EST001544,C0016560,E0016560,2024-12-23,3844.36,synthetic_preprocedure_estimate,5057.06,1212.70
EST001545,C0016575,E0016575,2026-04-30,751.49,synthetic_preprocedure_estimate,840.67,89.18
EST001546,C0016577,E0016577,2026-08-23,5258.43,synthetic_preprocedure_estimate,5684.21,425.78
EST001547,C0016580,E0016580,2026-03-10,5018.26,synthetic_preprocedure_estimate,6413.42,1395.16
EST001548,C0016596,E0016596,2026-06-26,13614.90,synthetic_preprocedure_estimate,14024.34,409.44
EST001549,C0016603,E0016603,2024-10-01,12987.93,synthetic_preprocedure_estimate,12047.69,-940.24
EST001550,C0016609,E0016609,2026-04-01,6224.50,synthetic_preprocedure_estimate,6784.82,560.32
EST001551,C0016617,E0016617,2025-05-16,8883.11,synthetic_preprocedure_estimate,11535.38,2652.27
EST001552,C0016620,E0016620,2025-04-13,2190.19,synthetic_preprocedure_estimate,2555.62,365.43
EST001553,C0016623,E0016623,2026-05-26,8710.25,synthetic_preprocedure_estimate,10931.88,2221.63
EST001554,C0016637,E0016637,2025-10-20,5207.83,synthetic_preprocedure_estimate,5918.52,710.69
EST001555,C0016658,E0016658,2025-10-14,4861.98,synthetic_preprocedure_estimate,5050.30,188.32
EST001556,C0016661,E0016661,2026-09-09,4130.00,synthetic_preprocedure_estimate,3775.59,-354.41
EST001557,C0016684,E0016684,2025-06-28,4112.78,synthetic_preprocedure_estimate,4573.29,460.51
EST001558,C0016700,E0016700,2024-10-15,9318.15,synthetic_preprocedure_estimate,10033.39,715.24
EST001559,C0016702,E0016702,2025-12-05,11286.05,synthetic_preprocedure_estimate,11534.12,248.07
EST001560,C0016706,E0016706,2025-01-29,5622.20,synthetic_preprocedure_estimate,6402.96,780.76
EST001561,C0016710,E0016710,2025-05-15,5770.88,synthetic_preprocedure_estimate,6722.41,951.53
EST001562,C0016719,E0016719,2025-05-02,9766.21,synthetic_preprocedure_estimate,12070.66,2304.45
EST001563,C0016734,E0016734,2025-03-25,12474.62,synthetic_preprocedure_estimate,15377.56,2902.94
EST001564,C0016741,E0016741,2025-04-17,13809.29,synthetic_preprocedure_estimate,13153.48,-655.81
EST001565,C0016745,E0016745,2024-12-23,7198.13,synthetic_preprocedure_estimate,14773.24,7575.11
EST001566,C0016750,E0016750,2025-03-07,7376.55,synthetic_preprocedure_estimate,6861.22,-515.33
EST001567,C0016793,E0016793,2026-01-29,5888.64,synthetic_preprocedure_estimate,6540.79,652.15
EST001568,C0016802,E0016802,2025-08-22,4304.85,synthetic_preprocedure_estimate,4157.34,-147.51
EST001569,C0016816,E0016816,2026-02-07,9360.10,synthetic_preprocedure_estimate,10605.87,1245.77
EST001570,C0016820,E0016820,2026-05-11,9602.61,synthetic_preprocedure_estimate,11580.88,1978.27
EST001571,C0016831,E0016831,2025-04-05,4009.85,synthetic_preprocedure_estimate,5298.78,1288.93
EST001572,C0016840,E0016840,2025-03-15,685.65,synthetic_preprocedure_estimate,636.72,-48.93
EST001573,C0016849,E0016849,2025-09-09,13915.77,synthetic_preprocedure_estimate,14882.30,966.53
EST001574,C0016859,E0016859,2025-10-07,12845.31,synthetic_preprocedure_estimate,12635.83,-209.48
EST001575,C0016870,E0016870,2026-03-08,3075.78,synthetic_preprocedure_estimate,3696.95,621.17
EST001576,C0016881,E0016881,2025-11-06,5214.80,synthetic_preprocedure_estimate,7979.90,2765.10
EST001577,C0016885,E0016885,2026-03-15,5997.70,synthetic_preprocedure_estimate,5608.00,-389.70
EST001578,C0016894,E0016894,2026-06-06,12841.28,synthetic_preprocedure_estimate,13068.02,226.74
EST001579,C0016895,E0016895,2026-01-22,6208.85,synthetic_preprocedure_estimate,6230.06,21.21
EST001580,C0016913,E0016913,2026-05-07,5595.71,synthetic_preprocedure_estimate,6294.28,698.57
EST001581,C0016917,E0016917,2025-06-03,2900.61,synthetic_preprocedure_estimate,2933.32,32.71
EST001582,C0016920,E0016920,2025-09-19,5935.67,synthetic_preprocedure_estimate,6874.16,938.49
EST001583,C0016962,E0016962,2025-05-16,6386.05,synthetic_preprocedure_estimate,6619.11,233.06
EST001584,C0016965,E0016965,2025-04-27,13604.98,synthetic_preprocedure_estimate,12698.36,-906.62
EST001585,C0016982,E0016982,2025-10-05,3904.15,synthetic_preprocedure_estimate,5034.46,1130.31
EST001586,C0016995,E0016995,2024-10-01,11677.02,synthetic_preprocedure_estimate,11665.25,-11.77
EST001587,C0017004,E0017004,2025-06-21,2514.87,synthetic_preprocedure_estimate,2935.24,420.37
EST001588,C0017012,E0017012,2025-07-19,14034.52,synthetic_preprocedure_estimate,14545.56,511.04
EST001589,C0017028,E0017028,2026-07-09,26419.23,synthetic_preprocedure_estimate,25471.11,-948.12
EST001590,C0017032,E0017032,2025-01-04,12210.98,synthetic_preprocedure_estimate,14533.22,2322.24
EST001591,C0017040,E0017040,2024-10-13,5456.12,synthetic_preprocedure_estimate,6060.65,604.53
EST001592,C0017044,E0017044,2026-01-13,3614.24,synthetic_preprocedure_estimate,7345.42,3731.18
EST001593,C0017067,E0017067,2025-12-14,5352.16,synthetic_preprocedure_estimate,6544.05,1191.89
EST001594,C0017070,E0017070,2026-05-31,5030.25,synthetic_preprocedure_estimate,5241.76,211.51
EST001595,C0017086,E0017086,2024-11-23,5513.55,synthetic_preprocedure_estimate,5900.40,386.85
EST001596,C0017098,E0017098,2026-02-18,14779.78,synthetic_preprocedure_estimate,15261.77,481.99
EST001597,C0017107,E0017107,2026-02-05,5351.45,synthetic_preprocedure_estimate,5578.11,226.66
EST001598,C0017117,E0017117,2025-08-20,2903.10,synthetic_preprocedure_estimate,2815.62,-87.48
EST001599,C0017118,E0017118,2025-06-04,8724.16,synthetic_preprocedure_estimate,10871.20,2147.04
EST001600,C0017120,E0017120,2025-04-27,3116.63,synthetic_preprocedure_estimate,3215.96,99.33
EST001601,C0017128,E0017128,2026-01-16,5411.19,synthetic_preprocedure_estimate,5819.22,408.03
EST001602,C0017143,E0017143,2026-02-12,6814.93,synthetic_preprocedure_estimate,6700.08,-114.85
EST001603,C0017152,E0017152,2025-12-02,10795.30,synthetic_preprocedure_estimate,14297.69,3502.39
EST001604,C0017183,E0017183,2026-09-01,4259.08,synthetic_preprocedure_estimate,4428.19,169.11
EST001605,C0017187,E0017187,2025-10-02,5892.27,synthetic_preprocedure_estimate,5418.27,-474.00
EST001606,C0017196,E0017196,2025-06-18,7926.96,synthetic_preprocedure_estimate,10354.38,2427.42
EST001607,C0017203,E0017203,2026-09-07,4342.24,synthetic_preprocedure_estimate,5272.83,930.59
EST001608,C0017208,E0017208,2025-03-12,9083.41,synthetic_preprocedure_estimate,11769.42,2686.01
EST001609,C0017213,E0017213,2026-04-30,828.73,synthetic_preprocedure_estimate,836.10,7.37
EST001610,C0017220,E0017220,2024-10-30,15181.28,synthetic_preprocedure_estimate,14996.24,-185.04
EST001611,C0017222,E0017222,2025-04-08,5502.81,synthetic_preprocedure_estimate,5859.68,356.87
EST001612,C0017248,E0017248,2026-08-28,14572.19,synthetic_preprocedure_estimate,14509.73,-62.46
EST001613,C0017252,E0017252,2024-11-05,9975.53,synthetic_preprocedure_estimate,11416.85,1441.32
EST001614,C0017262,E0017262,2025-05-04,5085.30,synthetic_preprocedure_estimate,5162.93,77.63
EST001615,C0017281,E0017281,2026-08-18,10575.12,synthetic_preprocedure_estimate,11460.59,885.47
EST001616,C0017283,E0017283,2026-09-18,5067.41,synthetic_preprocedure_estimate,6245.13,1177.72
EST001617,C0017301,E0017301,2025-08-26,755.99,synthetic_preprocedure_estimate,713.25,-42.74
EST001618,C0017312,E0017312,2026-07-20,12372.21,synthetic_preprocedure_estimate,11517.93,-854.28
EST001619,C0017318,E0017318,2025-10-10,9101.01,synthetic_preprocedure_estimate,10802.63,1701.62
EST001620,C0017321,E0017321,2026-04-06,11288.77,synthetic_preprocedure_estimate,12493.26,1204.49
EST001621,C0017323,E0017323,2026-02-18,6763.39,synthetic_preprocedure_estimate,6880.72,117.33
EST001622,C0017335,E0017335,2025-03-08,12156.99,synthetic_preprocedure_estimate,14091.69,1934.70
EST001623,C0017336,E0017336,2025-10-28,11711.97,synthetic_preprocedure_estimate,14348.02,2636.05
EST001624,C0017341,E0017341,2026-04-03,6067.27,synthetic_preprocedure_estimate,5987.17,-80.10
EST001625,C0017343,E0017343,2025-11-05,3241.45,synthetic_preprocedure_estimate,4045.27,803.82
EST001626,C0017360,E0017360,2026-05-06,5032.96,synthetic_preprocedure_estimate,5410.13,377.17
EST001627,C0017365,E0017365,2025-09-13,4723.68,synthetic_preprocedure_estimate,5543.12,819.44
EST001628,C0017398,E0017398,2026-04-21,12098.74,synthetic_preprocedure_estimate,14069.88,1971.14
EST001629,C0017408,E0017408,2026-09-09,471.67,synthetic_preprocedure_estimate,572.89,101.22
EST001630,C0017410,E0017410,2025-02-24,9091.74,synthetic_preprocedure_estimate,10404.46,1312.72
EST001631,C0017423,E0017423,2026-04-16,12521.72,synthetic_preprocedure_estimate,14011.45,1489.73
EST001632,C0017425,E0017425,2025-02-24,11345.05,synthetic_preprocedure_estimate,11242.88,-102.17
EST001633,C0017449,E0017449,2026-03-03,10079.87,synthetic_preprocedure_estimate,11227.75,1147.88
EST001634,C0017456,E0017456,2026-03-25,711.44,synthetic_preprocedure_estimate,756.89,45.45
EST001635,C0017457,E0017457,2025-11-08,12589.46,synthetic_preprocedure_estimate,15429.80,2840.34
EST001636,C0017478,E0017478,2026-02-18,6093.67,synthetic_preprocedure_estimate,5647.94,-445.73
EST001637,C0017517,E0017517,2026-09-08,12682.78,synthetic_preprocedure_estimate,13287.82,605.04
EST001638,C0017529,E0017529,2025-06-10,3115.05,synthetic_preprocedure_estimate,3182.93,67.88
EST001639,C0017539,E0017539,2026-01-02,5664.78,synthetic_preprocedure_estimate,6575.75,910.97
EST001640,C0017546,E0017546,2025-04-14,5443.60,synthetic_preprocedure_estimate,5669.73,226.13
EST001641,C0017555,E0017555,2024-12-16,13918.70,synthetic_preprocedure_estimate,13293.96,-624.74
EST001642,C0017566,E0017566,2024-11-27,6098.10,synthetic_preprocedure_estimate,6859.37,761.27
EST001643,C0017569,E0017569,2024-10-19,5635.22,synthetic_preprocedure_estimate,5786.47,151.25
EST001644,C0017571,E0017571,2025-07-17,3436.79,synthetic_preprocedure_estimate,4350.38,913.59
EST001645,C0017576,E0017576,2026-04-22,16121.00,synthetic_preprocedure_estimate,16008.58,-112.42
EST001646,C0017581,E0017581,2025-12-12,12790.17,synthetic_preprocedure_estimate,11679.56,-1110.61
EST001647,C0017593,E0017593,2025-07-22,2897.17,synthetic_preprocedure_estimate,3433.75,536.58
EST001648,C0017598,E0017598,2025-09-13,5855.40,synthetic_preprocedure_estimate,5603.02,-252.38
EST001649,C0017607,E0017607,2026-09-02,5939.20,synthetic_preprocedure_estimate,6124.98,185.78
EST001650,C0017627,E0017627,2026-06-27,12176.77,synthetic_preprocedure_estimate,11427.64,-749.13
EST001651,C0017653,E0017653,2024-10-25,16439.64,synthetic_preprocedure_estimate,15161.96,-1277.68
EST001652,C0017660,E0017660,2025-08-26,8925.13,synthetic_preprocedure_estimate,11160.15,2235.02
EST001653,C0017667,E0017667,2026-02-02,11505.66,synthetic_preprocedure_estimate,14006.12,2500.46
EST001654,C0017669,E0017669,2025-01-23,4298.62,synthetic_preprocedure_estimate,8612.51,4313.89
EST001655,C0017685,E0017685,2025-10-03,4988.89,synthetic_preprocedure_estimate,8573.57,3584.68
EST001656,C0017698,E0017698,2025-12-13,4311.15,synthetic_preprocedure_estimate,5475.60,1164.45
EST001657,C0017725,E0017725,2026-03-07,4838.84,synthetic_preprocedure_estimate,4679.59,-159.25
EST001658,C0017728,E0017728,2026-05-25,11314.54,synthetic_preprocedure_estimate,11472.99,158.45
EST001659,C0017729,E0017729,2026-02-25,9764.55,synthetic_preprocedure_estimate,12921.10,3156.55
EST001660,C0017732,E0017732,2025-09-07,583.11,synthetic_preprocedure_estimate,757.00,173.89
EST001661,C0017740,E0017740,2026-01-06,23678.31,synthetic_preprocedure_estimate,28038.13,4359.82
EST001662,C0017749,E0017749,2025-02-26,5172.52,synthetic_preprocedure_estimate,4793.75,-378.77
EST001663,C0017762,E0017762,2026-07-14,616.82,synthetic_preprocedure_estimate,633.35,16.53
EST001664,C0017796,E0017796,2024-10-01,554.94,synthetic_preprocedure_estimate,671.00,116.06
EST001665,C0017802,E0017802,2025-07-03,13915.38,synthetic_preprocedure_estimate,12842.50,-1072.88
EST001666,C0017811,E0017811,2026-01-01,798.79,synthetic_preprocedure_estimate,797.09,-1.70
EST001667,C0017813,E0017813,2025-04-25,14819.46,synthetic_preprocedure_estimate,13554.86,-1264.60
EST001668,C0017826,E0017826,2024-11-22,11700.50,synthetic_preprocedure_estimate,13640.77,1940.27
EST001669,C0017832,E0017832,2025-09-07,6374.83,synthetic_preprocedure_estimate,6661.97,287.14
EST001670,C0017834,E0017834,2025-11-12,14743.61,synthetic_preprocedure_estimate,14532.73,-210.88
EST001671,C0017850,E0017850,2025-08-26,4698.98,synthetic_preprocedure_estimate,5048.51,349.53
EST001672,C0017863,E0017863,2026-04-02,5137.12,synthetic_preprocedure_estimate,6354.51,1217.39
EST001673,C0017897,E0017897,2025-09-18,10651.15,synthetic_preprocedure_estimate,12581.47,1930.32
EST001674,C0017898,E0017898,2025-06-30,5377.24,synthetic_preprocedure_estimate,6829.47,1452.23
EST001675,C0017899,E0017899,2025-10-29,9022.42,synthetic_preprocedure_estimate,10365.37,1342.95
EST001676,C0017901,E0017901,2025-09-09,5452.60,synthetic_preprocedure_estimate,5917.38,464.78
EST001677,C0017933,E0017933,2025-06-15,5860.60,synthetic_preprocedure_estimate,6763.68,903.08
EST001678,C0017969,E0017969,2026-04-22,11292.03,synthetic_preprocedure_estimate,12426.45,1134.42
EST001679,C0017979,E0017979,2024-10-17,6664.23,synthetic_preprocedure_estimate,6318.42,-345.81
EST001680,C0017990,E0017990,2025-10-30,6454.50,synthetic_preprocedure_estimate,5872.72,-581.78
EST001681,C0018008,E0018008,2026-03-21,24879.81,synthetic_preprocedure_estimate,22924.42,-1955.39
EST001682,C0018022,E0018022,2025-05-01,862.34,synthetic_preprocedure_estimate,833.91,-28.43
EST001683,C0018037,E0018037,2024-11-04,14188.58,synthetic_preprocedure_estimate,14957.97,769.39
EST001684,C0018054,E0018054,2024-11-27,7100.18,synthetic_preprocedure_estimate,6672.43,-427.75
EST001685,C0018078,E0018078,2025-11-05,9786.93,synthetic_preprocedure_estimate,10748.71,961.78
EST001686,C0018080,E0018080,2025-03-20,11241.83,synthetic_preprocedure_estimate,13039.66,1797.83
EST001687,C0018092,E0018092,2024-10-21,665.18,synthetic_preprocedure_estimate,670.48,5.30
EST001688,C0018118,E0018118,2025-10-10,13009.01,synthetic_preprocedure_estimate,11868.01,-1141.00
EST001689,C0018143,E0018143,2025-12-10,5115.25,synthetic_preprocedure_estimate,5658.29,543.04
EST001690,C0018148,E0018148,2025-05-18,5669.95,synthetic_preprocedure_estimate,5706.42,36.47
EST001691,C0018150,E0018150,2026-06-02,6027.20,synthetic_preprocedure_estimate,8637.42,2610.22
EST001692,C0018154,E0018154,2026-07-11,4555.24,synthetic_preprocedure_estimate,6062.33,1507.09
EST001693,C0018155,E0018155,2026-08-15,5320.67,synthetic_preprocedure_estimate,5442.01,121.34
EST001694,C0018166,E0018166,2025-05-06,5611.92,synthetic_preprocedure_estimate,5748.39,136.47
EST001695,C0018173,E0018173,2025-07-13,3529.28,synthetic_preprocedure_estimate,3667.39,138.11
EST001696,C0018203,E0018203,2025-06-30,2117.21,synthetic_preprocedure_estimate,2633.69,516.48
EST001697,C0018204,E0018204,2025-02-18,9169.80,synthetic_preprocedure_estimate,12973.55,3803.75
EST001698,C0018225,E0018225,2025-09-03,7524.84,synthetic_preprocedure_estimate,7248.53,-276.31
EST001699,C0018229,E0018229,2025-06-08,3722.99,synthetic_preprocedure_estimate,4418.19,695.20
EST001700,C0018230,E0018230,2025-10-24,5735.72,synthetic_preprocedure_estimate,6445.01,709.29
EST001701,C0018238,E0018238,2024-12-18,6269.43,synthetic_preprocedure_estimate,6821.45,552.02
EST001702,C0018273,E0018273,2025-07-03,5868.31,synthetic_preprocedure_estimate,6634.14,765.83
EST001703,C0018282,E0018282,2025-02-02,476.52,synthetic_preprocedure_estimate,571.11,94.59
EST001704,C0018293,E0018293,2025-04-30,6463.85,synthetic_preprocedure_estimate,6221.83,-242.02
EST001705,C0018297,E0018297,2026-06-15,14700.73,synthetic_preprocedure_estimate,15200.45,499.72
EST001706,C0018310,E0018310,2026-01-20,622.60,synthetic_preprocedure_estimate,635.02,12.42
EST001707,C0018320,E0018320,2025-04-07,4876.79,synthetic_preprocedure_estimate,4499.67,-377.12
EST001708,C0018327,E0018327,2025-06-30,4111.92,synthetic_preprocedure_estimate,4025.57,-86.35
EST001709,C0018331,E0018331,2025-09-08,733.12,synthetic_preprocedure_estimate,810.44,77.32
EST001710,C0018341,E0018341,2026-07-20,2702.97,synthetic_preprocedure_estimate,2813.30,110.33
EST001711,C0018353,E0018353,2026-09-03,7478.82,synthetic_preprocedure_estimate,7097.68,-381.14
EST001712,C0018375,E0018375,2024-12-20,4103.20,synthetic_preprocedure_estimate,4880.55,777.35
EST001713,C0018378,E0018378,2025-02-19,11521.81,synthetic_preprocedure_estimate,12318.33,796.52
EST001714,C0018417,E0018417,2026-06-29,6364.68,synthetic_preprocedure_estimate,6885.44,520.76
EST001715,C0018430,E0018430,2025-04-05,13616.65,synthetic_preprocedure_estimate,13006.90,-609.75
EST001716,C0018431,E0018431,2025-04-30,5317.90,synthetic_preprocedure_estimate,5730.71,412.81
EST001717,C0018432,E0018432,2024-10-01,567.86,synthetic_preprocedure_estimate,569.23,1.37
EST001718,C0018440,E0018440,2025-12-05,6060.89,synthetic_preprocedure_estimate,5941.89,-119.00
EST001719,C0018444,E0018444,2025-02-03,14947.88,synthetic_preprocedure_estimate,14034.83,-913.05
EST001720,C0018455,E0018455,2026-01-25,5122.76,synthetic_preprocedure_estimate,4921.37,-201.39
EST001721,C0018458,E0018458,2024-11-15,12576.67,synthetic_preprocedure_estimate,13917.76,1341.09
EST001722,C0018459,E0018459,2025-10-15,2346.87,synthetic_preprocedure_estimate,3025.44,678.57
EST001723,C0018493,E0018493,2025-10-28,4340.35,synthetic_preprocedure_estimate,5675.83,1335.48
EST001724,C0018496,E0018496,2026-07-17,15649.57,synthetic_preprocedure_estimate,14674.13,-975.44
EST001725,C0018528,E0018528,2025-12-30,15303.22,synthetic_preprocedure_estimate,14100.33,-1202.89
EST001726,C0018543,E0018543,2025-04-28,625.52,synthetic_preprocedure_estimate,664.67,39.15
EST001727,C0018573,E0018573,2024-11-26,10706.07,synthetic_preprocedure_estimate,10695.92,-10.15
EST001728,C0018584,E0018584,2025-11-15,5482.08,synthetic_preprocedure_estimate,6409.80,927.72
EST001729,C0018604,E0018604,2025-07-19,6930.19,synthetic_preprocedure_estimate,6868.28,-61.91
EST001730,C0018608,E0018608,2025-04-02,6104.04,synthetic_preprocedure_estimate,5574.49,-529.55
EST001731,C0018618,E0018618,2026-01-13,7941.16,synthetic_preprocedure_estimate,12668.38,4727.22
EST001732,C0018638,E0018638,2026-06-17,11280.95,synthetic_preprocedure_estimate,12941.96,1661.01
EST001733,C0018653,E0018653,2025-10-03,15815.20,synthetic_preprocedure_estimate,14448.43,-1366.77
EST001734,C0018675,E0018675,2026-08-30,11383.33,synthetic_preprocedure_estimate,10511.00,-872.33
EST001735,C0018679,E0018679,2025-08-15,3226.83,synthetic_preprocedure_estimate,3786.44,559.61
EST001736,C0018682,E0018682,2026-05-04,4274.68,synthetic_preprocedure_estimate,4764.75,490.07
EST001737,C0018698,E0018698,2025-01-22,11865.87,synthetic_preprocedure_estimate,11405.89,-459.98
EST001738,C0018706,E0018706,2025-11-18,5196.95,synthetic_preprocedure_estimate,4953.11,-243.84
EST001739,C0018710,E0018710,2026-05-25,5070.04,synthetic_preprocedure_estimate,4944.09,-125.95
EST001740,C0018716,E0018716,2026-07-28,915.57,synthetic_preprocedure_estimate,850.96,-64.61
EST001741,C0018722,E0018722,2025-03-03,491.92,synthetic_preprocedure_estimate,561.99,70.07
EST001742,C0018753,E0018753,2026-03-27,13445.24,synthetic_preprocedure_estimate,14121.45,676.21
EST001743,C0018757,E0018757,2024-12-23,2422.91,synthetic_preprocedure_estimate,2645.87,222.96
EST001744,C0018772,E0018772,2025-08-17,6154.87,synthetic_preprocedure_estimate,7023.95,869.08
EST001745,C0018774,E0018774,2025-09-11,5538.95,synthetic_preprocedure_estimate,5874.03,335.08
EST001746,C0018780,E0018780,2026-05-14,14787.07,synthetic_preprocedure_estimate,14108.25,-678.82
EST001747,C0018781,E0018781,2026-02-10,4598.90,synthetic_preprocedure_estimate,5423.19,824.29
EST001748,C0018816,E0018816,2025-12-10,5958.75,synthetic_preprocedure_estimate,5665.58,-293.17
EST001749,C0018825,E0018825,2026-09-03,761.01,synthetic_preprocedure_estimate,770.84,9.83
EST001750,C0018847,E0018847,2026-07-04,5753.24,synthetic_preprocedure_estimate,6107.59,354.35
EST001751,C0018851,E0018851,2026-02-08,2772.58,synthetic_preprocedure_estimate,3178.01,405.43
EST001752,C0018862,E0018862,2026-04-20,4060.88,synthetic_preprocedure_estimate,4059.51,-1.37
EST001753,C0018887,E0018887,2025-01-15,6135.53,synthetic_preprocedure_estimate,5992.54,-142.99
EST001754,C0018893,E0018893,2024-10-14,3249.44,synthetic_preprocedure_estimate,3140.55,-108.89
EST001755,C0018932,E0018932,2025-10-09,582.84,synthetic_preprocedure_estimate,712.20,129.36
EST001756,C0018952,E0018952,2025-05-16,12200.74,synthetic_preprocedure_estimate,15158.72,2957.98
EST001757,C0018960,E0018960,2026-04-01,31425.76,synthetic_preprocedure_estimate,32924.56,1498.80
EST001758,C0018992,E0018992,2025-07-18,3092.35,synthetic_preprocedure_estimate,3814.67,722.32
EST001759,C0019002,E0019002,2024-12-05,8705.90,synthetic_preprocedure_estimate,17387.99,8682.09
EST001760,C0019028,E0019028,2025-12-21,4871.41,synthetic_preprocedure_estimate,6030.43,1159.02
EST001761,C0019035,E0019035,2025-05-31,9960.94,synthetic_preprocedure_estimate,10331.53,370.59
EST001762,C0019047,E0019047,2025-12-19,548.72,synthetic_preprocedure_estimate,638.71,89.99
EST001763,C0019053,E0019053,2025-10-23,4345.33,synthetic_preprocedure_estimate,4894.11,548.78
EST001764,C0019064,E0019064,2026-09-06,7084.11,synthetic_preprocedure_estimate,6483.56,-600.55
EST001765,C0019078,E0019078,2024-10-05,12799.81,synthetic_preprocedure_estimate,11833.64,-966.17
EST001766,C0019082,E0019082,2026-04-20,4734.66,synthetic_preprocedure_estimate,5143.94,409.28
EST001767,C0019084,E0019084,2025-02-16,4011.23,synthetic_preprocedure_estimate,4681.70,670.47
EST001768,C0019096,E0019096,2024-11-08,4003.93,synthetic_preprocedure_estimate,4543.75,539.82
EST001769,C0019102,E0019102,2026-08-05,6567.65,synthetic_preprocedure_estimate,6404.40,-163.25
EST001770,C0019105,E0019105,2025-02-18,2891.49,synthetic_preprocedure_estimate,2898.14,6.65
EST001771,C0019110,E0019110,2026-07-27,5820.06,synthetic_preprocedure_estimate,5873.27,53.21
EST001772,C0019124,E0019124,2026-04-13,552.44,synthetic_preprocedure_estimate,584.18,31.74
EST001773,C0019137,E0019137,2024-12-06,14774.40,synthetic_preprocedure_estimate,14700.85,-73.55
EST001774,C0019148,E0019148,2025-07-03,10493.91,synthetic_preprocedure_estimate,10720.60,226.69
EST001775,C0019150,E0019150,2025-06-29,4549.85,synthetic_preprocedure_estimate,5878.92,1329.07
EST001776,C0019160,E0019160,2024-10-05,660.56,synthetic_preprocedure_estimate,772.13,111.57
EST001777,C0019186,E0019186,2024-11-24,3874.71,synthetic_preprocedure_estimate,5061.02,1186.31
EST001778,C0019214,E0019214,2026-04-23,8351.23,synthetic_preprocedure_estimate,10137.39,1786.16
EST001779,C0019223,E0019223,2026-03-28,4785.01,synthetic_preprocedure_estimate,4760.65,-24.36
EST001780,C0019239,E0019239,2025-08-03,802.37,synthetic_preprocedure_estimate,838.18,35.81
EST001781,C0019255,E0019255,2026-05-29,4688.08,synthetic_preprocedure_estimate,5682.18,994.10
EST001782,C0019261,E0019261,2025-01-28,8999.57,synthetic_preprocedure_estimate,10280.96,1281.39
EST001783,C0019276,E0019276,2024-11-05,798.55,synthetic_preprocedure_estimate,872.42,73.87
EST001784,C0019285,E0019285,2025-01-07,5368.49,synthetic_preprocedure_estimate,5615.74,247.25
EST001785,C0019312,E0019312,2025-11-13,13144.09,synthetic_preprocedure_estimate,13786.29,642.20
EST001786,C0019319,E0019319,2026-04-07,16636.99,synthetic_preprocedure_estimate,15638.87,-998.12
EST001787,C0019329,E0019329,2025-10-01,15721.94,synthetic_preprocedure_estimate,15233.73,-488.21
EST001788,C0019339,E0019339,2025-01-22,15801.61,synthetic_preprocedure_estimate,15104.91,-696.70
EST001789,C0019340,E0019340,2026-04-16,4894.77,synthetic_preprocedure_estimate,5322.83,428.06
EST001790,C0019344,E0019344,2025-05-18,4409.96,synthetic_preprocedure_estimate,7233.55,2823.59
EST001791,C0019345,E0019345,2026-04-04,11344.35,synthetic_preprocedure_estimate,10535.56,-808.79
EST001792,C0019391,E0019391,2024-12-09,4840.13,synthetic_preprocedure_estimate,7788.20,2948.07
EST001793,C0019393,E0019393,2024-11-03,3979.87,synthetic_preprocedure_estimate,3852.98,-126.89
EST001794,C0019415,E0019415,2025-02-18,746.40,synthetic_preprocedure_estimate,692.18,-54.22
EST001795,C0019432,E0019432,2025-03-17,11283.84,synthetic_preprocedure_estimate,14497.96,3214.12
EST001796,C0019438,E0019438,2026-07-05,20793.04,synthetic_preprocedure_estimate,21586.48,793.44
EST001797,C0019447,E0019447,2026-07-16,13307.61,synthetic_preprocedure_estimate,15017.58,1709.97
EST001798,C0019458,E0019458,2025-09-27,5511.52,synthetic_preprocedure_estimate,6707.44,1195.92
EST001799,C0019474,E0019474,2025-11-07,5509.72,synthetic_preprocedure_estimate,5488.12,-21.60
EST001800,C0019478,E0019478,2026-01-08,4849.19,synthetic_preprocedure_estimate,4425.48,-423.71
EST001801,C0019480,E0019480,2026-04-04,5429.61,synthetic_preprocedure_estimate,5114.94,-314.67
EST001802,C0019497,E0019497,2024-10-21,473.90,synthetic_preprocedure_estimate,623.72,149.82
EST001803,C0019508,E0019508,2026-01-18,29010.18,synthetic_preprocedure_estimate,27435.96,-1574.22
EST001804,C0019521,E0019521,2025-05-10,6111.18,synthetic_preprocedure_estimate,6207.56,96.38
EST001805,C0019529,E0019529,2025-04-14,5406.84,synthetic_preprocedure_estimate,6595.40,1188.56
EST001806,C0019552,E0019552,2025-06-23,7264.23,synthetic_preprocedure_estimate,6648.03,-616.20
EST001807,C0019555,E0019555,2025-09-19,7995.49,synthetic_preprocedure_estimate,10464.40,2468.91
EST001808,C0019565,E0019565,2024-10-07,2819.11,synthetic_preprocedure_estimate,3496.02,676.91
EST001809,C0019580,E0019580,2025-05-29,12424.15,synthetic_preprocedure_estimate,14206.56,1782.41
EST001810,C0019583,E0019583,2025-10-30,16718.91,synthetic_preprocedure_estimate,15865.46,-853.45
EST001811,C0019599,E0019599,2026-07-07,10143.59,synthetic_preprocedure_estimate,12413.04,2269.45
EST001812,C0019600,E0019600,2026-07-25,11350.73,synthetic_preprocedure_estimate,10677.40,-673.33
EST001813,C0019614,E0019614,2025-11-17,16271.80,synthetic_preprocedure_estimate,15000.82,-1270.98
EST001814,C0019620,E0019620,2025-11-16,5288.00,synthetic_preprocedure_estimate,6650.70,1362.70
EST001815,C0019634,E0019634,2024-12-19,5713.16,synthetic_preprocedure_estimate,6906.45,1193.29
EST001816,C0019641,E0019641,2025-04-17,16355.94,synthetic_preprocedure_estimate,15115.69,-1240.25
EST001817,C0019667,E0019667,2024-10-01,5781.63,synthetic_preprocedure_estimate,5341.04,-440.59
EST001818,C0019682,E0019682,2026-04-18,4545.86,synthetic_preprocedure_estimate,7849.88,3304.02
EST001819,C0019697,E0019697,2024-11-22,12326.57,synthetic_preprocedure_estimate,12323.19,-3.38
EST001820,C0019732,E0019732,2025-09-17,4455.54,synthetic_preprocedure_estimate,4633.45,177.91
EST001821,C0019744,E0019744,2026-06-21,1589.93,synthetic_preprocedure_estimate,1681.45,91.52
EST001822,C0019748,E0019748,2024-11-03,4330.43,synthetic_preprocedure_estimate,4878.25,547.82
EST001823,C0019770,E0019770,2025-07-04,12801.26,synthetic_preprocedure_estimate,11779.88,-1021.38
EST001824,C0019782,E0019782,2024-10-22,11402.28,synthetic_preprocedure_estimate,12478.58,1076.30
EST001825,C0019788,E0019788,2025-09-21,6526.14,synthetic_preprocedure_estimate,6080.29,-445.85
EST001826,C0019796,E0019796,2024-12-24,5324.83,synthetic_preprocedure_estimate,6182.17,857.34
EST001827,C0019801,E0019801,2025-05-10,12871.58,synthetic_preprocedure_estimate,11999.06,-872.52
EST001828,C0019806,E0019806,2024-12-26,13676.28,synthetic_preprocedure_estimate,15942.48,2266.20
EST001829,C0019814,E0019814,2026-08-13,13718.31,synthetic_preprocedure_estimate,13035.05,-683.26
EST001830,C0019824,E0019824,2025-02-13,10236.15,synthetic_preprocedure_estimate,11648.96,1412.81
EST001831,C0019830,E0019830,2025-09-14,4352.66,synthetic_preprocedure_estimate,4472.15,119.49
EST001832,C0019831,E0019831,2025-11-20,5839.51,synthetic_preprocedure_estimate,6612.34,772.83
EST001833,C0019834,E0019834,2025-10-26,3443.69,synthetic_preprocedure_estimate,3396.24,-47.45
EST001834,C0019844,E0019844,2024-12-18,4905.15,synthetic_preprocedure_estimate,5044.60,139.45
EST001835,C0019851,E0019851,2025-02-02,4161.75,synthetic_preprocedure_estimate,4754.63,592.88
EST001836,C0019854,E0019854,2025-02-03,740.62,synthetic_preprocedure_estimate,882.00,141.38
EST001837,C0019860,E0019860,2025-06-19,8525.01,synthetic_preprocedure_estimate,16574.37,8049.36
EST001838,C0019869,E0019869,2026-04-29,2862.35,synthetic_preprocedure_estimate,2992.30,129.95
EST001839,C0019877,E0019877,2026-01-15,5365.81,synthetic_preprocedure_estimate,6641.24,1275.43
EST001840,C0019883,E0019883,2025-04-12,6000.03,synthetic_preprocedure_estimate,6879.46,879.43
EST001841,C0019892,E0019892,2025-03-29,11225.74,synthetic_preprocedure_estimate,14658.81,3433.07
EST001842,C0019895,E0019895,2025-08-11,11810.14,synthetic_preprocedure_estimate,11095.74,-714.40
EST001843,C0019900,E0019900,2025-10-27,13611.95,synthetic_preprocedure_estimate,14588.76,976.81
EST001844,C0019905,E0019905,2024-12-07,6790.34,synthetic_preprocedure_estimate,6487.74,-302.60
EST001845,C0019907,E0019907,2025-08-30,2891.69,synthetic_preprocedure_estimate,3263.86,372.17
EST001846,C0019914,E0019914,2025-03-03,16392.44,synthetic_preprocedure_estimate,15233.06,-1159.38
EST001847,C0019917,E0019917,2026-01-14,5369.91,synthetic_preprocedure_estimate,5347.09,-22.82
EST001848,C0019926,E0019926,2025-07-22,10647.75,synthetic_preprocedure_estimate,11827.02,1179.27
EST001849,C0019958,E0019958,2026-07-23,5017.53,synthetic_preprocedure_estimate,5237.71,220.18
EST001850,C0019963,E0019963,2025-03-30,3746.66,synthetic_preprocedure_estimate,3578.65,-168.01
