referral_id,source_provider_id,destination_provider_id,destination_facility_id,member_id,referral_date,referral_reason,referral_source
R000001,P0067,P0030,F0030,M001748,2025-01-05,equipment,synthetic_referral_record
R000002,P0226,P0031,F0031,M002173,2026-08-23,equipment,synthetic_referral_record
R000003,P0022,P0032,F0032,M000745,2024-12-31,laboratory_testing,synthetic_referral_record
R000004,P0202,P0033,F0033,M000970,2025-12-11,consultation,synthetic_referral_record
R000005,P0020,P0034,F0034,M003813,2025-07-11,consultation,synthetic_referral_record
R000006,P0016,P0029,F0029,M003552,2024-11-28,consultation,synthetic_referral_record
R000007,P0203,P0030,F0030,M001896,2026-02-06,consultation,synthetic_referral_record
R000008,P0085,P0031,F0031,M000551,2025-05-08,continuity_of_care,synthetic_referral_record
R000009,P0106,P0032,F0032,M000877,2024-12-11,equipment,synthetic_referral_record
R000010,P0200,P0033,F0033,M003200,2024-10-26,equipment,synthetic_referral_record
R000011,P0183,P0034,F0034,M001228,2026-03-06,consultation,synthetic_referral_record
R000012,P0226,P0029,F0029,M001857,2026-08-12,continuity_of_care,synthetic_referral_record
R000013,P0250,P0030,F0030,M002673,2025-05-27,laboratory_testing,synthetic_referral_record
R000014,P0153,P0031,F0031,M002786,2025-03-17,equipment,synthetic_referral_record
R000015,P0140,P0032,F0032,M002795,2025-07-13,equipment,synthetic_referral_record
R000016,P0027,P0033,F0033,M002013,2024-10-22,consultation,synthetic_referral_record
R000017,P0223,P0034,F0034,M003767,2025-06-26,equipment,synthetic_referral_record
R000018,P0179,P0029,F0029,M003671,2024-12-16,equipment,synthetic_referral_record
R000019,P0239,P0030,F0030,M000386,2024-12-09,consultation,synthetic_referral_record
R000020,P0015,P0031,F0031,M001796,2024-12-31,equipment,synthetic_referral_record
R000021,P0229,P0032,F0032,M001030,2026-03-20,laboratory_testing,synthetic_referral_record
R000022,P0024,P0033,F0033,M003648,2026-02-09,laboratory_testing,synthetic_referral_record
R000023,P0028,P0034,F0034,M000753,2025-09-06,continuity_of_care,synthetic_referral_record
R000024,P0162,P0029,F0029,M002131,2026-07-06,continuity_of_care,synthetic_referral_record
R000025,P0017,P0030,F0030,M001130,2026-06-06,equipment,synthetic_referral_record
R000026,P0170,P0031,F0031,M000372,2025-02-19,laboratory_testing,synthetic_referral_record
R000027,P0024,P0032,F0032,M000935,2024-11-03,consultation,synthetic_referral_record
R000028,P0019,P0033,F0033,M001388,2025-07-13,equipment,synthetic_referral_record
R000029,P0203,P0034,F0034,M001053,2025-06-18,laboratory_testing,synthetic_referral_record
R000030,P0179,P0029,F0029,M000178,2025-03-30,continuity_of_care,synthetic_referral_record
R000031,P0026,P0030,F0030,M003237,2026-05-12,equipment,synthetic_referral_record
R000032,P0153,P0031,F0031,M002571,2026-08-16,equipment,synthetic_referral_record
R000033,P0229,P0032,F0032,M002914,2025-05-01,consultation,synthetic_referral_record
R000034,P0021,P0033,F0033,M002024,2026-09-05,equipment,synthetic_referral_record
R000035,P0165,P0034,F0034,M000568,2025-08-18,laboratory_testing,synthetic_referral_record
R000036,P0027,P0029,F0029,M003622,2025-04-01,equipment,synthetic_referral_record
R000037,P0085,P0030,F0030,M001510,2026-02-03,continuity_of_care,synthetic_referral_record
R000038,P0016,P0031,F0031,M001886,2025-06-24,consultation,synthetic_referral_record
R000039,P0131,P0032,F0032,M002289,2024-10-30,consultation,synthetic_referral_record
R000040,P0022,P0033,F0033,M000240,2025-12-26,equipment,synthetic_referral_record
R000041,P0079,P0034,F0034,M002631,2024-10-02,laboratory_testing,synthetic_referral_record
R000042,P0165,P0029,F0029,M002516,2025-01-01,laboratory_testing,synthetic_referral_record
R000043,P0199,P0030,F0030,M003753,2026-05-23,consultation,synthetic_referral_record
R000044,P0151,P0031,F0031,M003345,2024-11-09,equipment,synthetic_referral_record
R000045,P0229,P0032,F0032,M000113,2025-05-23,continuity_of_care,synthetic_referral_record
R000046,P0203,P0033,F0033,M003113,2025-06-07,laboratory_testing,synthetic_referral_record
R000047,P0202,P0034,F0034,M000242,2024-11-18,laboratory_testing,synthetic_referral_record
R000048,P0117,P0029,F0029,M001947,2025-02-03,laboratory_testing,synthetic_referral_record
R000049,P0079,P0030,F0030,M000573,2026-01-21,equipment,synthetic_referral_record
R000050,P0202,P0031,F0031,M001295,2025-05-29,continuity_of_care,synthetic_referral_record
R000051,P0115,P0032,F0032,M002998,2025-08-22,continuity_of_care,synthetic_referral_record
R000052,P0203,P0033,F0033,M000493,2026-09-17,consultation,synthetic_referral_record
R000053,P0027,P0034,F0034,M002639,2026-08-25,laboratory_testing,synthetic_referral_record
R000054,P0096,P0029,F0029,M001235,2026-03-26,continuity_of_care,synthetic_referral_record
R000055,P0179,P0030,F0030,M000708,2026-08-23,continuity_of_care,synthetic_referral_record
R000056,P0019,P0031,F0031,M000587,2025-04-03,continuity_of_care,synthetic_referral_record
R000057,P0098,P0032,F0032,M003415,2026-09-23,continuity_of_care,synthetic_referral_record
R000058,P0028,P0033,F0033,M002706,2025-07-23,laboratory_testing,synthetic_referral_record
R000059,P0165,P0034,F0034,M001958,2025-01-04,laboratory_testing,synthetic_referral_record
R000060,P0199,P0029,F0029,M001820,2026-04-22,consultation,synthetic_referral_record
R000061,P0250,P0030,F0030,M002245,2026-02-16,consultation,synthetic_referral_record
R000062,P0183,P0031,F0031,M003832,2025-01-16,laboratory_testing,synthetic_referral_record
R000063,P0179,P0032,F0032,M001398,2026-08-24,consultation,synthetic_referral_record
R000064,P0024,P0033,F0033,M003867,2026-05-03,laboratory_testing,synthetic_referral_record
R000065,P0202,P0034,F0034,M001257,2025-05-17,consultation,synthetic_referral_record
R000066,P0086,P0029,F0029,M001143,2025-01-21,consultation,synthetic_referral_record
R000067,P0016,P0030,F0030,M003191,2025-08-20,continuity_of_care,synthetic_referral_record
R000068,P0173,P0031,F0031,M001728,2024-10-01,equipment,synthetic_referral_record
R000069,P0160,P0032,F0032,M001968,2025-04-24,equipment,synthetic_referral_record
R000070,P0250,P0033,F0033,M003043,2025-08-01,equipment,synthetic_referral_record
R000071,P0021,P0034,F0034,M002281,2026-05-04,consultation,synthetic_referral_record
R000072,P0115,P0029,F0029,M000967,2026-02-10,continuity_of_care,synthetic_referral_record
R000073,P0170,P0030,F0030,M002286,2024-12-31,laboratory_testing,synthetic_referral_record
R000074,P0015,P0031,F0031,M002269,2024-11-09,continuity_of_care,synthetic_referral_record
R000075,P0229,P0032,F0032,M003416,2024-11-07,laboratory_testing,synthetic_referral_record
R000076,P0162,P0033,F0033,M003711,2024-11-15,continuity_of_care,synthetic_referral_record
R000077,P0025,P0034,F0034,M001280,2024-10-15,equipment,synthetic_referral_record
R000078,P0188,P0029,F0029,M001487,2025-02-01,equipment,synthetic_referral_record
R000079,P0199,P0030,F0030,M002208,2025-08-20,continuity_of_care,synthetic_referral_record
R000080,P0151,P0031,F0031,M003978,2025-04-23,consultation,synthetic_referral_record
R000081,P0229,P0032,F0032,M001959,2025-01-05,laboratory_testing,synthetic_referral_record
R000082,P0072,P0033,F0033,M002290,2026-07-18,consultation,synthetic_referral_record
R000083,P0028,P0034,F0034,M002728,2025-05-29,consultation,synthetic_referral_record
R000084,P0162,P0029,F0029,M000881,2025-01-19,laboratory_testing,synthetic_referral_record
R000085,P0248,P0030,F0030,M000422,2026-05-24,equipment,synthetic_referral_record
R000086,P0156,P0031,F0031,M000664,2026-08-19,equipment,synthetic_referral_record
R000087,P0025,P0032,F0032,M002645,2025-03-15,consultation,synthetic_referral_record
R000088,P0026,P0033,F0033,M002699,2024-12-26,laboratory_testing,synthetic_referral_record
R000089,P0153,P0034,F0034,M003402,2024-10-17,laboratory_testing,synthetic_referral_record
R000090,P0188,P0029,F0029,M002481,2026-07-18,equipment,synthetic_referral_record
R000091,P0026,P0030,F0030,M003704,2025-02-04,consultation,synthetic_referral_record
R000092,P0086,P0031,F0031,M002523,2025-06-11,equipment,synthetic_referral_record
R000093,P0230,P0032,F0032,M003321,2025-03-17,continuity_of_care,synthetic_referral_record
R000094,P0028,P0033,F0033,M003513,2026-06-26,consultation,synthetic_referral_record
R000095,P0183,P0034,F0034,M000254,2025-09-02,consultation,synthetic_referral_record
R000096,P0200,P0029,F0029,M003485,2025-12-31,laboratory_testing,synthetic_referral_record
R000097,P0200,P0030,F0030,M000968,2026-01-10,consultation,synthetic_referral_record
R000098,P0117,P0031,F0031,M000799,2025-06-07,laboratory_testing,synthetic_referral_record
R000099,P0156,P0032,F0032,M000986,2026-09-16,equipment,synthetic_referral_record
R000100,P0156,P0033,F0033,M003299,2024-11-04,continuity_of_care,synthetic_referral_record
R000101,P0072,P0034,F0034,M002214,2025-10-10,laboratory_testing,synthetic_referral_record
R000102,P0248,P0029,F0029,M000812,2025-12-08,equipment,synthetic_referral_record
R000103,P0195,P0030,F0030,M003203,2026-08-20,equipment,synthetic_referral_record
R000104,P0183,P0031,F0031,M001036,2024-10-23,laboratory_testing,synthetic_referral_record
R000105,P0131,P0032,F0032,M002866,2025-10-15,continuity_of_care,synthetic_referral_record
R000106,P0079,P0033,F0033,M002799,2026-05-25,laboratory_testing,synthetic_referral_record
R000107,P0121,P0034,F0034,M003182,2025-01-22,continuity_of_care,synthetic_referral_record
R000108,P0022,P0029,F0029,M003279,2026-04-23,consultation,synthetic_referral_record
R000109,P0226,P0030,F0030,M000280,2025-07-09,consultation,synthetic_referral_record
R000110,P0106,P0031,F0031,M003346,2026-02-25,continuity_of_care,synthetic_referral_record
R000111,P0028,P0032,F0032,M001401,2025-09-30,laboratory_testing,synthetic_referral_record
R000112,P0067,P0033,F0033,M002864,2025-08-02,consultation,synthetic_referral_record
R000113,P0072,P0034,F0034,M002199,2026-08-26,continuity_of_care,synthetic_referral_record
R000114,P0140,P0029,F0029,M000185,2025-09-02,continuity_of_care,synthetic_referral_record
R000115,P0226,P0030,F0030,M003239,2025-03-08,consultation,synthetic_referral_record
R000116,P0123,P0031,F0031,M003580,2024-12-10,equipment,synthetic_referral_record
R000117,P0173,P0032,F0032,M000886,2026-06-07,laboratory_testing,synthetic_referral_record
R000118,P0202,P0033,F0033,M003623,2025-09-21,continuity_of_care,synthetic_referral_record
R000119,P0236,P0034,F0034,M003543,2025-12-26,equipment,synthetic_referral_record
R000120,P0229,P0029,F0029,M000427,2025-12-26,continuity_of_care,synthetic_referral_record
R000121,P0025,P0030,F0030,M001354,2026-08-11,laboratory_testing,synthetic_referral_record
R000122,P0117,P0031,F0031,M000093,2024-12-09,consultation,synthetic_referral_record
R000123,P0241,P0032,F0032,M002752,2026-09-02,consultation,synthetic_referral_record
R000124,P0223,P0033,F0033,M003562,2024-11-21,continuity_of_care,synthetic_referral_record
R000125,P0195,P0034,F0034,M003842,2024-11-05,consultation,synthetic_referral_record
R000126,P0027,P0029,F0029,M001309,2025-03-31,equipment,synthetic_referral_record
R000127,P0134,P0030,F0030,M000687,2026-01-27,laboratory_testing,synthetic_referral_record
R000128,P0170,P0031,F0031,M001313,2025-09-10,continuity_of_care,synthetic_referral_record
R000129,P0021,P0032,F0032,M002221,2026-08-14,laboratory_testing,synthetic_referral_record
R000130,P0020,P0033,F0033,M003007,2026-06-08,equipment,synthetic_referral_record
R000131,P0140,P0034,F0034,M001073,2024-10-15,laboratory_testing,synthetic_referral_record
R000132,P0160,P0029,F0029,M003886,2025-12-24,continuity_of_care,synthetic_referral_record
R000133,P0223,P0030,F0030,M003910,2026-04-14,laboratory_testing,synthetic_referral_record
R000134,P0180,P0031,F0031,M003278,2026-09-25,equipment,synthetic_referral_record
R000135,P0079,P0032,F0032,M002491,2025-03-06,laboratory_testing,synthetic_referral_record
R000136,P0188,P0033,F0033,M001299,2025-09-10,laboratory_testing,synthetic_referral_record
R000137,P0131,P0034,F0034,M000111,2024-11-21,consultation,synthetic_referral_record
R000138,P0015,P0029,F0029,M003745,2026-03-15,continuity_of_care,synthetic_referral_record
R000139,P0019,P0030,F0030,M003883,2025-05-26,consultation,synthetic_referral_record
R000140,P0153,P0031,F0031,M003179,2026-09-22,consultation,synthetic_referral_record
R000141,P0106,P0032,F0032,M000735,2026-01-20,laboratory_testing,synthetic_referral_record
R000142,P0130,P0033,F0033,M000567,2025-01-07,consultation,synthetic_referral_record
R000143,P0195,P0034,F0034,M001426,2026-03-11,continuity_of_care,synthetic_referral_record
R000144,P0202,P0029,F0029,M002477,2026-05-03,continuity_of_care,synthetic_referral_record
R000145,P0202,P0030,F0030,M002833,2026-05-12,continuity_of_care,synthetic_referral_record
R000146,P0131,P0031,F0031,M001090,2025-11-03,laboratory_testing,synthetic_referral_record
R000147,P0156,P0032,F0032,M002082,2026-09-19,continuity_of_care,synthetic_referral_record
R000148,P0235,P0033,F0033,M000212,2024-11-25,consultation,synthetic_referral_record
R000149,P0082,P0034,F0034,M001840,2025-05-01,laboratory_testing,synthetic_referral_record
R000150,P0248,P0029,F0029,M002517,2025-06-08,laboratory_testing,synthetic_referral_record
R000151,P0151,P0030,F0030,M002132,2024-11-26,continuity_of_care,synthetic_referral_record
R000152,P0134,P0031,F0031,M000598,2025-05-21,continuity_of_care,synthetic_referral_record
R000153,P0020,P0032,F0032,M002168,2025-12-26,laboratory_testing,synthetic_referral_record
R000154,P0179,P0033,F0033,M001240,2026-07-05,continuity_of_care,synthetic_referral_record
R000155,P0180,P0034,F0034,M001404,2025-08-13,laboratory_testing,synthetic_referral_record
R000156,P0021,P0029,F0029,M001399,2025-09-07,continuity_of_care,synthetic_referral_record
R000157,P0028,P0030,F0030,M003953,2025-09-01,laboratory_testing,synthetic_referral_record
R000158,P0236,P0031,F0031,M002249,2025-09-14,laboratory_testing,synthetic_referral_record
R000159,P0180,P0032,F0032,M002174,2024-10-03,equipment,synthetic_referral_record
R000160,P0173,P0033,F0033,M002633,2025-07-09,equipment,synthetic_referral_record
R000161,P0179,P0034,F0034,M001073,2025-05-01,equipment,synthetic_referral_record
R000162,P0130,P0029,F0029,M003819,2026-08-14,consultation,synthetic_referral_record
R000163,P0179,P0030,F0030,M003244,2025-02-03,continuity_of_care,synthetic_referral_record
R000164,P0248,P0031,F0031,M000384,2026-05-15,laboratory_testing,synthetic_referral_record
R000165,P0093,P0032,F0032,M003927,2025-09-21,laboratory_testing,synthetic_referral_record
R000166,P0134,P0033,F0033,M000038,2025-05-11,continuity_of_care,synthetic_referral_record
R000167,P0022,P0034,F0034,M000172,2026-06-12,equipment,synthetic_referral_record
R000168,P0123,P0029,F0029,M002382,2025-05-12,continuity_of_care,synthetic_referral_record
R000169,P0162,P0030,F0030,M003946,2026-01-03,continuity_of_care,synthetic_referral_record
R000170,P0028,P0031,F0031,M002218,2025-07-31,equipment,synthetic_referral_record
R000171,P0160,P0032,F0032,M003900,2025-06-28,consultation,synthetic_referral_record
R000172,P0085,P0033,F0033,M000666,2026-06-15,equipment,synthetic_referral_record
R000173,P0072,P0034,F0034,M001638,2025-12-19,consultation,synthetic_referral_record
R000174,P0156,P0029,F0029,M001236,2025-06-10,consultation,synthetic_referral_record
R000175,P0020,P0030,F0030,M002042,2025-02-18,equipment,synthetic_referral_record
R000176,P0170,P0031,F0031,M003843,2024-11-13,continuity_of_care,synthetic_referral_record
R000177,P0093,P0032,F0032,M002965,2025-04-21,equipment,synthetic_referral_record
R000178,P0241,P0033,F0033,M000353,2025-07-10,continuity_of_care,synthetic_referral_record
R000179,P0131,P0034,F0034,M001280,2025-12-10,consultation,synthetic_referral_record
R000180,P0223,P0029,F0029,M000624,2026-07-09,consultation,synthetic_referral_record
R000181,P0170,P0030,F0030,M002336,2025-12-21,equipment,synthetic_referral_record
R000182,P0134,P0031,F0031,M001139,2024-11-27,laboratory_testing,synthetic_referral_record
R000183,P0096,P0032,F0032,M001709,2026-07-13,continuity_of_care,synthetic_referral_record
R000184,P0115,P0033,F0033,M000397,2025-06-09,continuity_of_care,synthetic_referral_record
R000185,P0188,P0034,F0034,M002226,2024-12-11,continuity_of_care,synthetic_referral_record
R000186,P0106,P0029,F0029,M001659,2025-09-17,continuity_of_care,synthetic_referral_record
R000187,P0018,P0030,F0030,M001345,2026-04-02,laboratory_testing,synthetic_referral_record
R000188,P0173,P0031,F0031,M000186,2025-08-31,laboratory_testing,synthetic_referral_record
R000189,P0223,P0032,F0032,M002640,2026-08-13,laboratory_testing,synthetic_referral_record
R000190,P0023,P0033,F0033,M001849,2026-06-24,equipment,synthetic_referral_record
R000191,P0155,P0034,F0034,M002746,2026-08-30,laboratory_testing,synthetic_referral_record
R000192,P0016,P0029,F0029,M003782,2026-03-18,equipment,synthetic_referral_record
R000193,P0195,P0030,F0030,M003768,2026-09-22,continuity_of_care,synthetic_referral_record
R000194,P0022,P0031,F0031,M001726,2025-03-16,equipment,synthetic_referral_record
R000195,P0140,P0032,F0032,M001920,2025-09-12,continuity_of_care,synthetic_referral_record
R000196,P0229,P0033,F0033,M001154,2026-04-10,consultation,synthetic_referral_record
R000197,P0226,P0034,F0034,M000691,2025-02-07,continuity_of_care,synthetic_referral_record
R000198,P0160,P0029,F0029,M000197,2025-11-23,equipment,synthetic_referral_record
R000199,P0130,P0030,F0030,M000224,2024-12-26,laboratory_testing,synthetic_referral_record
R000200,P0121,P0031,F0031,M000168,2024-11-17,consultation,synthetic_referral_record
R000201,P0235,P0032,F0032,M003066,2025-04-23,equipment,synthetic_referral_record
R000202,P0203,P0033,F0033,M001996,2025-08-04,continuity_of_care,synthetic_referral_record
R000203,P0160,P0034,F0034,M001482,2025-06-16,laboratory_testing,synthetic_referral_record
R000204,P0229,P0029,F0029,M001545,2025-10-24,laboratory_testing,synthetic_referral_record
R000205,P0160,P0030,F0030,M002136,2024-12-02,laboratory_testing,synthetic_referral_record
R000206,P0086,P0031,F0031,M001029,2026-08-14,consultation,synthetic_referral_record
R000207,P0183,P0032,F0032,M003384,2025-03-27,laboratory_testing,synthetic_referral_record
R000208,P0147,P0033,F0033,M002371,2025-06-17,continuity_of_care,synthetic_referral_record
R000209,P0180,P0034,F0034,M000284,2026-04-13,consultation,synthetic_referral_record
R000210,P0151,P0029,F0029,M000513,2024-11-23,laboratory_testing,synthetic_referral_record
R000211,P0085,P0030,F0030,M003411,2025-10-19,laboratory_testing,synthetic_referral_record
R000212,P0229,P0031,F0031,M000131,2025-09-04,consultation,synthetic_referral_record
R000213,P0165,P0032,F0032,M003637,2026-02-10,continuity_of_care,synthetic_referral_record
R000214,P0229,P0033,F0033,M002797,2025-09-06,continuity_of_care,synthetic_referral_record
R000215,P0179,P0034,F0034,M000122,2025-05-13,equipment,synthetic_referral_record
R000216,P0098,P0029,F0029,M000851,2025-07-02,continuity_of_care,synthetic_referral_record
R000217,P0165,P0030,F0030,M001799,2026-04-03,continuity_of_care,synthetic_referral_record
R000218,P0016,P0031,F0031,M000944,2025-12-01,laboratory_testing,synthetic_referral_record
R000219,P0155,P0032,F0032,M001533,2024-12-31,equipment,synthetic_referral_record
R000220,P0086,P0033,F0033,M000153,2025-11-11,laboratory_testing,synthetic_referral_record
R000221,P0250,P0034,F0034,M000005,2025-10-03,continuity_of_care,synthetic_referral_record
R000222,P0023,P0029,F0029,M003284,2026-08-19,consultation,synthetic_referral_record
R000223,P0230,P0030,F0030,M003832,2025-06-30,equipment,synthetic_referral_record
R000224,P0180,P0031,F0031,M001528,2025-10-03,equipment,synthetic_referral_record
R000225,P0023,P0032,F0032,M001163,2026-04-14,laboratory_testing,synthetic_referral_record
R000226,P0223,P0033,F0033,M002588,2025-01-02,laboratory_testing,synthetic_referral_record
R000227,P0162,P0034,F0034,M000155,2026-02-05,equipment,synthetic_referral_record
R000228,P0093,P0029,F0029,M002016,2026-01-26,equipment,synthetic_referral_record
R000229,P0134,P0030,F0030,M002135,2024-11-03,equipment,synthetic_referral_record
R000230,P0156,P0031,F0031,M001221,2025-10-01,equipment,synthetic_referral_record
R000231,P0199,P0032,F0032,M000030,2026-05-11,consultation,synthetic_referral_record
R000232,P0156,P0033,F0033,M002155,2025-06-03,continuity_of_care,synthetic_referral_record
R000233,P0226,P0034,F0034,M002429,2025-03-28,consultation,synthetic_referral_record
R000234,P0086,P0029,F0029,M001713,2025-06-03,equipment,synthetic_referral_record
R000235,P0148,P0030,F0030,M003238,2024-11-17,laboratory_testing,synthetic_referral_record
R000236,P0121,P0031,F0031,M000551,2026-08-11,consultation,synthetic_referral_record
R000237,P0183,P0032,F0032,M002318,2025-06-10,continuity_of_care,synthetic_referral_record
R000238,P0085,P0033,F0033,M001486,2025-10-13,consultation,synthetic_referral_record
R000239,P0019,P0034,F0034,M002058,2026-02-27,laboratory_testing,synthetic_referral_record
R000240,P0121,P0029,F0029,M000234,2025-02-07,consultation,synthetic_referral_record
R000241,P0230,P0030,F0030,M000678,2025-04-28,consultation,synthetic_referral_record
R000242,P0131,P0031,F0031,M003975,2025-05-30,continuity_of_care,synthetic_referral_record
R000243,P0195,P0032,F0032,M002328,2026-08-15,continuity_of_care,synthetic_referral_record
R000244,P0067,P0033,F0033,M001959,2026-08-25,consultation,synthetic_referral_record
R000245,P0082,P0034,F0034,M003723,2024-11-21,continuity_of_care,synthetic_referral_record
R000246,P0019,P0029,F0029,M002301,2026-09-13,consultation,synthetic_referral_record
R000247,P0079,P0030,F0030,M001029,2026-07-23,equipment,synthetic_referral_record
R000248,P0123,P0031,F0031,M000658,2026-03-02,continuity_of_care,synthetic_referral_record
R000249,P0248,P0032,F0032,M000744,2026-03-15,equipment,synthetic_referral_record
R000250,P0085,P0033,F0033,M000073,2025-06-12,continuity_of_care,synthetic_referral_record
R000251,P0072,P0034,F0034,M003003,2025-12-03,continuity_of_care,synthetic_referral_record
R000252,P0200,P0029,F0029,M003068,2025-04-22,continuity_of_care,synthetic_referral_record
R000253,P0226,P0030,F0030,M002776,2024-10-29,laboratory_testing,synthetic_referral_record
R000254,P0018,P0031,F0031,M001006,2026-03-20,continuity_of_care,synthetic_referral_record
R000255,P0183,P0032,F0032,M003129,2025-07-19,continuity_of_care,synthetic_referral_record
R000256,P0236,P0033,F0033,M002681,2025-04-02,consultation,synthetic_referral_record
R000257,P0239,P0034,F0034,M000042,2026-04-21,laboratory_testing,synthetic_referral_record
R000258,P0202,P0029,F0029,M003137,2025-07-12,equipment,synthetic_referral_record
R000259,P0241,P0030,F0030,M000923,2025-07-28,laboratory_testing,synthetic_referral_record
R000260,P0241,P0031,F0031,M003002,2026-07-11,continuity_of_care,synthetic_referral_record
R000261,P0024,P0032,F0032,M003457,2024-12-26,continuity_of_care,synthetic_referral_record
R000262,P0183,P0033,F0033,M000646,2025-08-15,laboratory_testing,synthetic_referral_record
R000263,P0239,P0034,F0034,M003672,2026-01-19,continuity_of_care,synthetic_referral_record
R000264,P0106,P0029,F0029,M000632,2025-01-07,continuity_of_care,synthetic_referral_record
R000265,P0179,P0030,F0030,M003027,2025-08-18,equipment,synthetic_referral_record
R000266,P0082,P0031,F0031,M003828,2024-10-01,laboratory_testing,synthetic_referral_record
R000267,P0131,P0032,F0032,M002345,2025-01-02,continuity_of_care,synthetic_referral_record
R000268,P0155,P0033,F0033,M002607,2025-12-14,laboratory_testing,synthetic_referral_record
R000269,P0067,P0034,F0034,M003923,2025-08-13,consultation,synthetic_referral_record
R000270,P0019,P0029,F0029,M002549,2026-08-05,laboratory_testing,synthetic_referral_record
R000271,P0248,P0030,F0030,M001286,2026-04-21,laboratory_testing,synthetic_referral_record
R000272,P0121,P0031,F0031,M002164,2026-08-07,consultation,synthetic_referral_record
R000273,P0156,P0032,F0032,M002536,2025-11-12,continuity_of_care,synthetic_referral_record
R000274,P0235,P0033,F0033,M000755,2026-05-18,equipment,synthetic_referral_record
R000275,P0224,P0034,F0034,M000425,2026-01-27,continuity_of_care,synthetic_referral_record
R000276,P0022,P0029,F0029,M002711,2025-03-15,consultation,synthetic_referral_record
R000277,P0020,P0030,F0030,M003874,2025-07-30,laboratory_testing,synthetic_referral_record
R000278,P0235,P0031,F0031,M000474,2026-02-06,consultation,synthetic_referral_record
R000279,P0200,P0032,F0032,M000863,2026-04-17,continuity_of_care,synthetic_referral_record
R000280,P0085,P0033,F0033,M002368,2026-08-21,equipment,synthetic_referral_record
R000281,P0085,P0034,F0034,M002775,2026-03-21,laboratory_testing,synthetic_referral_record
R000282,P0224,P0029,F0029,M002847,2025-03-24,laboratory_testing,synthetic_referral_record
R000283,P0151,P0030,F0030,M003908,2026-05-23,equipment,synthetic_referral_record
R000284,P0179,P0031,F0031,M002093,2026-07-04,laboratory_testing,synthetic_referral_record
R000285,P0199,P0032,F0032,M000343,2025-06-15,continuity_of_care,synthetic_referral_record
R000286,P0180,P0033,F0033,M000037,2025-12-20,consultation,synthetic_referral_record
R000287,P0020,P0034,F0034,M001584,2026-01-31,laboratory_testing,synthetic_referral_record
R000288,P0093,P0029,F0029,M003024,2025-08-14,continuity_of_care,synthetic_referral_record
R000289,P0020,P0030,F0030,M001252,2026-03-23,equipment,synthetic_referral_record
R000290,P0236,P0031,F0031,M003892,2026-04-16,consultation,synthetic_referral_record
R000291,P0230,P0032,F0032,M002730,2025-08-20,laboratory_testing,synthetic_referral_record
R000292,P0224,P0033,F0033,M001154,2025-07-10,continuity_of_care,synthetic_referral_record
R000293,P0067,P0034,F0034,M003641,2025-08-30,laboratory_testing,synthetic_referral_record
R000294,P0072,P0029,F0029,M000589,2024-11-12,continuity_of_care,synthetic_referral_record
R000295,P0223,P0030,F0030,M000710,2024-10-01,equipment,synthetic_referral_record
R000296,P0117,P0031,F0031,M002083,2025-02-16,continuity_of_care,synthetic_referral_record
R000297,P0180,P0032,F0032,M003134,2025-03-28,continuity_of_care,synthetic_referral_record
R000298,P0072,P0033,F0033,M003905,2025-11-20,laboratory_testing,synthetic_referral_record
R000299,P0229,P0034,F0034,M002521,2026-08-10,laboratory_testing,synthetic_referral_record
R000300,P0131,P0029,F0029,M000698,2025-06-21,equipment,synthetic_referral_record
R000301,P0123,P0030,F0030,M000886,2026-09-22,continuity_of_care,synthetic_referral_record
R000302,P0153,P0031,F0031,M000206,2024-10-31,consultation,synthetic_referral_record
R000303,P0018,P0032,F0032,M001564,2025-08-23,continuity_of_care,synthetic_referral_record
R000304,P0093,P0033,F0033,M003252,2025-09-19,consultation,synthetic_referral_record
R000305,P0236,P0034,F0034,M003435,2025-06-27,laboratory_testing,synthetic_referral_record
R000306,P0179,P0029,F0029,M000405,2026-03-02,equipment,synthetic_referral_record
R000307,P0226,P0030,F0030,M000545,2025-01-28,equipment,synthetic_referral_record
R000308,P0093,P0031,F0031,M002105,2026-01-02,continuity_of_care,synthetic_referral_record
R000309,P0019,P0032,F0032,M003301,2024-12-22,laboratory_testing,synthetic_referral_record
R000310,P0155,P0033,F0033,M000921,2025-06-10,equipment,synthetic_referral_record
R000311,P0015,P0034,F0034,M003739,2025-08-27,equipment,synthetic_referral_record
R000312,P0170,P0029,F0029,M002977,2026-02-09,laboratory_testing,synthetic_referral_record
R000313,P0160,P0030,F0030,M001077,2026-08-25,consultation,synthetic_referral_record
R000314,P0223,P0031,F0031,M002057,2025-06-29,laboratory_testing,synthetic_referral_record
R000315,P0134,P0032,F0032,M003207,2026-09-19,equipment,synthetic_referral_record
R000316,P0188,P0033,F0033,M002173,2026-01-27,laboratory_testing,synthetic_referral_record
R000317,P0098,P0034,F0034,M000938,2026-07-02,equipment,synthetic_referral_record
R000318,P0117,P0029,F0029,M003464,2024-12-13,continuity_of_care,synthetic_referral_record
R000319,P0017,P0030,F0030,M001839,2025-09-23,laboratory_testing,synthetic_referral_record
R000320,P0151,P0031,F0031,M001391,2025-05-24,equipment,synthetic_referral_record
R000321,P0086,P0032,F0032,M002645,2024-11-22,consultation,synthetic_referral_record
R000322,P0179,P0033,F0033,M002805,2026-02-01,continuity_of_care,synthetic_referral_record
R000323,P0027,P0034,F0034,M003553,2025-02-19,equipment,synthetic_referral_record
R000324,P0028,P0029,F0029,M001662,2025-10-10,consultation,synthetic_referral_record
R000325,P0020,P0030,F0030,M001049,2025-10-15,consultation,synthetic_referral_record
R000326,P0067,P0031,F0031,M000533,2025-05-14,consultation,synthetic_referral_record
R000327,P0131,P0032,F0032,M003777,2026-02-09,equipment,synthetic_referral_record
R000328,P0016,P0033,F0033,M002315,2026-05-16,continuity_of_care,synthetic_referral_record
R000329,P0019,P0034,F0034,M003857,2026-03-27,consultation,synthetic_referral_record
R000330,P0079,P0029,F0029,M000247,2026-01-09,equipment,synthetic_referral_record
R000331,P0024,P0030,F0030,M001104,2026-04-22,consultation,synthetic_referral_record
R000332,P0236,P0031,F0031,M002800,2025-09-07,laboratory_testing,synthetic_referral_record
R000333,P0223,P0032,F0032,M000718,2024-10-26,consultation,synthetic_referral_record
R000334,P0202,P0033,F0033,M002878,2025-12-08,continuity_of_care,synthetic_referral_record
R000335,P0239,P0034,F0034,M001424,2025-06-30,equipment,synthetic_referral_record
R000336,P0086,P0029,F0029,M001792,2024-11-03,continuity_of_care,synthetic_referral_record
R000337,P0117,P0030,F0030,M001327,2025-02-14,laboratory_testing,synthetic_referral_record
R000338,P0224,P0031,F0031,M000422,2025-10-17,continuity_of_care,synthetic_referral_record
R000339,P0188,P0032,F0032,M001601,2026-06-05,laboratory_testing,synthetic_referral_record
R000340,P0156,P0033,F0033,M000595,2026-08-04,continuity_of_care,synthetic_referral_record
R000341,P0153,P0034,F0034,M002579,2024-11-25,equipment,synthetic_referral_record
R000342,P0250,P0029,F0029,M000955,2024-11-25,consultation,synthetic_referral_record
R000343,P0016,P0030,F0030,M000811,2026-09-16,continuity_of_care,synthetic_referral_record
R000344,P0024,P0031,F0031,M003818,2026-07-28,consultation,synthetic_referral_record
R000345,P0173,P0032,F0032,M001119,2026-03-23,laboratory_testing,synthetic_referral_record
R000346,P0018,P0033,F0033,M003178,2026-04-18,continuity_of_care,synthetic_referral_record
R000347,P0151,P0034,F0034,M000545,2025-10-25,consultation,synthetic_referral_record
R000348,P0067,P0029,F0029,M002204,2025-10-13,equipment,synthetic_referral_record
R000349,P0156,P0030,F0030,M002624,2025-11-27,consultation,synthetic_referral_record
R000350,P0106,P0031,F0031,M000053,2025-10-15,equipment,synthetic_referral_record
R000351,P0017,P0032,F0032,M003280,2025-05-05,consultation,synthetic_referral_record
R000352,P0170,P0033,F0033,M002191,2024-12-17,laboratory_testing,synthetic_referral_record
R000353,P0250,P0034,F0034,M001623,2025-01-10,laboratory_testing,synthetic_referral_record
R000354,P0229,P0029,F0029,M000516,2026-01-04,equipment,synthetic_referral_record
R000355,P0027,P0030,F0030,M000409,2025-05-13,continuity_of_care,synthetic_referral_record
R000356,P0121,P0031,F0031,M003100,2026-03-26,laboratory_testing,synthetic_referral_record
R000357,P0134,P0032,F0032,M001609,2026-05-26,consultation,synthetic_referral_record
R000358,P0085,P0033,F0033,M002383,2025-01-28,continuity_of_care,synthetic_referral_record
R000359,P0123,P0034,F0034,M000770,2025-03-24,continuity_of_care,synthetic_referral_record
R000360,P0131,P0029,F0029,M003136,2026-03-05,equipment,synthetic_referral_record
R000361,P0173,P0030,F0030,M003871,2025-06-02,continuity_of_care,synthetic_referral_record
R000362,P0230,P0031,F0031,M002879,2025-07-23,equipment,synthetic_referral_record
R000363,P0165,P0032,F0032,M000629,2026-09-27,equipment,synthetic_referral_record
R000364,P0199,P0033,F0033,M001434,2025-12-28,equipment,synthetic_referral_record
R000365,P0230,P0034,F0034,M000018,2025-11-19,consultation,synthetic_referral_record
R000366,P0151,P0029,F0029,M003664,2025-12-25,equipment,synthetic_referral_record
R000367,P0195,P0030,F0030,M001438,2026-01-06,consultation,synthetic_referral_record
R000368,P0093,P0031,F0031,M000107,2025-08-01,continuity_of_care,synthetic_referral_record
R000369,P0079,P0032,F0032,M001159,2025-09-07,consultation,synthetic_referral_record
R000370,P0147,P0033,F0033,M000627,2026-02-05,consultation,synthetic_referral_record
R000371,P0134,P0034,F0034,M003776,2025-07-20,equipment,synthetic_referral_record
R000372,P0160,P0029,F0029,M002392,2025-11-20,laboratory_testing,synthetic_referral_record
R000373,P0016,P0030,F0030,M000171,2026-08-21,consultation,synthetic_referral_record
R000374,P0098,P0031,F0031,M002137,2026-01-17,laboratory_testing,synthetic_referral_record
R000375,P0180,P0032,F0032,M001347,2025-09-19,continuity_of_care,synthetic_referral_record
R000376,P0016,P0033,F0033,M000576,2025-07-24,equipment,synthetic_referral_record
R000377,P0115,P0034,F0034,M001935,2025-11-02,laboratory_testing,synthetic_referral_record
R000378,P0019,P0029,F0029,M001215,2025-08-03,laboratory_testing,synthetic_referral_record
R000379,P0093,P0030,F0030,M002208,2026-05-17,continuity_of_care,synthetic_referral_record
R000380,P0250,P0031,F0031,M001495,2025-10-02,continuity_of_care,synthetic_referral_record
R000381,P0096,P0032,F0032,M002700,2026-09-04,equipment,synthetic_referral_record
R000382,P0202,P0033,F0033,M001862,2026-07-25,consultation,synthetic_referral_record
R000383,P0025,P0034,F0034,M003383,2025-07-03,equipment,synthetic_referral_record
R000384,P0162,P0029,F0029,M000193,2026-08-05,laboratory_testing,synthetic_referral_record
R000385,P0016,P0030,F0030,M001920,2025-04-24,consultation,synthetic_referral_record
R000386,P0130,P0031,F0031,M000173,2026-01-14,continuity_of_care,synthetic_referral_record
R000387,P0018,P0032,F0032,M003901,2025-04-07,continuity_of_care,synthetic_referral_record
R000388,P0067,P0033,F0033,M003491,2026-08-20,consultation,synthetic_referral_record
R000389,P0173,P0034,F0034,M000862,2026-01-06,continuity_of_care,synthetic_referral_record
R000390,P0026,P0029,F0029,M001244,2026-02-04,equipment,synthetic_referral_record
R000391,P0229,P0030,F0030,M003516,2025-09-16,laboratory_testing,synthetic_referral_record
R000392,P0203,P0031,F0031,M001990,2025-11-14,equipment,synthetic_referral_record
R000393,P0106,P0032,F0032,M000323,2026-02-22,consultation,synthetic_referral_record
R000394,P0160,P0033,F0033,M000556,2025-05-08,laboratory_testing,synthetic_referral_record
R000395,P0019,P0034,F0034,M000537,2026-08-02,laboratory_testing,synthetic_referral_record
R000396,P0147,P0029,F0029,M003663,2024-11-08,equipment,synthetic_referral_record
R000397,P0086,P0030,F0030,M001501,2024-11-05,consultation,synthetic_referral_record
R000398,P0224,P0031,F0031,M003878,2025-07-17,consultation,synthetic_referral_record
R000399,P0024,P0032,F0032,M002346,2025-05-11,laboratory_testing,synthetic_referral_record
R000400,P0173,P0033,F0033,M002431,2025-08-05,laboratory_testing,synthetic_referral_record
R000401,P0117,P0034,F0034,M000356,2026-02-06,continuity_of_care,synthetic_referral_record
R000402,P0147,P0029,F0029,M000048,2026-04-30,equipment,synthetic_referral_record
R000403,P0165,P0030,F0030,M003576,2025-07-22,continuity_of_care,synthetic_referral_record
R000404,P0179,P0031,F0031,M002996,2025-05-23,equipment,synthetic_referral_record
R000405,P0179,P0032,F0032,M003904,2025-09-06,equipment,synthetic_referral_record
R000406,P0027,P0033,F0033,M003101,2026-07-08,laboratory_testing,synthetic_referral_record
R000407,P0180,P0034,F0034,M000275,2025-06-06,continuity_of_care,synthetic_referral_record
R000408,P0170,P0029,F0029,M003952,2025-12-15,continuity_of_care,synthetic_referral_record
R000409,P0147,P0030,F0030,M003641,2025-01-08,consultation,synthetic_referral_record
R000410,P0016,P0031,F0031,M002834,2026-04-19,consultation,synthetic_referral_record
R000411,P0021,P0032,F0032,M000138,2026-01-30,consultation,synthetic_referral_record
R000412,P0156,P0033,F0033,M003268,2026-06-08,consultation,synthetic_referral_record
R000413,P0239,P0034,F0034,M003028,2025-04-20,continuity_of_care,synthetic_referral_record
R000414,P0067,P0029,F0029,M001774,2025-03-20,laboratory_testing,synthetic_referral_record
R000415,P0121,P0030,F0030,M000658,2025-06-28,laboratory_testing,synthetic_referral_record
R000416,P0022,P0031,F0031,M003184,2026-01-25,equipment,synthetic_referral_record
R000417,P0028,P0032,F0032,M003418,2024-11-24,consultation,synthetic_referral_record
R000418,P0156,P0033,F0033,M001787,2026-05-10,consultation,synthetic_referral_record
R000419,P0072,P0034,F0034,M002157,2024-10-21,continuity_of_care,synthetic_referral_record
R000420,P0115,P0029,F0029,M002217,2024-10-11,laboratory_testing,synthetic_referral_record
R000421,P0250,P0030,F0030,M002590,2025-02-17,consultation,synthetic_referral_record
R000422,P0156,P0031,F0031,M003961,2025-06-26,continuity_of_care,synthetic_referral_record
R000423,P0188,P0032,F0032,M003354,2026-02-04,consultation,synthetic_referral_record
R000424,P0226,P0033,F0033,M000720,2024-12-25,consultation,synthetic_referral_record
R000425,P0200,P0034,F0034,M003327,2026-02-16,consultation,synthetic_referral_record
R000426,P0223,P0029,F0029,M003686,2025-02-28,consultation,synthetic_referral_record
R000427,P0241,P0030,F0030,M003567,2026-01-17,consultation,synthetic_referral_record
R000428,P0248,P0031,F0031,M002135,2024-12-07,continuity_of_care,synthetic_referral_record
R000429,P0195,P0032,F0032,M000638,2026-06-19,equipment,synthetic_referral_record
R000430,P0026,P0033,F0033,M000670,2025-05-08,laboratory_testing,synthetic_referral_record
R000431,P0019,P0034,F0034,M000241,2026-05-16,continuity_of_care,synthetic_referral_record
R000432,P0016,P0029,F0029,M002787,2026-03-08,consultation,synthetic_referral_record
R000433,P0018,P0030,F0030,M002638,2026-06-10,continuity_of_care,synthetic_referral_record
R000434,P0200,P0031,F0031,M000371,2026-04-05,continuity_of_care,synthetic_referral_record
R000435,P0248,P0032,F0032,M000353,2025-10-10,continuity_of_care,synthetic_referral_record
R000436,P0123,P0033,F0033,M001133,2026-09-14,consultation,synthetic_referral_record
R000437,P0160,P0034,F0034,M001147,2025-12-18,laboratory_testing,synthetic_referral_record
R000438,P0027,P0029,F0029,M001650,2026-04-15,continuity_of_care,synthetic_referral_record
R000439,P0018,P0030,F0030,M003786,2025-03-10,continuity_of_care,synthetic_referral_record
R000440,P0020,P0031,F0031,M000830,2026-05-07,consultation,synthetic_referral_record
R000441,P0117,P0032,F0032,M000162,2026-05-03,continuity_of_care,synthetic_referral_record
R000442,P0115,P0033,F0033,M002750,2026-03-09,continuity_of_care,synthetic_referral_record
R000443,P0180,P0034,F0034,M002721,2025-01-05,consultation,synthetic_referral_record
R000444,P0028,P0029,F0029,M000416,2026-05-07,laboratory_testing,synthetic_referral_record
R000445,P0019,P0030,F0030,M000524,2025-07-04,laboratory_testing,synthetic_referral_record
R000446,P0188,P0031,F0031,M000183,2025-06-21,continuity_of_care,synthetic_referral_record
R000447,P0160,P0032,F0032,M000132,2026-01-13,continuity_of_care,synthetic_referral_record
R000448,P0123,P0033,F0033,M000604,2026-02-05,continuity_of_care,synthetic_referral_record
R000449,P0235,P0034,F0034,M001827,2025-08-09,consultation,synthetic_referral_record
R000450,P0155,P0029,F0029,M003880,2025-02-02,laboratory_testing,synthetic_referral_record
R000451,P0212,P0142,F0056,M003125,2025-03-05,continuity_of_care,synthetic_referral_record
R000452,P0235,P0068,F0049,M000571,2026-04-25,continuity_of_care,synthetic_referral_record
R000453,P0185,P0166,F0030,M001244,2026-05-08,laboratory_testing,synthetic_referral_record
R000454,P0173,P0169,F0011,M003331,2026-03-14,laboratory_testing,synthetic_referral_record
R000455,P0142,P0076,F0001,M003519,2025-11-22,laboratory_testing,synthetic_referral_record
R000456,P0010,P0125,F0006,M000751,2025-06-06,consultation,synthetic_referral_record
R000457,P0185,P0157,F0048,M003198,2024-10-01,continuity_of_care,synthetic_referral_record
R000458,P0232,P0025,F0025,M001987,2025-03-05,continuity_of_care,synthetic_referral_record
R000459,P0078,P0093,F0023,M000206,2024-12-26,consultation,synthetic_referral_record
R000460,P0035,P0084,F0042,M000960,2025-02-16,laboratory_testing,synthetic_referral_record
R000461,P0141,P0009,F0009,M003845,2025-11-21,equipment,synthetic_referral_record
R000462,P0122,P0096,F0023,M003824,2025-03-25,consultation,synthetic_referral_record
R000463,P0220,P0032,F0032,M001772,2024-12-10,laboratory_testing,synthetic_referral_record
R000464,P0036,P0240,F0032,M000356,2024-10-06,continuity_of_care,synthetic_referral_record
R000465,P0209,P0093,F0023,M002410,2026-03-17,equipment,synthetic_referral_record
R000466,P0037,P0158,F0036,M003833,2026-04-07,equipment,synthetic_referral_record
R000467,P0081,P0104,F0052,M000858,2025-05-28,equipment,synthetic_referral_record
R000468,P0184,P0057,F0057,M001961,2026-01-28,continuity_of_care,synthetic_referral_record
R000469,P0052,P0100,F0038,M000419,2025-05-13,equipment,synthetic_referral_record
R000470,P0209,P0004,F0004,M001342,2026-05-05,continuity_of_care,synthetic_referral_record
R000471,P0145,P0160,F0017,M002257,2024-12-01,equipment,synthetic_referral_record
R000472,P0078,P0224,F0018,M000022,2026-03-24,continuity_of_care,synthetic_referral_record
R000473,P0137,P0128,F0001,M002178,2024-11-19,continuity_of_care,synthetic_referral_record
R000474,P0008,P0080,F0031,M003248,2024-10-04,consultation,synthetic_referral_record
R000475,P0132,P0064,F0038,M000164,2026-07-26,laboratory_testing,synthetic_referral_record
R000476,P0025,P0075,F0013,M000380,2025-10-29,laboratory_testing,synthetic_referral_record
R000477,P0226,P0159,F0014,M002979,2026-05-27,continuity_of_care,synthetic_referral_record
R000478,P0215,P0080,F0031,M002764,2025-09-15,laboratory_testing,synthetic_referral_record
R000479,P0014,P0246,F0041,M003238,2025-01-04,laboratory_testing,synthetic_referral_record
R000480,P0246,P0064,F0038,M002546,2025-11-12,laboratory_testing,synthetic_referral_record
R000481,P0222,P0073,F0003,M002253,2026-03-09,continuity_of_care,synthetic_referral_record
R000482,P0124,P0181,F0003,M001659,2026-08-02,continuity_of_care,synthetic_referral_record
R000483,P0113,P0029,F0029,M001923,2025-10-18,equipment,synthetic_referral_record
R000484,P0185,P0142,F0056,M002841,2026-04-04,continuity_of_care,synthetic_referral_record
R000485,P0021,P0182,F0038,M000768,2024-12-09,equipment,synthetic_referral_record
R000486,P0238,P0156,F0020,M000539,2025-11-19,laboratory_testing,synthetic_referral_record
R000487,P0010,P0128,F0001,M003009,2026-09-12,continuity_of_care,synthetic_referral_record
R000488,P0005,P0072,F0020,M002784,2025-07-08,consultation,synthetic_referral_record
R000489,P0186,P0079,F0022,M001040,2025-03-27,equipment,synthetic_referral_record
R000490,P0025,P0154,F0030,M000441,2026-06-21,consultation,synthetic_referral_record
R000491,P0187,P0248,F0020,M002403,2026-07-17,laboratory_testing,synthetic_referral_record
R000492,P0120,P0154,F0030,M002538,2026-03-31,consultation,synthetic_referral_record
R000493,P0047,P0106,F0016,M003523,2025-08-23,continuity_of_care,synthetic_referral_record
R000494,P0006,P0157,F0048,M001094,2025-02-05,consultation,synthetic_referral_record
R000495,P0249,P0197,F0050,M001124,2025-08-31,equipment,synthetic_referral_record
R000496,P0090,P0188,F0028,M003676,2025-10-29,continuity_of_care,synthetic_referral_record
R000497,P0012,P0164,F0037,M003161,2025-06-28,continuity_of_care,synthetic_referral_record
R000498,P0198,P0051,F0051,M003657,2026-05-26,equipment,synthetic_referral_record
R000499,P0189,P0003,F0003,M000800,2026-03-25,equipment,synthetic_referral_record
R000500,P0211,P0150,F0046,M001324,2025-02-11,laboratory_testing,synthetic_referral_record
R000501,P0057,P0153,F0024,M000391,2026-01-16,continuity_of_care,synthetic_referral_record
R000502,P0219,P0203,F0027,M000543,2026-01-15,equipment,synthetic_referral_record
R000503,P0059,P0216,F0014,M003432,2025-01-18,continuity_of_care,synthetic_referral_record
R000504,P0128,P0064,F0038,M000856,2025-03-31,consultation,synthetic_referral_record
R000505,P0089,P0115,F0025,M000368,2026-02-03,laboratory_testing,synthetic_referral_record
R000506,P0175,P0125,F0006,M000505,2026-08-31,laboratory_testing,synthetic_referral_record
R000507,P0174,P0079,F0022,M003460,2024-11-06,laboratory_testing,synthetic_referral_record
R000508,P0160,P0083,F0058,M003369,2024-11-14,consultation,synthetic_referral_record
R000509,P0234,P0142,F0056,M002721,2026-05-26,laboratory_testing,synthetic_referral_record
R000510,P0090,P0010,F0010,M003666,2025-05-27,laboratory_testing,synthetic_referral_record
R000511,P0203,P0219,F0048,M003882,2026-06-02,equipment,synthetic_referral_record
R000512,P0220,P0045,F0045,M003912,2025-08-09,continuity_of_care,synthetic_referral_record
R000513,P0180,P0057,F0057,M003111,2025-04-20,consultation,synthetic_referral_record
R000514,P0040,P0002,F0002,M002492,2025-11-06,continuity_of_care,synthetic_referral_record
R000515,P0020,P0076,F0001,M000959,2025-06-11,equipment,synthetic_referral_record
R000516,P0151,P0026,F0026,M001548,2026-09-17,continuity_of_care,synthetic_referral_record
R000517,P0005,P0087,F0054,M000861,2026-07-18,consultation,synthetic_referral_record
R000518,P0016,P0213,F0003,M002601,2025-02-20,equipment,synthetic_referral_record
R000519,P0192,P0191,F0008,M001118,2024-11-19,consultation,synthetic_referral_record
R000520,P0215,P0183,F0022,M000865,2024-11-30,consultation,synthetic_referral_record
R000521,P0187,P0249,F0008,M000503,2026-04-09,continuity_of_care,synthetic_referral_record
R000522,P0165,P0129,F0030,M001450,2026-04-14,equipment,synthetic_referral_record
R000523,P0093,P0108,F0009,M003638,2025-08-26,continuity_of_care,synthetic_referral_record
R000524,P0181,P0122,F0033,M000786,2025-03-15,equipment,synthetic_referral_record
R000525,P0124,P0185,F0045,M001199,2026-09-26,consultation,synthetic_referral_record
R000526,P0048,P0125,F0006,M000729,2026-05-05,laboratory_testing,synthetic_referral_record
R000527,P0074,P0040,F0040,M002137,2026-09-23,equipment,synthetic_referral_record
R000528,P0030,P0123,F0022,M003913,2025-12-02,consultation,synthetic_referral_record
R000529,P0195,P0028,F0028,M001477,2025-12-02,equipment,synthetic_referral_record
R000530,P0165,P0189,F0006,M002164,2025-02-22,consultation,synthetic_referral_record
R000531,P0124,P0225,F0003,M002268,2026-07-29,laboratory_testing,synthetic_referral_record
R000532,P0130,P0129,F0030,M001026,2025-05-25,equipment,synthetic_referral_record
R000533,P0190,P0218,F0058,M002781,2026-01-08,consultation,synthetic_referral_record
R000534,P0246,P0125,F0006,M002920,2024-12-09,consultation,synthetic_referral_record
R000535,P0041,P0244,F0053,M003040,2026-09-11,laboratory_testing,synthetic_referral_record
R000536,P0228,P0163,F0056,M002716,2025-01-03,consultation,synthetic_referral_record
R000537,P0203,P0092,F0009,M001607,2026-06-13,consultation,synthetic_referral_record
R000538,P0191,P0085,F0021,M001312,2025-07-05,continuity_of_care,synthetic_referral_record
R000539,P0174,P0200,F0027,M000404,2026-05-12,consultation,synthetic_referral_record
R000540,P0211,P0118,F0031,M002912,2024-10-25,laboratory_testing,synthetic_referral_record
R000541,P0009,P0208,F0006,M000847,2025-12-02,equipment,synthetic_referral_record
R000542,P0032,P0157,F0048,M002638,2026-03-07,consultation,synthetic_referral_record
R000543,P0240,P0034,F0034,M000356,2025-08-30,equipment,synthetic_referral_record
R000544,P0150,P0035,F0035,M002080,2026-05-05,equipment,synthetic_referral_record
R000545,P0016,P0003,F0003,M002642,2025-08-27,continuity_of_care,synthetic_referral_record
R000546,P0133,P0109,F0007,M002462,2025-05-20,consultation,synthetic_referral_record
R000547,P0102,P0192,F0009,M000773,2026-08-26,continuity_of_care,synthetic_referral_record
R000548,P0036,P0181,F0003,M000735,2025-10-24,consultation,synthetic_referral_record
R000549,P0195,P0026,F0026,M002704,2026-01-19,equipment,synthetic_referral_record
R000550,P0058,P0067,F0026,M001216,2024-12-09,equipment,synthetic_referral_record
R000551,P0217,P0054,F0054,M003018,2026-06-28,laboratory_testing,synthetic_referral_record
R000552,P0172,P0037,F0037,M000413,2025-10-03,consultation,synthetic_referral_record
R000553,P0188,P0115,F0025,M001620,2026-05-06,laboratory_testing,synthetic_referral_record
R000554,P0227,P0039,F0039,M000704,2026-02-07,consultation,synthetic_referral_record
R000555,P0108,P0189,F0006,M003021,2025-06-14,laboratory_testing,synthetic_referral_record
R000556,P0056,P0142,F0056,M002631,2026-01-20,laboratory_testing,synthetic_referral_record
R000557,P0154,P0182,F0038,M001372,2026-04-11,laboratory_testing,synthetic_referral_record
R000558,P0216,P0246,F0041,M003288,2025-10-15,continuity_of_care,synthetic_referral_record
R000559,P0047,P0077,F0043,M002699,2025-09-05,equipment,synthetic_referral_record
R000560,P0208,P0092,F0009,M003170,2025-10-15,equipment,synthetic_referral_record
R000561,P0013,P0189,F0006,M003781,2025-05-25,laboratory_testing,synthetic_referral_record
R000562,P0151,P0222,F0010,M003711,2025-12-02,continuity_of_care,synthetic_referral_record
R000563,P0128,P0218,F0058,M001688,2025-12-25,laboratory_testing,synthetic_referral_record
R000564,P0029,P0030,F0030,M000446,2026-01-30,laboratory_testing,synthetic_referral_record
R000565,P0206,P0006,F0006,M001425,2024-12-25,equipment,synthetic_referral_record
R000566,P0082,P0119,F0001,M003030,2025-11-02,continuity_of_care,synthetic_referral_record
R000567,P0039,P0070,F0006,M000854,2025-04-13,equipment,synthetic_referral_record
R000568,P0107,P0213,F0003,M001621,2026-08-11,equipment,synthetic_referral_record
R000569,P0146,P0096,F0023,M002244,2025-06-08,laboratory_testing,synthetic_referral_record
R000570,P0206,P0071,F0043,M002141,2025-08-22,continuity_of_care,synthetic_referral_record
R000571,P0048,P0002,F0002,M000424,2025-12-21,continuity_of_care,synthetic_referral_record
R000572,P0175,P0155,F0017,M002073,2025-07-30,continuity_of_care,synthetic_referral_record
R000573,P0032,P0075,F0013,M000222,2025-12-13,equipment,synthetic_referral_record
R000574,P0016,P0004,F0004,M002628,2025-08-22,laboratory_testing,synthetic_referral_record
R000575,P0227,P0150,F0046,M000941,2025-08-03,laboratory_testing,synthetic_referral_record
R000576,P0013,P0085,F0021,M000728,2026-04-02,laboratory_testing,synthetic_referral_record
R000577,P0050,P0228,F0003,M001829,2025-06-14,consultation,synthetic_referral_record
R000578,P0001,P0135,F0046,M002504,2025-10-22,continuity_of_care,synthetic_referral_record
R000579,P0073,P0028,F0028,M002481,2024-10-05,laboratory_testing,synthetic_referral_record
R000580,P0095,P0239,F0023,M001504,2026-03-04,consultation,synthetic_referral_record
R000581,P0198,P0052,F0052,M001057,2026-05-03,equipment,synthetic_referral_record
R000582,P0228,P0016,F0016,M001407,2026-01-13,equipment,synthetic_referral_record
R000583,P0168,P0069,F0056,M003076,2026-04-22,continuity_of_care,synthetic_referral_record
R000584,P0169,P0124,F0009,M001940,2026-03-26,equipment,synthetic_referral_record
R000585,P0052,P0127,F0035,M000779,2026-05-19,equipment,synthetic_referral_record
R000586,P0052,P0018,F0018,M001475,2026-08-02,continuity_of_care,synthetic_referral_record
R000587,P0038,P0195,F0027,M001443,2026-08-19,continuity_of_care,synthetic_referral_record
R000588,P0241,P0169,F0011,M000483,2025-11-01,continuity_of_care,synthetic_referral_record
R000589,P0130,P0105,F0031,M000125,2025-08-30,equipment,synthetic_referral_record
R000590,P0151,P0216,F0014,M001199,2024-10-31,continuity_of_care,synthetic_referral_record
R000591,P0190,P0004,F0004,M002410,2024-12-01,consultation,synthetic_referral_record
R000592,P0126,P0210,F0030,M001642,2026-03-09,equipment,synthetic_referral_record
R000593,P0146,P0059,F0059,M003374,2026-08-27,laboratory_testing,synthetic_referral_record
R000594,P0215,P0161,F0005,M003857,2024-11-07,continuity_of_care,synthetic_referral_record
R000595,P0129,P0230,F0025,M001867,2025-10-01,equipment,synthetic_referral_record
R000596,P0085,P0184,F0045,M003581,2025-07-22,equipment,synthetic_referral_record
R000597,P0010,P0203,F0027,M002528,2024-11-08,equipment,synthetic_referral_record
R000598,P0214,P0178,F0049,M002138,2024-12-04,laboratory_testing,synthetic_referral_record
R000599,P0249,P0227,F0007,M000866,2026-04-10,laboratory_testing,synthetic_referral_record
R000600,P0117,P0022,F0022,M001023,2026-06-26,consultation,synthetic_referral_record
R000601,P0154,P0086,F0016,M002571,2025-01-04,continuity_of_care,synthetic_referral_record
R000602,P0133,P0001,F0001,M000769,2025-01-12,laboratory_testing,synthetic_referral_record
R000603,P0142,P0049,F0049,M001016,2026-03-02,consultation,synthetic_referral_record
R000604,P0144,P0205,F0014,M001247,2024-12-10,consultation,synthetic_referral_record
R000605,P0107,P0138,F0052,M003342,2026-06-18,laboratory_testing,synthetic_referral_record
R000606,P0071,P0109,F0007,M003609,2026-06-12,equipment,synthetic_referral_record
R000607,P0051,P0222,F0010,M000167,2025-12-25,laboratory_testing,synthetic_referral_record
R000608,P0164,P0170,F0028,M003826,2025-06-27,equipment,synthetic_referral_record
R000609,P0049,P0240,F0032,M001449,2026-01-01,continuity_of_care,synthetic_referral_record
R000610,P0213,P0121,F0022,M000309,2025-02-04,equipment,synthetic_referral_record
R000611,P0063,P0230,F0025,M002133,2025-10-10,equipment,synthetic_referral_record
R000612,P0173,P0066,F0011,M002662,2024-11-28,laboratory_testing,synthetic_referral_record
R000613,P0080,P0054,F0054,M002422,2025-09-27,continuity_of_care,synthetic_referral_record
R000614,P0105,P0175,F0008,M001221,2025-12-15,laboratory_testing,synthetic_referral_record
R000615,P0248,P0183,F0022,M001704,2025-05-26,consultation,synthetic_referral_record
R000616,P0038,P0059,F0059,M000622,2025-03-18,equipment,synthetic_referral_record
R000617,P0239,P0126,F0007,M003019,2025-08-29,consultation,synthetic_referral_record
R000618,P0246,P0065,F0046,M000321,2025-05-07,consultation,synthetic_referral_record
R000619,P0225,P0087,F0054,M002995,2025-10-06,continuity_of_care,synthetic_referral_record
R000620,P0037,P0222,F0010,M003970,2025-08-17,continuity_of_care,synthetic_referral_record
R000621,P0054,P0036,F0036,M002199,2025-07-27,continuity_of_care,synthetic_referral_record
R000622,P0016,P0020,F0020,M002558,2026-03-01,consultation,synthetic_referral_record
R000623,P0239,P0025,F0025,M000552,2024-10-25,continuity_of_care,synthetic_referral_record
R000624,P0040,P0020,F0020,M002970,2025-03-07,consultation,synthetic_referral_record
R000625,P0124,P0213,F0003,M002983,2025-07-30,laboratory_testing,synthetic_referral_record
R000626,P0205,P0051,F0051,M003321,2026-01-03,consultation,synthetic_referral_record
R000627,P0239,P0122,F0033,M002912,2026-01-24,continuity_of_care,synthetic_referral_record
R000628,P0203,P0134,F0024,M000829,2026-05-30,equipment,synthetic_referral_record
R000629,P0075,P0026,F0026,M001935,2024-11-13,equipment,synthetic_referral_record
R000630,P0052,P0187,F0057,M001051,2025-10-16,continuity_of_care,synthetic_referral_record
R000631,P0142,P0167,F0060,M002363,2025-02-11,equipment,synthetic_referral_record
R000632,P0135,P0202,F0023,M003968,2025-08-09,laboratory_testing,synthetic_referral_record
R000633,P0125,P0032,F0032,M000915,2024-12-12,consultation,synthetic_referral_record
R000634,P0061,P0116,F0036,M003942,2024-12-28,consultation,synthetic_referral_record
R000635,P0053,P0133,F0035,M003359,2026-04-05,continuity_of_care,synthetic_referral_record
R000636,P0217,P0167,F0060,M003160,2024-10-20,continuity_of_care,synthetic_referral_record
R000637,P0135,P0094,F0009,M001329,2026-02-13,equipment,synthetic_referral_record
R000638,P0198,P0168,F0006,M001869,2025-11-26,laboratory_testing,synthetic_referral_record
R000639,P0216,P0093,F0023,M002376,2026-05-25,laboratory_testing,synthetic_referral_record
R000640,P0173,P0161,F0005,M001224,2025-03-08,consultation,synthetic_referral_record
R000641,P0084,P0248,F0020,M003926,2026-02-01,equipment,synthetic_referral_record
R000642,P0180,P0202,F0023,M000822,2025-04-30,consultation,synthetic_referral_record
R000643,P0014,P0213,F0003,M001542,2025-08-08,laboratory_testing,synthetic_referral_record
R000644,P0084,P0033,F0033,M003069,2024-12-01,laboratory_testing,synthetic_referral_record
R000645,P0200,P0191,F0008,M001686,2026-03-17,consultation,synthetic_referral_record
R000646,P0226,P0080,F0031,M003830,2025-03-23,laboratory_testing,synthetic_referral_record
R000647,P0036,P0057,F0057,M002845,2025-06-25,consultation,synthetic_referral_record
R000648,P0065,P0174,F0007,M003707,2024-12-18,consultation,synthetic_referral_record
R000649,P0097,P0223,F0028,M001491,2025-09-08,consultation,synthetic_referral_record
R000650,P0108,P0084,F0042,M000809,2025-12-10,continuity_of_care,synthetic_referral_record
R000651,P0192,P0106,F0016,M000396,2025-12-01,consultation,synthetic_referral_record
R000652,P0164,P0161,F0005,M003236,2025-06-26,equipment,synthetic_referral_record
R000653,P0002,P0203,F0027,M003442,2024-10-18,consultation,synthetic_referral_record
R000654,P0060,P0098,F0017,M003636,2025-11-27,equipment,synthetic_referral_record
R000655,P0148,P0142,F0056,M002220,2025-07-17,equipment,synthetic_referral_record
R000656,P0011,P0124,F0009,M002521,2024-11-25,laboratory_testing,synthetic_referral_record
R000657,P0223,P0026,F0026,M003904,2025-11-12,continuity_of_care,synthetic_referral_record
R000658,P0118,P0123,F0022,M003682,2025-10-01,continuity_of_care,synthetic_referral_record
R000659,P0039,P0217,F0036,M003891,2026-06-04,equipment,synthetic_referral_record
R000660,P0119,P0212,F0057,M001731,2024-12-15,laboratory_testing,synthetic_referral_record
R000661,P0031,P0096,F0023,M001240,2026-04-04,consultation,synthetic_referral_record
R000662,P0199,P0242,F0058,M000321,2025-06-12,continuity_of_care,synthetic_referral_record
R000663,P0173,P0005,F0005,M001036,2025-03-15,continuity_of_care,synthetic_referral_record
R000664,P0159,P0162,F0019,M003532,2025-11-25,equipment,synthetic_referral_record
R000665,P0135,P0058,F0058,M000413,2025-10-27,consultation,synthetic_referral_record
R000666,P0064,P0182,F0038,M003738,2025-04-14,continuity_of_care,synthetic_referral_record
R000667,P0137,P0167,F0060,M003521,2026-03-04,continuity_of_care,synthetic_referral_record
R000668,P0120,P0074,F0060,M002766,2025-09-18,consultation,synthetic_referral_record
R000669,P0069,P0011,F0011,M002267,2024-11-05,continuity_of_care,synthetic_referral_record
R000670,P0159,P0012,F0012,M003441,2025-05-21,consultation,synthetic_referral_record
R000671,P0133,P0142,F0056,M003828,2026-03-05,equipment,synthetic_referral_record
R000672,P0185,P0222,F0010,M001925,2025-12-29,consultation,synthetic_referral_record
R000673,P0222,P0219,F0048,M000771,2025-05-24,consultation,synthetic_referral_record
R000674,P0004,P0244,F0053,M003143,2026-05-02,continuity_of_care,synthetic_referral_record
R000675,P0082,P0201,F0014,M002542,2026-06-23,continuity_of_care,synthetic_referral_record
R000676,P0022,P0004,F0004,M002411,2024-12-08,continuity_of_care,synthetic_referral_record
R000677,P0206,P0058,F0058,M001270,2024-10-22,continuity_of_care,synthetic_referral_record
R000678,P0152,P0069,F0056,M002018,2025-12-06,continuity_of_care,synthetic_referral_record
R000679,P0078,P0107,F0044,M001776,2025-04-15,consultation,synthetic_referral_record
R000680,P0170,P0044,F0044,M001939,2025-04-01,consultation,synthetic_referral_record
R000681,P0061,P0039,F0039,M002098,2025-10-16,equipment,synthetic_referral_record
R000682,P0158,P0199,F0022,M003492,2025-08-01,laboratory_testing,synthetic_referral_record
R000683,P0170,P0093,F0023,M003246,2025-12-02,consultation,synthetic_referral_record
R000684,P0036,P0192,F0009,M002163,2025-10-09,laboratory_testing,synthetic_referral_record
R000685,P0145,P0189,F0006,M003794,2025-02-24,laboratory_testing,synthetic_referral_record
R000686,P0020,P0207,F0059,M002218,2024-11-18,consultation,synthetic_referral_record
R000687,P0078,P0191,F0008,M002375,2026-09-04,laboratory_testing,synthetic_referral_record
R000688,P0099,P0162,F0019,M000749,2026-01-13,consultation,synthetic_referral_record
R000689,P0237,P0157,F0048,M001264,2025-12-18,continuity_of_care,synthetic_referral_record
R000690,P0059,P0109,F0007,M002608,2025-04-17,equipment,synthetic_referral_record
R000691,P0065,P0235,F0023,M001383,2025-07-21,continuity_of_care,synthetic_referral_record
R000692,P0022,P0088,F0039,M000658,2025-10-22,continuity_of_care,synthetic_referral_record
R000693,P0003,P0223,F0028,M003456,2024-10-12,consultation,synthetic_referral_record
R000694,P0195,P0064,F0038,M002432,2025-01-27,laboratory_testing,synthetic_referral_record
R000695,P0075,P0208,F0006,M001069,2025-05-15,laboratory_testing,synthetic_referral_record
R000696,P0164,P0198,F0035,M001409,2026-07-30,continuity_of_care,synthetic_referral_record
R000697,P0235,P0091,F0054,M000254,2024-12-06,continuity_of_care,synthetic_referral_record
R000698,P0096,P0197,F0050,M001652,2026-07-01,consultation,synthetic_referral_record
R000699,P0011,P0096,F0023,M003127,2026-09-20,laboratory_testing,synthetic_referral_record
R000700,P0165,P0176,F0009,M000860,2025-05-31,continuity_of_care,synthetic_referral_record
R000701,P0197,P0159,F0014,M002609,2026-04-22,equipment,synthetic_referral_record
R000702,P0162,P0056,F0056,M002313,2026-01-31,consultation,synthetic_referral_record
R000703,P0037,P0233,F0007,M002731,2026-04-03,equipment,synthetic_referral_record
R000704,P0028,P0093,F0023,M000565,2025-11-20,laboratory_testing,synthetic_referral_record
R000705,P0014,P0233,F0007,M000455,2025-03-15,consultation,synthetic_referral_record
R000706,P0192,P0229,F0019,M000501,2025-05-22,equipment,synthetic_referral_record
R000707,P0098,P0188,F0028,M002773,2025-05-30,continuity_of_care,synthetic_referral_record
R000708,P0035,P0231,F0060,M003279,2025-06-24,continuity_of_care,synthetic_referral_record
R000709,P0235,P0232,F0029,M000506,2026-04-10,continuity_of_care,synthetic_referral_record
R000710,P0005,P0031,F0031,M002581,2025-10-05,continuity_of_care,synthetic_referral_record
R000711,P0250,P0171,F0056,M000518,2026-03-07,continuity_of_care,synthetic_referral_record
R000712,P0086,P0106,F0016,M003677,2026-02-02,continuity_of_care,synthetic_referral_record
R000713,P0032,P0057,F0057,M000580,2025-07-04,laboratory_testing,synthetic_referral_record
R000714,P0224,P0221,F0037,M003878,2026-08-19,laboratory_testing,synthetic_referral_record
R000715,P0029,P0133,F0035,M001551,2026-04-29,laboratory_testing,synthetic_referral_record
R000716,P0147,P0180,F0015,M002663,2025-01-28,equipment,synthetic_referral_record
R000717,P0132,P0032,F0032,M001246,2026-07-31,equipment,synthetic_referral_record
R000718,P0223,P0043,F0043,M002889,2024-10-01,continuity_of_care,synthetic_referral_record
R000719,P0151,P0158,F0036,M000506,2025-03-31,continuity_of_care,synthetic_referral_record
R000720,P0189,P0082,F0017,M003241,2026-03-06,consultation,synthetic_referral_record
R000721,P0162,P0030,F0030,M002352,2026-05-16,laboratory_testing,synthetic_referral_record
R000722,P0242,P0150,F0046,M003122,2025-05-11,equipment,synthetic_referral_record
R000723,P0167,P0107,F0044,M003736,2025-02-21,consultation,synthetic_referral_record
R000724,P0106,P0025,F0025,M002494,2026-02-01,equipment,synthetic_referral_record
R000725,P0177,P0044,F0044,M002287,2026-05-09,consultation,synthetic_referral_record
R000726,P0215,P0125,F0006,M000985,2024-12-10,equipment,synthetic_referral_record
R000727,P0079,P0133,F0035,M001240,2025-01-05,consultation,synthetic_referral_record
R000728,P0067,P0246,F0041,M001104,2025-03-14,continuity_of_care,synthetic_referral_record
R000729,P0230,P0177,F0051,M000338,2025-04-12,continuity_of_care,synthetic_referral_record
R000730,P0167,P0009,F0009,M003512,2025-12-09,consultation,synthetic_referral_record
R000731,P0149,P0052,F0052,M000938,2024-11-17,equipment,synthetic_referral_record
R000732,P0044,P0094,F0009,M002885,2026-07-31,consultation,synthetic_referral_record
R000733,P0182,P0007,F0007,M000390,2024-11-24,consultation,synthetic_referral_record
R000734,P0006,P0142,F0056,M003416,2025-09-09,equipment,synthetic_referral_record
R000735,P0183,P0128,F0001,M002038,2025-01-19,continuity_of_care,synthetic_referral_record
R000736,P0014,P0054,F0054,M003891,2025-10-10,consultation,synthetic_referral_record
R000737,P0117,P0126,F0007,M003640,2024-12-28,laboratory_testing,synthetic_referral_record
R000738,P0088,P0104,F0052,M001963,2024-10-28,laboratory_testing,synthetic_referral_record
R000739,P0068,P0249,F0008,M000047,2025-03-31,equipment,synthetic_referral_record
R000740,P0011,P0161,F0005,M003042,2025-09-23,continuity_of_care,synthetic_referral_record
R000741,P0176,P0107,F0044,M003218,2026-02-02,continuity_of_care,synthetic_referral_record
R000742,P0064,P0136,F0056,M003615,2025-07-20,laboratory_testing,synthetic_referral_record
R000743,P0239,P0208,F0006,M000498,2026-03-17,consultation,synthetic_referral_record
R000744,P0224,P0019,F0019,M001556,2025-09-09,consultation,synthetic_referral_record
R000745,P0149,P0038,F0038,M003802,2025-04-21,laboratory_testing,synthetic_referral_record
R000746,P0162,P0217,F0036,M001595,2024-10-13,consultation,synthetic_referral_record
R000747,P0241,P0164,F0037,M002876,2026-05-12,continuity_of_care,synthetic_referral_record
R000748,P0007,P0231,F0060,M002577,2026-08-15,equipment,synthetic_referral_record
R000749,P0209,P0083,F0058,M000678,2025-02-18,consultation,synthetic_referral_record
R000750,P0249,P0034,F0034,M003311,2026-04-18,continuity_of_care,synthetic_referral_record
R000751,P0052,P0183,F0022,M001270,2025-12-25,equipment,synthetic_referral_record
R000752,P0139,P0092,F0009,M002668,2025-11-30,consultation,synthetic_referral_record
R000753,P0025,P0229,F0019,M002927,2025-02-07,equipment,synthetic_referral_record
R000754,P0195,P0009,F0009,M002252,2026-05-28,consultation,synthetic_referral_record
R000755,P0097,P0220,F0009,M003333,2026-08-31,laboratory_testing,synthetic_referral_record
R000756,P0091,P0226,F0028,M001414,2025-05-08,consultation,synthetic_referral_record
R000757,P0106,P0216,F0014,M003752,2026-08-16,continuity_of_care,synthetic_referral_record
R000758,P0038,P0084,F0042,M002576,2026-01-15,laboratory_testing,synthetic_referral_record
R000759,P0174,P0159,F0014,M003995,2025-10-31,consultation,synthetic_referral_record
R000760,P0042,P0118,F0031,M002722,2024-11-21,equipment,synthetic_referral_record
R000761,P0039,P0079,F0022,M003721,2026-08-11,continuity_of_care,synthetic_referral_record
R000762,P0023,P0214,F0031,M002549,2025-05-14,equipment,synthetic_referral_record
R000763,P0059,P0243,F0038,M001842,2025-12-17,laboratory_testing,synthetic_referral_record
R000764,P0124,P0229,F0019,M000967,2025-09-08,equipment,synthetic_referral_record
R000765,P0161,P0024,F0024,M000404,2025-10-22,consultation,synthetic_referral_record
R000766,P0016,P0085,F0021,M001712,2026-07-28,equipment,synthetic_referral_record
R000767,P0138,P0079,F0022,M003556,2026-09-03,equipment,synthetic_referral_record
R000768,P0033,P0206,F0060,M000405,2024-10-06,laboratory_testing,synthetic_referral_record
R000769,P0111,P0150,F0046,M003337,2025-10-30,continuity_of_care,synthetic_referral_record
R000770,P0001,P0017,F0017,M003178,2025-05-27,continuity_of_care,synthetic_referral_record
R000771,P0089,P0116,F0036,M000204,2025-04-10,equipment,synthetic_referral_record
R000772,P0203,P0079,F0022,M001340,2025-06-15,equipment,synthetic_referral_record
R000773,P0100,P0025,F0025,M000034,2026-07-03,equipment,synthetic_referral_record
R000774,P0218,P0143,F0003,M000098,2025-08-16,laboratory_testing,synthetic_referral_record
R000775,P0134,P0233,F0007,M002908,2024-12-07,equipment,synthetic_referral_record
R000776,P0214,P0165,F0028,M000502,2026-09-21,equipment,synthetic_referral_record
R000777,P0202,P0078,F0044,M000242,2025-09-29,continuity_of_care,synthetic_referral_record
R000778,P0125,P0008,F0008,M000912,2026-07-10,continuity_of_care,synthetic_referral_record
R000779,P0125,P0165,F0028,M002847,2024-11-10,laboratory_testing,synthetic_referral_record
R000780,P0179,P0221,F0037,M001905,2024-10-04,continuity_of_care,synthetic_referral_record
R000781,P0044,P0245,F0008,M000941,2025-09-20,continuity_of_care,synthetic_referral_record
R000782,P0020,P0024,F0024,M002535,2025-12-06,laboratory_testing,synthetic_referral_record
R000783,P0072,P0208,F0006,M000120,2026-05-11,consultation,synthetic_referral_record
R000784,P0098,P0003,F0003,M003109,2025-03-11,laboratory_testing,synthetic_referral_record
R000785,P0058,P0160,F0017,M000100,2026-01-17,consultation,synthetic_referral_record
R000786,P0018,P0068,F0049,M001254,2025-03-31,continuity_of_care,synthetic_referral_record
R000787,P0067,P0195,F0027,M001249,2026-06-15,continuity_of_care,synthetic_referral_record
R000788,P0146,P0049,F0049,M001166,2025-06-02,equipment,synthetic_referral_record
R000789,P0078,P0193,F0002,M002688,2026-07-24,equipment,synthetic_referral_record
R000790,P0148,P0076,F0001,M002674,2026-01-17,continuity_of_care,synthetic_referral_record
R000791,P0006,P0159,F0014,M002100,2025-08-03,equipment,synthetic_referral_record
R000792,P0155,P0037,F0037,M002857,2025-03-31,consultation,synthetic_referral_record
R000793,P0077,P0155,F0017,M003259,2026-09-01,equipment,synthetic_referral_record
R000794,P0112,P0215,F0053,M002506,2025-05-27,laboratory_testing,synthetic_referral_record
R000795,P0191,P0122,F0033,M003548,2025-06-08,continuity_of_care,synthetic_referral_record
R000796,P0149,P0082,F0017,M000372,2026-09-15,equipment,synthetic_referral_record
R000797,P0248,P0070,F0006,M000595,2025-04-25,consultation,synthetic_referral_record
R000798,P0175,P0143,F0003,M002833,2025-10-30,continuity_of_care,synthetic_referral_record
R000799,P0189,P0173,F0023,M001391,2025-04-14,equipment,synthetic_referral_record
R000800,P0241,P0002,F0002,M000166,2026-02-14,laboratory_testing,synthetic_referral_record
R000801,P0059,P0141,F0012,M003156,2026-01-18,continuity_of_care,synthetic_referral_record
R000802,P0216,P0183,F0022,M002536,2025-02-18,equipment,synthetic_referral_record
R000803,P0038,P0206,F0060,M002511,2025-07-16,consultation,synthetic_referral_record
R000804,P0098,P0010,F0010,M000128,2026-05-03,equipment,synthetic_referral_record
R000805,P0079,P0018,F0018,M000859,2026-01-17,continuity_of_care,synthetic_referral_record
R000806,P0151,P0058,F0058,M000876,2026-05-09,consultation,synthetic_referral_record
R000807,P0068,P0135,F0046,M000011,2024-11-27,continuity_of_care,synthetic_referral_record
R000808,P0096,P0215,F0053,M002357,2024-12-20,consultation,synthetic_referral_record
R000809,P0082,P0168,F0006,M000161,2025-03-20,equipment,synthetic_referral_record
R000810,P0021,P0178,F0049,M000113,2025-03-28,consultation,synthetic_referral_record
R000811,P0172,P0042,F0042,M002576,2025-09-17,equipment,synthetic_referral_record
R000812,P0068,P0149,F0006,M003057,2025-08-01,laboratory_testing,synthetic_referral_record
R000813,P0181,P0198,F0035,M001044,2025-06-19,equipment,synthetic_referral_record
R000814,P0244,P0195,F0027,M000352,2025-11-14,continuity_of_care,synthetic_referral_record
R000815,P0218,P0193,F0002,M000407,2024-11-06,continuity_of_care,synthetic_referral_record
R000816,P0196,P0038,F0038,M003141,2025-10-08,equipment,synthetic_referral_record
R000817,P0016,P0042,F0042,M000524,2026-03-06,laboratory_testing,synthetic_referral_record
R000818,P0152,P0125,F0006,M001517,2024-12-15,laboratory_testing,synthetic_referral_record
R000819,P0034,P0182,F0038,M000598,2025-12-22,continuity_of_care,synthetic_referral_record
R000820,P0186,P0208,F0006,M000797,2025-09-30,consultation,synthetic_referral_record
R000821,P0181,P0198,F0035,M001442,2026-06-28,continuity_of_care,synthetic_referral_record
R000822,P0204,P0148,F0019,M001938,2024-10-02,consultation,synthetic_referral_record
R000823,P0014,P0033,F0033,M000157,2026-03-06,equipment,synthetic_referral_record
R000824,P0057,P0058,F0058,M000205,2026-04-03,equipment,synthetic_referral_record
R000825,P0154,P0242,F0058,M003743,2026-07-24,continuity_of_care,synthetic_referral_record
R000826,P0036,P0086,F0016,M003568,2024-11-30,continuity_of_care,synthetic_referral_record
R000827,P0098,P0153,F0024,M003055,2025-01-26,continuity_of_care,synthetic_referral_record
R000828,P0007,P0080,F0031,M000077,2026-09-19,laboratory_testing,synthetic_referral_record
R000829,P0218,P0134,F0024,M003450,2025-12-11,laboratory_testing,synthetic_referral_record
R000830,P0218,P0011,F0011,M000302,2025-04-30,consultation,synthetic_referral_record
R000831,P0226,P0213,F0003,M000522,2025-09-23,laboratory_testing,synthetic_referral_record
R000832,P0160,P0126,F0007,M001240,2026-05-27,equipment,synthetic_referral_record
R000833,P0204,P0196,F0012,M000214,2025-03-25,equipment,synthetic_referral_record
R000834,P0208,P0193,F0002,M000412,2025-08-23,laboratory_testing,synthetic_referral_record
R000835,P0153,P0039,F0039,M000244,2025-02-21,laboratory_testing,synthetic_referral_record
R000836,P0202,P0178,F0049,M002017,2025-11-18,continuity_of_care,synthetic_referral_record
R000837,P0184,P0063,F0053,M001774,2026-01-05,equipment,synthetic_referral_record
R000838,P0122,P0184,F0045,M002685,2026-04-06,equipment,synthetic_referral_record
R000839,P0073,P0009,F0009,M001472,2026-04-25,equipment,synthetic_referral_record
R000840,P0138,P0197,F0050,M003330,2026-04-06,consultation,synthetic_referral_record
R000841,P0101,P0191,F0008,M000909,2025-03-16,equipment,synthetic_referral_record
R000842,P0142,P0190,F0011,M000907,2026-03-03,laboratory_testing,synthetic_referral_record
R000843,P0210,P0239,F0023,M000421,2025-02-20,continuity_of_care,synthetic_referral_record
R000844,P0019,P0062,F0056,M003487,2025-06-16,continuity_of_care,synthetic_referral_record
R000845,P0190,P0215,F0053,M002251,2025-01-28,equipment,synthetic_referral_record
R000846,P0123,P0235,F0023,M000091,2025-03-02,continuity_of_care,synthetic_referral_record
R000847,P0008,P0145,F0043,M001073,2025-11-04,equipment,synthetic_referral_record
R000848,P0193,P0036,F0036,M001692,2025-05-05,equipment,synthetic_referral_record
R000849,P0141,P0005,F0005,M002495,2025-08-20,laboratory_testing,synthetic_referral_record
R000850,P0163,P0100,F0038,M001366,2024-12-12,continuity_of_care,synthetic_referral_record
R000851,P0075,P0240,F0032,M001086,2026-02-18,laboratory_testing,synthetic_referral_record
R000852,P0249,P0111,F0037,M000311,2025-01-07,equipment,synthetic_referral_record
R000853,P0108,P0176,F0009,M002513,2025-07-31,equipment,synthetic_referral_record
R000854,P0053,P0049,F0049,M002276,2025-06-16,equipment,synthetic_referral_record
R000855,P0080,P0153,F0024,M000641,2025-07-27,laboratory_testing,synthetic_referral_record
R000856,P0006,P0008,F0008,M001032,2026-01-06,laboratory_testing,synthetic_referral_record
R000857,P0243,P0135,F0046,M002862,2024-11-26,continuity_of_care,synthetic_referral_record
R000858,P0120,P0216,F0014,M003516,2025-10-27,laboratory_testing,synthetic_referral_record
R000859,P0219,P0086,F0016,M002765,2026-09-09,consultation,synthetic_referral_record
R000860,P0093,P0206,F0060,M003790,2025-06-04,consultation,synthetic_referral_record
R000861,P0041,P0173,F0023,M002994,2026-09-08,laboratory_testing,synthetic_referral_record
R000862,P0156,P0188,F0028,M001201,2025-09-14,consultation,synthetic_referral_record
R000863,P0128,P0204,F0045,M000377,2025-06-15,laboratory_testing,synthetic_referral_record
R000864,P0226,P0057,F0057,M001972,2025-11-13,consultation,synthetic_referral_record
R000865,P0205,P0039,F0039,M003175,2026-08-07,equipment,synthetic_referral_record
R000866,P0053,P0171,F0056,M004000,2026-06-01,continuity_of_care,synthetic_referral_record
R000867,P0243,P0098,F0017,M003482,2026-01-12,laboratory_testing,synthetic_referral_record
R000868,P0094,P0153,F0024,M002055,2025-09-13,equipment,synthetic_referral_record
R000869,P0248,P0200,F0027,M000578,2025-11-16,equipment,synthetic_referral_record
R000870,P0187,P0186,F0001,M003016,2026-05-10,continuity_of_care,synthetic_referral_record
R000871,P0145,P0205,F0014,M001925,2025-01-12,consultation,synthetic_referral_record
R000872,P0093,P0237,F0030,M000492,2025-09-05,continuity_of_care,synthetic_referral_record
R000873,P0018,P0210,F0030,M003066,2026-07-29,continuity_of_care,synthetic_referral_record
R000874,P0173,P0174,F0007,M002032,2026-01-12,consultation,synthetic_referral_record
R000875,P0024,P0199,F0022,M001923,2026-04-03,equipment,synthetic_referral_record
R000876,P0003,P0138,F0052,M003131,2025-08-26,equipment,synthetic_referral_record
R000877,P0044,P0147,F0024,M002973,2026-08-10,equipment,synthetic_referral_record
R000878,P0249,P0040,F0040,M003053,2025-04-24,consultation,synthetic_referral_record
R000879,P0074,P0244,F0053,M003705,2026-03-23,equipment,synthetic_referral_record
R000880,P0016,P0223,F0028,M001638,2025-06-02,continuity_of_care,synthetic_referral_record
R000881,P0125,P0138,F0052,M003454,2025-03-05,laboratory_testing,synthetic_referral_record
R000882,P0145,P0150,F0046,M003866,2025-08-01,laboratory_testing,synthetic_referral_record
R000883,P0017,P0039,F0039,M000564,2025-07-28,equipment,synthetic_referral_record
R000884,P0241,P0054,F0054,M003491,2025-10-16,equipment,synthetic_referral_record
R000885,P0184,P0249,F0008,M000496,2024-11-03,laboratory_testing,synthetic_referral_record
R000886,P0009,P0023,F0023,M001476,2026-07-10,continuity_of_care,synthetic_referral_record
R000887,P0039,P0180,F0015,M002720,2025-12-28,consultation,synthetic_referral_record
R000888,P0213,P0223,F0028,M000283,2025-12-28,consultation,synthetic_referral_record
R000889,P0002,P0078,F0044,M001163,2025-02-05,laboratory_testing,synthetic_referral_record
R000890,P0216,P0142,F0056,M002288,2026-02-21,laboratory_testing,synthetic_referral_record
R000891,P0227,P0090,F0044,M000837,2024-11-08,laboratory_testing,synthetic_referral_record
R000892,P0150,P0136,F0056,M000624,2025-06-04,consultation,synthetic_referral_record
R000893,P0222,P0217,F0036,M002093,2026-08-30,continuity_of_care,synthetic_referral_record
R000894,P0045,P0246,F0041,M000665,2024-12-16,laboratory_testing,synthetic_referral_record
R000895,P0201,P0062,F0056,M001312,2026-01-26,equipment,synthetic_referral_record
R000896,P0081,P0004,F0004,M001323,2026-09-20,continuity_of_care,synthetic_referral_record
R000897,P0052,P0214,F0031,M003879,2026-06-10,continuity_of_care,synthetic_referral_record
R000898,P0145,P0214,F0031,M001537,2024-12-29,laboratory_testing,synthetic_referral_record
R000899,P0243,P0177,F0051,M002035,2025-12-24,laboratory_testing,synthetic_referral_record
R000900,P0082,P0159,F0014,M003725,2025-02-26,continuity_of_care,synthetic_referral_record
R000901,P0113,P0129,F0030,M000216,2026-04-19,equipment,synthetic_referral_record
R000902,P0078,P0121,F0022,M000754,2026-05-22,consultation,synthetic_referral_record
R000903,P0078,P0189,F0006,M001620,2026-05-20,consultation,synthetic_referral_record
R000904,P0138,P0185,F0045,M001251,2026-06-28,consultation,synthetic_referral_record
R000905,P0048,P0102,F0031,M000610,2026-07-12,consultation,synthetic_referral_record
R000906,P0064,P0200,F0027,M002355,2025-08-09,equipment,synthetic_referral_record
R000907,P0214,P0156,F0020,M003229,2025-04-12,continuity_of_care,synthetic_referral_record
R000908,P0198,P0175,F0008,M001605,2026-08-26,laboratory_testing,synthetic_referral_record
R000909,P0031,P0045,F0045,M000307,2026-01-14,equipment,synthetic_referral_record
R000910,P0141,P0037,F0037,M001331,2026-05-26,continuity_of_care,synthetic_referral_record
R000911,P0118,P0030,F0030,M001144,2025-03-08,equipment,synthetic_referral_record
R000912,P0235,P0238,F0012,M003013,2025-06-12,continuity_of_care,synthetic_referral_record
R000913,P0095,P0235,F0023,M003652,2025-09-15,continuity_of_care,synthetic_referral_record
R000914,P0196,P0191,F0008,M000605,2026-06-29,consultation,synthetic_referral_record
R000915,P0127,P0034,F0034,M003880,2025-09-04,laboratory_testing,synthetic_referral_record
R000916,P0174,P0177,F0051,M001558,2025-11-07,equipment,synthetic_referral_record
R000917,P0100,P0006,F0006,M000141,2025-07-20,equipment,synthetic_referral_record
R000918,P0029,P0194,F0035,M000384,2025-09-07,laboratory_testing,synthetic_referral_record
R000919,P0057,P0083,F0058,M001796,2026-01-08,equipment,synthetic_referral_record
R000920,P0184,P0199,F0022,M000800,2025-06-11,laboratory_testing,synthetic_referral_record
R000921,P0231,P0033,F0033,M002208,2025-05-26,consultation,synthetic_referral_record
R000922,P0103,P0217,F0036,M001335,2025-11-23,laboratory_testing,synthetic_referral_record
R000923,P0021,P0057,F0057,M003523,2025-04-24,equipment,synthetic_referral_record
R000924,P0108,P0020,F0020,M002470,2025-04-25,equipment,synthetic_referral_record
R000925,P0060,P0224,F0018,M000119,2026-09-26,consultation,synthetic_referral_record
R000926,P0106,P0166,F0030,M001189,2025-07-26,equipment,synthetic_referral_record
R000927,P0250,P0125,F0006,M003939,2026-04-04,continuity_of_care,synthetic_referral_record
R000928,P0213,P0102,F0031,M002673,2024-11-20,laboratory_testing,synthetic_referral_record
R000929,P0048,P0023,F0023,M001462,2026-04-12,continuity_of_care,synthetic_referral_record
R000930,P0247,P0092,F0009,M000340,2026-09-16,consultation,synthetic_referral_record
R000931,P0109,P0055,F0055,M003134,2025-09-03,laboratory_testing,synthetic_referral_record
R000932,P0185,P0200,F0027,M002093,2026-02-15,continuity_of_care,synthetic_referral_record
R000933,P0203,P0134,F0024,M000806,2025-03-15,consultation,synthetic_referral_record
R000934,P0004,P0089,F0035,M002530,2025-08-10,laboratory_testing,synthetic_referral_record
R000935,P0138,P0095,F0009,M002099,2026-08-02,laboratory_testing,synthetic_referral_record
R000936,P0142,P0169,F0011,M000525,2025-09-08,laboratory_testing,synthetic_referral_record
R000937,P0106,P0116,F0036,M003873,2025-07-04,consultation,synthetic_referral_record
R000938,P0065,P0094,F0009,M001488,2026-07-11,laboratory_testing,synthetic_referral_record
R000939,P0066,P0193,F0002,M002279,2026-07-31,equipment,synthetic_referral_record
R000940,P0035,P0202,F0023,M003770,2025-09-26,laboratory_testing,synthetic_referral_record
R000941,P0190,P0105,F0031,M000506,2025-06-06,laboratory_testing,synthetic_referral_record
R000942,P0176,P0111,F0037,M003479,2024-12-16,consultation,synthetic_referral_record
R000943,P0017,P0155,F0017,M001363,2026-06-29,consultation,synthetic_referral_record
R000944,P0169,P0235,F0023,M000656,2026-08-28,consultation,synthetic_referral_record
R000945,P0124,P0091,F0054,M001338,2026-02-18,equipment,synthetic_referral_record
R000946,P0162,P0208,F0006,M002966,2024-10-24,equipment,synthetic_referral_record
R000947,P0112,P0006,F0006,M003427,2024-12-30,equipment,synthetic_referral_record
R000948,P0138,P0167,F0060,M003290,2026-05-06,consultation,synthetic_referral_record
R000949,P0050,P0012,F0012,M000595,2026-09-01,laboratory_testing,synthetic_referral_record
R000950,P0152,P0055,F0055,M002626,2026-02-19,consultation,synthetic_referral_record
R000951,P0080,P0233,F0007,M002902,2026-04-06,laboratory_testing,synthetic_referral_record
R000952,P0065,P0167,F0060,M001381,2026-07-01,laboratory_testing,synthetic_referral_record
R000953,P0145,P0114,F0032,M002061,2025-09-02,continuity_of_care,synthetic_referral_record
R000954,P0126,P0196,F0012,M000799,2025-02-01,equipment,synthetic_referral_record
R000955,P0133,P0226,F0028,M001346,2025-09-04,laboratory_testing,synthetic_referral_record
R000956,P0207,P0158,F0036,M000135,2024-12-29,equipment,synthetic_referral_record
R000957,P0014,P0018,F0018,M000661,2026-04-23,laboratory_testing,synthetic_referral_record
R000958,P0102,P0172,F0053,M002415,2026-08-24,laboratory_testing,synthetic_referral_record
R000959,P0110,P0126,F0007,M003171,2025-10-23,continuity_of_care,synthetic_referral_record
R000960,P0098,P0069,F0056,M000752,2026-01-29,laboratory_testing,synthetic_referral_record
R000961,P0112,P0069,F0056,M001799,2024-12-31,consultation,synthetic_referral_record
R000962,P0160,P0070,F0006,M000505,2026-04-05,equipment,synthetic_referral_record
R000963,P0195,P0232,F0029,M001934,2024-12-13,continuity_of_care,synthetic_referral_record
R000964,P0248,P0064,F0038,M002338,2024-12-04,consultation,synthetic_referral_record
R000965,P0138,P0022,F0022,M002626,2025-11-30,continuity_of_care,synthetic_referral_record
R000966,P0229,P0107,F0044,M003199,2026-01-11,continuity_of_care,synthetic_referral_record
R000967,P0142,P0209,F0053,M002689,2026-05-04,continuity_of_care,synthetic_referral_record
R000968,P0020,P0231,F0060,M001820,2026-04-17,continuity_of_care,synthetic_referral_record
R000969,P0161,P0093,F0023,M003949,2026-05-11,continuity_of_care,synthetic_referral_record
R000970,P0175,P0042,F0042,M003700,2025-06-07,laboratory_testing,synthetic_referral_record
R000971,P0093,P0128,F0001,M002534,2026-08-19,equipment,synthetic_referral_record
R000972,P0046,P0127,F0035,M000582,2025-11-11,equipment,synthetic_referral_record
R000973,P0042,P0135,F0046,M002838,2025-03-27,consultation,synthetic_referral_record
R000974,P0217,P0231,F0060,M002180,2026-06-09,laboratory_testing,synthetic_referral_record
R000975,P0071,P0091,F0054,M001443,2024-12-24,consultation,synthetic_referral_record
R000976,P0064,P0213,F0003,M002474,2025-02-12,equipment,synthetic_referral_record
R000977,P0115,P0122,F0033,M002928,2025-11-18,equipment,synthetic_referral_record
R000978,P0236,P0055,F0055,M001729,2025-06-11,equipment,synthetic_referral_record
R000979,P0102,P0003,F0003,M000037,2026-02-26,equipment,synthetic_referral_record
R000980,P0029,P0182,F0038,M003439,2026-03-08,continuity_of_care,synthetic_referral_record
R000981,P0124,P0078,F0044,M002780,2024-12-07,continuity_of_care,synthetic_referral_record
R000982,P0008,P0009,F0009,M000768,2025-10-08,laboratory_testing,synthetic_referral_record
R000983,P0206,P0182,F0038,M001909,2026-04-13,equipment,synthetic_referral_record
R000984,P0123,P0057,F0057,M003489,2025-02-27,laboratory_testing,synthetic_referral_record
R000985,P0248,P0193,F0002,M003922,2026-09-03,laboratory_testing,synthetic_referral_record
R000986,P0222,P0194,F0035,M000065,2026-07-26,consultation,synthetic_referral_record
R000987,P0078,P0120,F0029,M002448,2025-12-19,laboratory_testing,synthetic_referral_record
R000988,P0141,P0194,F0035,M003591,2025-08-14,laboratory_testing,synthetic_referral_record
R000989,P0219,P0181,F0003,M000503,2026-03-22,equipment,synthetic_referral_record
R000990,P0139,P0174,F0007,M001038,2025-07-14,continuity_of_care,synthetic_referral_record
R000991,P0047,P0039,F0039,M003315,2025-04-24,consultation,synthetic_referral_record
R000992,P0196,P0173,F0023,M000474,2025-01-07,equipment,synthetic_referral_record
R000993,P0009,P0102,F0031,M001771,2026-08-11,consultation,synthetic_referral_record
R000994,P0041,P0116,F0036,M003266,2026-02-25,laboratory_testing,synthetic_referral_record
R000995,P0087,P0183,F0022,M003047,2025-05-20,laboratory_testing,synthetic_referral_record
R000996,P0113,P0221,F0037,M002301,2025-09-03,laboratory_testing,synthetic_referral_record
R000997,P0093,P0171,F0056,M003331,2024-11-22,equipment,synthetic_referral_record
R000998,P0134,P0009,F0009,M003656,2026-09-06,consultation,synthetic_referral_record
R000999,P0200,P0019,F0019,M002131,2025-05-14,consultation,synthetic_referral_record
R001000,P0056,P0241,F0024,M000194,2025-11-21,laboratory_testing,synthetic_referral_record
R001001,P0186,P0249,F0008,M003058,2026-03-19,continuity_of_care,synthetic_referral_record
R001002,P0009,P0128,F0001,M000232,2026-08-04,continuity_of_care,synthetic_referral_record
R001003,P0185,P0231,F0060,M003038,2024-12-27,consultation,synthetic_referral_record
R001004,P0181,P0164,F0037,M001219,2025-05-28,equipment,synthetic_referral_record
R001005,P0104,P0131,F0026,M000703,2025-07-24,laboratory_testing,synthetic_referral_record
R001006,P0022,P0194,F0035,M003075,2024-10-20,consultation,synthetic_referral_record
R001007,P0187,P0098,F0017,M000505,2025-04-12,continuity_of_care,synthetic_referral_record
R001008,P0042,P0208,F0006,M002643,2025-11-05,laboratory_testing,synthetic_referral_record
R001009,P0050,P0069,F0056,M000665,2025-10-15,consultation,synthetic_referral_record
R001010,P0173,P0149,F0006,M002195,2026-02-24,consultation,synthetic_referral_record
R001011,P0032,P0152,F0037,M002816,2026-01-08,equipment,synthetic_referral_record
R001012,P0050,P0066,F0011,M000491,2024-12-21,consultation,synthetic_referral_record
R001013,P0104,P0058,F0058,M001877,2024-11-22,equipment,synthetic_referral_record
R001014,P0034,P0218,F0058,M002839,2025-08-19,laboratory_testing,synthetic_referral_record
R001015,P0169,P0097,F0048,M002820,2025-12-28,continuity_of_care,synthetic_referral_record
R001016,P0130,P0066,F0011,M000097,2025-06-20,consultation,synthetic_referral_record
R001017,P0221,P0229,F0019,M002011,2025-03-03,continuity_of_care,synthetic_referral_record
R001018,P0065,P0211,F0002,M000356,2025-01-18,equipment,synthetic_referral_record
R001019,P0037,P0090,F0044,M001472,2025-05-19,laboratory_testing,synthetic_referral_record
R001020,P0143,P0240,F0032,M003650,2024-11-10,laboratory_testing,synthetic_referral_record
R001021,P0152,P0172,F0053,M001164,2026-09-05,consultation,synthetic_referral_record
R001022,P0072,P0003,F0003,M000451,2026-07-12,consultation,synthetic_referral_record
R001023,P0105,P0212,F0057,M002601,2025-07-10,consultation,synthetic_referral_record
R001024,P0111,P0081,F0054,M001264,2026-08-10,continuity_of_care,synthetic_referral_record
R001025,P0011,P0048,F0048,M001939,2026-08-05,consultation,synthetic_referral_record
R001026,P0158,P0001,F0001,M002798,2025-03-03,laboratory_testing,synthetic_referral_record
R001027,P0235,P0132,F0029,M002890,2025-12-17,laboratory_testing,synthetic_referral_record
R001028,P0234,P0167,F0060,M003000,2025-12-31,consultation,synthetic_referral_record
R001029,P0095,P0194,F0035,M002582,2024-12-19,consultation,synthetic_referral_record
R001030,P0239,P0199,F0022,M002959,2025-11-26,consultation,synthetic_referral_record
R001031,P0127,P0238,F0012,M000292,2026-07-06,equipment,synthetic_referral_record
R001032,P0216,P0175,F0008,M003094,2024-10-08,consultation,synthetic_referral_record
R001033,P0125,P0160,F0017,M000499,2025-12-13,continuity_of_care,synthetic_referral_record
R001034,P0064,P0030,F0030,M003505,2025-08-19,continuity_of_care,synthetic_referral_record
R001035,P0238,P0016,F0016,M002035,2026-09-23,equipment,synthetic_referral_record
R001036,P0138,P0087,F0054,M001211,2025-07-21,laboratory_testing,synthetic_referral_record
R001037,P0046,P0086,F0016,M000178,2026-05-16,consultation,synthetic_referral_record
R001038,P0190,P0120,F0029,M001407,2025-03-10,consultation,synthetic_referral_record
R001039,P0028,P0016,F0016,M001611,2025-11-11,continuity_of_care,synthetic_referral_record
R001040,P0035,P0097,F0048,M001553,2025-11-01,consultation,synthetic_referral_record
R001041,P0050,P0241,F0024,M001711,2026-03-24,laboratory_testing,synthetic_referral_record
R001042,P0041,P0168,F0006,M002493,2025-09-21,consultation,synthetic_referral_record
R001043,P0177,P0198,F0035,M002564,2026-09-14,consultation,synthetic_referral_record
R001044,P0090,P0072,F0020,M003352,2025-09-04,continuity_of_care,synthetic_referral_record
R001045,P0020,P0150,F0046,M003549,2026-08-17,laboratory_testing,synthetic_referral_record
R001046,P0141,P0207,F0059,M001480,2025-05-19,equipment,synthetic_referral_record
R001047,P0020,P0062,F0056,M000898,2026-07-14,consultation,synthetic_referral_record
R001048,P0230,P0063,F0053,M001510,2025-07-24,equipment,synthetic_referral_record
R001049,P0047,P0173,F0023,M001677,2025-11-07,consultation,synthetic_referral_record
R001050,P0039,P0049,F0049,M003797,2024-11-09,consultation,synthetic_referral_record
R001051,P0140,P0170,F0028,M002943,2025-04-07,continuity_of_care,synthetic_referral_record
R001052,P0072,P0043,F0043,M001133,2025-05-18,continuity_of_care,synthetic_referral_record
R001053,P0163,P0173,F0023,M002010,2025-05-07,consultation,synthetic_referral_record
R001054,P0250,P0066,F0011,M001490,2024-12-14,laboratory_testing,synthetic_referral_record
R001055,P0236,P0073,F0003,M001697,2025-03-26,consultation,synthetic_referral_record
R001056,P0134,P0149,F0006,M000039,2026-06-17,continuity_of_care,synthetic_referral_record
R001057,P0248,P0003,F0003,M000799,2026-05-18,laboratory_testing,synthetic_referral_record
R001058,P0023,P0077,F0043,M000804,2026-04-12,continuity_of_care,synthetic_referral_record
R001059,P0061,P0146,F0003,M003276,2025-03-28,equipment,synthetic_referral_record
R001060,P0208,P0083,F0058,M002021,2025-01-17,consultation,synthetic_referral_record
R001061,P0028,P0195,F0027,M003196,2025-01-06,continuity_of_care,synthetic_referral_record
R001062,P0145,P0128,F0001,M000609,2025-07-17,laboratory_testing,synthetic_referral_record
R001063,P0149,P0141,F0012,M001303,2026-04-16,consultation,synthetic_referral_record
R001064,P0073,P0008,F0008,M000212,2026-07-31,laboratory_testing,synthetic_referral_record
R001065,P0067,P0086,F0016,M000250,2026-09-30,consultation,synthetic_referral_record
R001066,P0028,P0046,F0046,M001174,2026-01-24,continuity_of_care,synthetic_referral_record
R001067,P0145,P0055,F0055,M000558,2026-08-23,equipment,synthetic_referral_record
R001068,P0131,P0087,F0054,M003225,2025-04-03,equipment,synthetic_referral_record
R001069,P0132,P0141,F0012,M003280,2025-09-02,laboratory_testing,synthetic_referral_record
R001070,P0219,P0218,F0058,M001293,2025-09-30,consultation,synthetic_referral_record
R001071,P0226,P0013,F0013,M001806,2026-06-04,equipment,synthetic_referral_record
R001072,P0054,P0144,F0060,M002869,2024-12-28,laboratory_testing,synthetic_referral_record
R001073,P0181,P0111,F0037,M001075,2026-05-06,consultation,synthetic_referral_record
R001074,P0017,P0039,F0039,M003903,2026-04-15,equipment,synthetic_referral_record
R001075,P0115,P0166,F0030,M000244,2026-02-04,consultation,synthetic_referral_record
R001076,P0095,P0199,F0022,M002784,2026-04-02,continuity_of_care,synthetic_referral_record
R001077,P0159,P0063,F0053,M001915,2026-08-20,laboratory_testing,synthetic_referral_record
R001078,P0226,P0050,F0050,M001391,2026-01-20,continuity_of_care,synthetic_referral_record
R001079,P0076,P0119,F0001,M003747,2026-03-11,laboratory_testing,synthetic_referral_record
R001080,P0091,P0133,F0035,M000420,2025-09-15,continuity_of_care,synthetic_referral_record
R001081,P0130,P0037,F0037,M002134,2026-06-25,consultation,synthetic_referral_record
R001082,P0145,P0148,F0019,M002563,2026-07-03,laboratory_testing,synthetic_referral_record
R001083,P0006,P0121,F0022,M002124,2026-01-25,laboratory_testing,synthetic_referral_record
R001084,P0173,P0117,F0016,M002577,2025-09-24,laboratory_testing,synthetic_referral_record
R001085,P0072,P0128,F0001,M000882,2025-05-05,consultation,synthetic_referral_record
R001086,P0225,P0222,F0010,M002948,2025-08-01,equipment,synthetic_referral_record
R001087,P0170,P0083,F0058,M003441,2025-03-29,equipment,synthetic_referral_record
R001088,P0022,P0032,F0032,M002784,2025-09-11,equipment,synthetic_referral_record
R001089,P0095,P0231,F0060,M003803,2024-12-24,laboratory_testing,synthetic_referral_record
R001090,P0187,P0061,F0050,M001414,2026-01-24,laboratory_testing,synthetic_referral_record
R001091,P0218,P0002,F0002,M000124,2025-02-28,equipment,synthetic_referral_record
R001092,P0177,P0157,F0048,M003845,2025-09-04,consultation,synthetic_referral_record
R001093,P0116,P0018,F0018,M003013,2025-06-13,consultation,synthetic_referral_record
R001094,P0148,P0166,F0030,M001000,2026-03-08,continuity_of_care,synthetic_referral_record
R001095,P0234,P0026,F0026,M000928,2025-12-18,continuity_of_care,synthetic_referral_record
R001096,P0208,P0137,F0058,M003335,2025-06-29,continuity_of_care,synthetic_referral_record
R001097,P0126,P0034,F0034,M000297,2026-07-12,equipment,synthetic_referral_record
R001098,P0059,P0086,F0016,M001450,2025-11-19,continuity_of_care,synthetic_referral_record
R001099,P0001,P0041,F0041,M003736,2025-12-05,laboratory_testing,synthetic_referral_record
R001100,P0159,P0042,F0042,M000693,2024-12-11,laboratory_testing,synthetic_referral_record
R001101,P0144,P0047,F0047,M000082,2025-08-24,continuity_of_care,synthetic_referral_record
R001102,P0223,P0104,F0052,M000742,2026-08-12,continuity_of_care,synthetic_referral_record
R001103,P0139,P0194,F0035,M002742,2025-04-12,equipment,synthetic_referral_record
R001104,P0022,P0038,F0038,M000854,2026-08-19,laboratory_testing,synthetic_referral_record
R001105,P0131,P0147,F0024,M002734,2025-02-17,equipment,synthetic_referral_record
R001106,P0240,P0080,F0031,M003277,2025-10-26,continuity_of_care,synthetic_referral_record
R001107,P0070,P0131,F0026,M003117,2025-07-07,equipment,synthetic_referral_record
R001108,P0248,P0104,F0052,M002254,2026-05-31,consultation,synthetic_referral_record
R001109,P0016,P0037,F0037,M002631,2026-08-28,continuity_of_care,synthetic_referral_record
R001110,P0143,P0049,F0049,M002459,2026-08-17,consultation,synthetic_referral_record
R001111,P0103,P0117,F0016,M003004,2025-11-16,continuity_of_care,synthetic_referral_record
R001112,P0020,P0186,F0001,M003565,2025-01-03,laboratory_testing,synthetic_referral_record
R001113,P0012,P0078,F0044,M001795,2024-12-07,laboratory_testing,synthetic_referral_record
R001114,P0120,P0057,F0057,M001804,2025-08-26,equipment,synthetic_referral_record
R001115,P0111,P0074,F0060,M003972,2026-03-24,continuity_of_care,synthetic_referral_record
R001116,P0201,P0227,F0007,M003776,2025-05-05,equipment,synthetic_referral_record
R001117,P0060,P0128,F0001,M002212,2025-01-28,consultation,synthetic_referral_record
R001118,P0003,P0050,F0050,M000834,2024-11-29,continuity_of_care,synthetic_referral_record
R001119,P0180,P0107,F0044,M001960,2025-02-12,laboratory_testing,synthetic_referral_record
R001120,P0149,P0175,F0008,M001045,2026-05-01,continuity_of_care,synthetic_referral_record
R001121,P0020,P0133,F0035,M003347,2025-08-23,consultation,synthetic_referral_record
R001122,P0075,P0156,F0020,M000420,2026-09-20,consultation,synthetic_referral_record
R001123,P0226,P0081,F0054,M003688,2025-09-01,equipment,synthetic_referral_record
R001124,P0243,P0007,F0007,M002872,2025-06-27,continuity_of_care,synthetic_referral_record
R001125,P0069,P0099,F0048,M000584,2025-09-04,consultation,synthetic_referral_record
R001126,P0037,P0125,F0006,M000376,2025-09-27,equipment,synthetic_referral_record
R001127,P0051,P0224,F0018,M002755,2025-03-04,continuity_of_care,synthetic_referral_record
R001128,P0216,P0146,F0003,M003044,2025-02-04,continuity_of_care,synthetic_referral_record
R001129,P0079,P0140,F0028,M003120,2026-05-08,consultation,synthetic_referral_record
R001130,P0171,P0163,F0056,M002681,2026-06-13,consultation,synthetic_referral_record
R001131,P0076,P0218,F0058,M002436,2026-07-24,continuity_of_care,synthetic_referral_record
R001132,P0173,P0170,F0028,M000184,2026-08-25,laboratory_testing,synthetic_referral_record
R001133,P0028,P0014,F0014,M001239,2024-11-26,laboratory_testing,synthetic_referral_record
R001134,P0237,P0231,F0060,M003998,2026-06-20,equipment,synthetic_referral_record
R001135,P0170,P0138,F0052,M002345,2024-12-31,laboratory_testing,synthetic_referral_record
R001136,P0055,P0103,F0039,M002756,2026-03-04,consultation,synthetic_referral_record
R001137,P0074,P0193,F0002,M000367,2026-06-23,equipment,synthetic_referral_record
R001138,P0126,P0156,F0020,M001099,2026-09-07,continuity_of_care,synthetic_referral_record
R001139,P0073,P0197,F0050,M003782,2025-08-12,continuity_of_care,synthetic_referral_record
R001140,P0063,P0218,F0058,M002167,2025-01-30,laboratory_testing,synthetic_referral_record
R001141,P0118,P0110,F0049,M000866,2026-09-08,equipment,synthetic_referral_record
R001142,P0082,P0038,F0038,M003112,2025-11-09,laboratory_testing,synthetic_referral_record
R001143,P0086,P0145,F0043,M001804,2026-01-25,continuity_of_care,synthetic_referral_record
R001144,P0137,P0116,F0036,M002015,2026-03-03,equipment,synthetic_referral_record
R001145,P0160,P0180,F0015,M000700,2024-12-09,laboratory_testing,synthetic_referral_record
R001146,P0133,P0197,F0050,M001723,2024-12-30,consultation,synthetic_referral_record
R001147,P0035,P0017,F0017,M001408,2025-04-22,continuity_of_care,synthetic_referral_record
R001148,P0040,P0250,F0027,M000822,2026-07-12,laboratory_testing,synthetic_referral_record
R001149,P0059,P0206,F0060,M001487,2026-07-11,consultation,synthetic_referral_record
R001150,P0210,P0061,F0050,M003671,2025-04-01,equipment,synthetic_referral_record
R001151,P0066,P0238,F0012,M000243,2024-11-24,laboratory_testing,synthetic_referral_record
R001152,P0011,P0046,F0046,M003408,2025-07-27,laboratory_testing,synthetic_referral_record
R001153,P0082,P0192,F0009,M000906,2024-11-02,consultation,synthetic_referral_record
R001154,P0177,P0166,F0030,M001978,2025-03-05,laboratory_testing,synthetic_referral_record
R001155,P0222,P0132,F0029,M003168,2024-12-29,equipment,synthetic_referral_record
R001156,P0132,P0050,F0050,M001230,2025-01-14,consultation,synthetic_referral_record
R001157,P0016,P0046,F0046,M003123,2024-12-01,laboratory_testing,synthetic_referral_record
R001158,P0011,P0036,F0036,M003638,2026-09-09,consultation,synthetic_referral_record
R001159,P0001,P0095,F0009,M000194,2025-08-13,continuity_of_care,synthetic_referral_record
R001160,P0204,P0173,F0023,M002821,2025-07-11,consultation,synthetic_referral_record
R001161,P0035,P0164,F0037,M003622,2025-03-04,equipment,synthetic_referral_record
R001162,P0156,P0193,F0002,M002108,2025-03-22,consultation,synthetic_referral_record
R001163,P0236,P0131,F0026,M000443,2024-10-25,laboratory_testing,synthetic_referral_record
R001164,P0072,P0030,F0030,M002806,2025-06-28,consultation,synthetic_referral_record
R001165,P0037,P0167,F0060,M003095,2024-10-30,consultation,synthetic_referral_record
R001166,P0177,P0039,F0039,M001909,2026-06-02,equipment,synthetic_referral_record
R001167,P0063,P0216,F0014,M002639,2026-03-17,consultation,synthetic_referral_record
R001168,P0116,P0211,F0002,M003992,2025-10-10,equipment,synthetic_referral_record
R001169,P0125,P0093,F0023,M002119,2025-08-08,continuity_of_care,synthetic_referral_record
R001170,P0088,P0196,F0012,M002729,2025-01-05,equipment,synthetic_referral_record
R001171,P0235,P0194,F0035,M002621,2026-07-21,laboratory_testing,synthetic_referral_record
R001172,P0198,P0027,F0027,M000941,2026-04-16,continuity_of_care,synthetic_referral_record
R001173,P0174,P0078,F0044,M002270,2026-04-03,continuity_of_care,synthetic_referral_record
R001174,P0238,P0135,F0046,M000556,2025-10-26,laboratory_testing,synthetic_referral_record
R001175,P0046,P0191,F0008,M002680,2025-03-03,laboratory_testing,synthetic_referral_record
R001176,P0144,P0031,F0031,M003398,2025-10-21,laboratory_testing,synthetic_referral_record
R001177,P0140,P0185,F0045,M002776,2026-05-23,continuity_of_care,synthetic_referral_record
R001178,P0076,P0038,F0038,M001217,2025-08-13,laboratory_testing,synthetic_referral_record
R001179,P0216,P0221,F0037,M002231,2025-11-12,laboratory_testing,synthetic_referral_record
R001180,P0149,P0031,F0031,M001806,2025-05-17,consultation,synthetic_referral_record
R001181,P0088,P0242,F0058,M002461,2025-11-19,continuity_of_care,synthetic_referral_record
R001182,P0172,P0140,F0028,M001460,2024-12-28,continuity_of_care,synthetic_referral_record
R001183,P0243,P0211,F0002,M000546,2025-11-27,equipment,synthetic_referral_record
R001184,P0046,P0044,F0044,M002135,2026-07-27,continuity_of_care,synthetic_referral_record
R001185,P0012,P0201,F0014,M002065,2026-01-06,equipment,synthetic_referral_record
R001186,P0086,P0237,F0030,M002037,2024-10-13,consultation,synthetic_referral_record
R001187,P0009,P0035,F0035,M002497,2026-09-21,continuity_of_care,synthetic_referral_record
R001188,P0135,P0222,F0010,M000780,2024-10-22,equipment,synthetic_referral_record
R001189,P0177,P0146,F0003,M000983,2025-01-24,equipment,synthetic_referral_record
R001190,P0054,P0175,F0008,M000949,2025-02-06,equipment,synthetic_referral_record
R001191,P0194,P0220,F0009,M000132,2026-04-22,consultation,synthetic_referral_record
R001192,P0241,P0141,F0012,M003074,2025-06-12,equipment,synthetic_referral_record
R001193,P0067,P0080,F0031,M001106,2026-01-19,laboratory_testing,synthetic_referral_record
R001194,P0194,P0173,F0023,M001854,2025-04-25,consultation,synthetic_referral_record
R001195,P0177,P0242,F0058,M003166,2026-05-20,consultation,synthetic_referral_record
R001196,P0170,P0243,F0038,M000022,2024-10-04,continuity_of_care,synthetic_referral_record
R001197,P0026,P0203,F0027,M001714,2026-02-06,consultation,synthetic_referral_record
R001198,P0162,P0106,F0016,M003580,2024-11-16,consultation,synthetic_referral_record
R001199,P0014,P0167,F0060,M003692,2025-09-09,consultation,synthetic_referral_record
R001200,P0140,P0083,F0058,M000099,2025-06-27,equipment,synthetic_referral_record
R001201,P0084,P0250,F0027,M002020,2026-09-10,equipment,synthetic_referral_record
R001202,P0089,P0003,F0003,M001740,2026-07-21,consultation,synthetic_referral_record
R001203,P0052,P0179,F0018,M000273,2024-12-02,continuity_of_care,synthetic_referral_record
R001204,P0023,P0166,F0030,M001116,2025-11-01,laboratory_testing,synthetic_referral_record
R001205,P0169,P0146,F0003,M002604,2026-08-12,equipment,synthetic_referral_record
R001206,P0082,P0051,F0051,M003222,2026-04-17,equipment,synthetic_referral_record
R001207,P0240,P0202,F0023,M002726,2026-06-02,laboratory_testing,synthetic_referral_record
R001208,P0145,P0127,F0035,M000511,2025-12-09,continuity_of_care,synthetic_referral_record
R001209,P0178,P0077,F0043,M003915,2025-11-19,equipment,synthetic_referral_record
R001210,P0069,P0203,F0027,M000378,2026-01-23,continuity_of_care,synthetic_referral_record
R001211,P0191,P0189,F0006,M003115,2025-12-09,equipment,synthetic_referral_record
R001212,P0111,P0077,F0043,M003563,2026-08-14,consultation,synthetic_referral_record
R001213,P0200,P0152,F0037,M001389,2025-12-25,continuity_of_care,synthetic_referral_record
R001214,P0099,P0131,F0026,M003196,2026-06-15,equipment,synthetic_referral_record
R001215,P0068,P0151,F0021,M003649,2026-07-18,continuity_of_care,synthetic_referral_record
R001216,P0244,P0177,F0051,M001555,2024-11-01,laboratory_testing,synthetic_referral_record
R001217,P0012,P0210,F0030,M001432,2026-09-04,equipment,synthetic_referral_record
R001218,P0092,P0031,F0031,M001279,2025-12-31,laboratory_testing,synthetic_referral_record
R001219,P0056,P0131,F0026,M003652,2026-07-12,continuity_of_care,synthetic_referral_record
R001220,P0158,P0092,F0009,M001046,2025-07-31,continuity_of_care,synthetic_referral_record
R001221,P0181,P0225,F0003,M000347,2025-12-05,laboratory_testing,synthetic_referral_record
R001222,P0083,P0134,F0024,M003693,2026-02-12,laboratory_testing,synthetic_referral_record
R001223,P0145,P0180,F0015,M000491,2024-12-15,continuity_of_care,synthetic_referral_record
R001224,P0085,P0172,F0053,M003454,2026-07-23,equipment,synthetic_referral_record
R001225,P0236,P0010,F0010,M003920,2026-07-31,laboratory_testing,synthetic_referral_record
R001226,P0148,P0075,F0013,M003537,2026-01-29,consultation,synthetic_referral_record
R001227,P0197,P0065,F0046,M000503,2025-01-19,equipment,synthetic_referral_record
R001228,P0207,P0239,F0023,M002744,2024-12-24,equipment,synthetic_referral_record
R001229,P0225,P0042,F0042,M003544,2025-10-23,consultation,synthetic_referral_record
R001230,P0033,P0189,F0006,M001472,2025-03-17,equipment,synthetic_referral_record
R001231,P0132,P0011,F0011,M001401,2024-11-08,continuity_of_care,synthetic_referral_record
R001232,P0119,P0080,F0031,M002031,2026-03-03,equipment,synthetic_referral_record
R001233,P0137,P0121,F0022,M002187,2025-10-14,continuity_of_care,synthetic_referral_record
R001234,P0105,P0191,F0008,M000380,2026-04-18,continuity_of_care,synthetic_referral_record
R001235,P0017,P0071,F0043,M002462,2026-08-17,continuity_of_care,synthetic_referral_record
R001236,P0203,P0040,F0040,M002155,2026-06-01,continuity_of_care,synthetic_referral_record
R001237,P0129,P0221,F0037,M001747,2026-02-26,equipment,synthetic_referral_record
R001238,P0123,P0148,F0019,M000399,2024-12-26,laboratory_testing,synthetic_referral_record
R001239,P0015,P0041,F0041,M003233,2026-03-17,equipment,synthetic_referral_record
R001240,P0154,P0033,F0033,M003277,2025-11-03,consultation,synthetic_referral_record
R001241,P0123,P0006,F0006,M003799,2025-05-20,equipment,synthetic_referral_record
R001242,P0233,P0029,F0029,M000321,2025-12-26,equipment,synthetic_referral_record
R001243,P0087,P0070,F0006,M002998,2025-01-07,equipment,synthetic_referral_record
R001244,P0064,P0053,F0053,M000553,2026-01-05,equipment,synthetic_referral_record
R001245,P0115,P0213,F0003,M003072,2025-03-14,equipment,synthetic_referral_record
R001246,P0179,P0170,F0028,M003863,2025-08-29,continuity_of_care,synthetic_referral_record
R001247,P0076,P0027,F0027,M000698,2025-10-31,consultation,synthetic_referral_record
R001248,P0170,P0228,F0003,M000629,2025-06-29,consultation,synthetic_referral_record
R001249,P0062,P0008,F0008,M003654,2025-05-08,equipment,synthetic_referral_record
R001250,P0081,P0062,F0056,M002699,2026-03-22,equipment,synthetic_referral_record
R001251,P0233,P0049,F0049,M003161,2025-03-23,consultation,synthetic_referral_record
R001252,P0101,P0234,F0045,M001338,2026-07-26,laboratory_testing,synthetic_referral_record
R001253,P0201,P0194,F0035,M001091,2025-04-25,continuity_of_care,synthetic_referral_record
R001254,P0146,P0040,F0040,M001251,2024-12-19,equipment,synthetic_referral_record
R001255,P0019,P0021,F0021,M003247,2025-01-18,consultation,synthetic_referral_record
R001256,P0016,P0009,F0009,M003309,2026-06-13,continuity_of_care,synthetic_referral_record
R001257,P0076,P0233,F0007,M003449,2025-07-29,consultation,synthetic_referral_record
R001258,P0207,P0091,F0054,M002685,2025-01-28,consultation,synthetic_referral_record
R001259,P0054,P0025,F0025,M000013,2024-11-16,laboratory_testing,synthetic_referral_record
R001260,P0031,P0131,F0026,M003260,2025-02-16,laboratory_testing,synthetic_referral_record
R001261,P0137,P0204,F0045,M000340,2025-02-06,consultation,synthetic_referral_record
R001262,P0250,P0031,F0031,M001018,2025-11-23,laboratory_testing,synthetic_referral_record
R001263,P0238,P0235,F0023,M002879,2026-06-27,equipment,synthetic_referral_record
R001264,P0141,P0149,F0006,M000193,2025-07-20,equipment,synthetic_referral_record
R001265,P0199,P0028,F0028,M002781,2025-01-04,laboratory_testing,synthetic_referral_record
R001266,P0147,P0019,F0019,M001170,2026-08-14,laboratory_testing,synthetic_referral_record
R001267,P0247,P0161,F0005,M002992,2026-09-18,equipment,synthetic_referral_record
R001268,P0211,P0057,F0057,M002375,2026-05-24,continuity_of_care,synthetic_referral_record
R001269,P0033,P0038,F0038,M000717,2026-04-24,consultation,synthetic_referral_record
R001270,P0181,P0131,F0026,M002592,2026-06-17,continuity_of_care,synthetic_referral_record
R001271,P0137,P0013,F0013,M003343,2024-12-03,laboratory_testing,synthetic_referral_record
R001272,P0009,P0006,F0006,M002347,2026-07-17,laboratory_testing,synthetic_referral_record
R001273,P0227,P0097,F0048,M001007,2025-04-14,laboratory_testing,synthetic_referral_record
R001274,P0058,P0068,F0049,M000772,2025-11-23,continuity_of_care,synthetic_referral_record
R001275,P0054,P0086,F0016,M003647,2025-02-27,equipment,synthetic_referral_record
R001276,P0142,P0126,F0007,M000629,2026-02-23,continuity_of_care,synthetic_referral_record
R001277,P0230,P0065,F0046,M000144,2025-11-11,equipment,synthetic_referral_record
R001278,P0200,P0012,F0012,M000940,2025-02-23,laboratory_testing,synthetic_referral_record
R001279,P0228,P0045,F0045,M002832,2025-04-13,consultation,synthetic_referral_record
R001280,P0030,P0059,F0059,M001124,2026-03-03,equipment,synthetic_referral_record
R001281,P0158,P0233,F0007,M003733,2025-08-11,equipment,synthetic_referral_record
R001282,P0188,P0111,F0037,M000553,2025-06-23,laboratory_testing,synthetic_referral_record
R001283,P0121,P0092,F0009,M000011,2026-03-28,equipment,synthetic_referral_record
R001284,P0045,P0221,F0037,M003132,2025-01-17,equipment,synthetic_referral_record
R001285,P0101,P0132,F0029,M000971,2025-03-03,consultation,synthetic_referral_record
R001286,P0028,P0081,F0054,M001291,2026-04-24,continuity_of_care,synthetic_referral_record
R001287,P0075,P0146,F0003,M002642,2025-05-10,continuity_of_care,synthetic_referral_record
R001288,P0126,P0010,F0010,M000736,2025-03-22,equipment,synthetic_referral_record
R001289,P0061,P0170,F0028,M000368,2026-04-06,consultation,synthetic_referral_record
R001290,P0148,P0017,F0017,M003142,2024-11-20,consultation,synthetic_referral_record
R001291,P0185,P0112,F0057,M002063,2025-04-23,laboratory_testing,synthetic_referral_record
R001292,P0142,P0236,F0022,M001755,2026-04-16,continuity_of_care,synthetic_referral_record
R001293,P0057,P0042,F0042,M000623,2025-11-11,consultation,synthetic_referral_record
R001294,P0006,P0074,F0060,M000168,2024-11-30,equipment,synthetic_referral_record
R001295,P0100,P0198,F0035,M002771,2025-01-09,continuity_of_care,synthetic_referral_record
R001296,P0131,P0209,F0053,M003311,2025-05-04,continuity_of_care,synthetic_referral_record
R001297,P0146,P0151,F0021,M002367,2026-04-21,consultation,synthetic_referral_record
R001298,P0105,P0204,F0045,M003184,2025-07-01,laboratory_testing,synthetic_referral_record
R001299,P0027,P0031,F0031,M003134,2025-01-11,consultation,synthetic_referral_record
R001300,P0207,P0235,F0023,M001145,2026-06-29,continuity_of_care,synthetic_referral_record
R001301,P0138,P0237,F0030,M003041,2026-08-23,consultation,synthetic_referral_record
R001302,P0011,P0024,F0024,M000369,2026-02-21,consultation,synthetic_referral_record
R001303,P0172,P0197,F0050,M003064,2026-01-27,continuity_of_care,synthetic_referral_record
R001304,P0091,P0183,F0022,M000246,2026-08-21,equipment,synthetic_referral_record
R001305,P0176,P0235,F0023,M003301,2025-03-19,laboratory_testing,synthetic_referral_record
R001306,P0193,P0097,F0048,M000369,2026-03-22,laboratory_testing,synthetic_referral_record
R001307,P0027,P0119,F0001,M002979,2026-05-30,laboratory_testing,synthetic_referral_record
R001308,P0087,P0044,F0044,M000469,2025-07-09,equipment,synthetic_referral_record
R001309,P0119,P0029,F0029,M003125,2026-04-17,equipment,synthetic_referral_record
R001310,P0094,P0130,F0028,M001649,2024-12-17,equipment,synthetic_referral_record
R001311,P0146,P0099,F0048,M001688,2025-02-20,consultation,synthetic_referral_record
R001312,P0141,P0186,F0001,M003067,2024-11-16,laboratory_testing,synthetic_referral_record
R001313,P0122,P0058,F0058,M003174,2025-02-18,laboratory_testing,synthetic_referral_record
R001314,P0206,P0214,F0031,M003736,2025-04-30,equipment,synthetic_referral_record
R001315,P0217,P0112,F0057,M001043,2025-05-30,continuity_of_care,synthetic_referral_record
R001316,P0009,P0028,F0028,M003384,2025-01-16,consultation,synthetic_referral_record
R001317,P0110,P0023,F0023,M002370,2025-11-18,continuity_of_care,synthetic_referral_record
R001318,P0009,P0183,F0022,M003368,2025-06-01,equipment,synthetic_referral_record
R001319,P0232,P0049,F0049,M001708,2026-06-12,laboratory_testing,synthetic_referral_record
R001320,P0188,P0022,F0022,M000650,2025-05-05,continuity_of_care,synthetic_referral_record
R001321,P0247,P0224,F0018,M000043,2025-03-15,consultation,synthetic_referral_record
R001322,P0100,P0163,F0056,M001735,2025-08-29,equipment,synthetic_referral_record
R001323,P0018,P0150,F0046,M002422,2025-12-06,consultation,synthetic_referral_record
R001324,P0058,P0202,F0023,M001398,2026-07-07,continuity_of_care,synthetic_referral_record
R001325,P0004,P0021,F0021,M003406,2025-09-11,consultation,synthetic_referral_record
R001326,P0203,P0051,F0051,M000274,2025-03-10,laboratory_testing,synthetic_referral_record
R001327,P0073,P0031,F0031,M001507,2025-09-16,laboratory_testing,synthetic_referral_record
R001328,P0175,P0178,F0049,M001788,2026-03-28,equipment,synthetic_referral_record
R001329,P0249,P0120,F0029,M002434,2025-01-01,continuity_of_care,synthetic_referral_record
R001330,P0116,P0214,F0031,M000443,2025-04-25,laboratory_testing,synthetic_referral_record
R001331,P0229,P0050,F0050,M002814,2026-06-18,equipment,synthetic_referral_record
R001332,P0079,P0168,F0006,M002531,2025-07-05,continuity_of_care,synthetic_referral_record
R001333,P0133,P0209,F0053,M003961,2025-11-04,consultation,synthetic_referral_record
R001334,P0160,P0106,F0016,M000177,2025-07-24,consultation,synthetic_referral_record
R001335,P0150,P0113,F0036,M001798,2025-04-21,consultation,synthetic_referral_record
R001336,P0043,P0219,F0048,M003937,2026-05-11,consultation,synthetic_referral_record
R001337,P0181,P0075,F0013,M001163,2026-01-10,consultation,synthetic_referral_record
R001338,P0157,P0236,F0022,M003258,2025-10-09,consultation,synthetic_referral_record
R001339,P0155,P0078,F0044,M001705,2025-02-06,consultation,synthetic_referral_record
R001340,P0229,P0151,F0021,M001800,2025-06-30,continuity_of_care,synthetic_referral_record
R001341,P0083,P0183,F0022,M000958,2025-11-01,consultation,synthetic_referral_record
R001342,P0082,P0129,F0030,M003585,2026-06-30,laboratory_testing,synthetic_referral_record
R001343,P0218,P0077,F0043,M003560,2025-02-20,consultation,synthetic_referral_record
R001344,P0053,P0115,F0025,M002921,2025-12-27,consultation,synthetic_referral_record
R001345,P0070,P0068,F0049,M003879,2024-11-11,laboratory_testing,synthetic_referral_record
R001346,P0211,P0147,F0024,M001737,2026-07-11,continuity_of_care,synthetic_referral_record
R001347,P0229,P0123,F0022,M001950,2026-06-02,laboratory_testing,synthetic_referral_record
R001348,P0091,P0143,F0003,M003014,2025-04-13,equipment,synthetic_referral_record
R001349,P0094,P0196,F0012,M003559,2025-11-12,laboratory_testing,synthetic_referral_record
R001350,P0129,P0137,F0058,M000909,2025-06-14,laboratory_testing,synthetic_referral_record
R001351,P0223,P0245,F0008,M001429,2025-05-09,laboratory_testing,synthetic_referral_record
R001352,P0179,P0111,F0037,M001940,2025-01-21,continuity_of_care,synthetic_referral_record
R001353,P0148,P0138,F0052,M003576,2024-10-26,continuity_of_care,synthetic_referral_record
R001354,P0112,P0148,F0019,M003381,2026-06-30,laboratory_testing,synthetic_referral_record
R001355,P0175,P0132,F0029,M002329,2025-06-20,laboratory_testing,synthetic_referral_record
R001356,P0028,P0202,F0023,M003940,2025-08-13,laboratory_testing,synthetic_referral_record
R001357,P0174,P0232,F0029,M001669,2026-08-09,equipment,synthetic_referral_record
R001358,P0104,P0228,F0003,M000945,2025-07-07,laboratory_testing,synthetic_referral_record
R001359,P0191,P0130,F0028,M001823,2025-10-03,consultation,synthetic_referral_record
R001360,P0218,P0224,F0018,M002279,2025-03-03,laboratory_testing,synthetic_referral_record
R001361,P0159,P0113,F0036,M001880,2025-10-31,laboratory_testing,synthetic_referral_record
R001362,P0108,P0250,F0027,M001965,2024-11-15,continuity_of_care,synthetic_referral_record
R001363,P0219,P0141,F0012,M003422,2024-12-07,laboratory_testing,synthetic_referral_record
R001364,P0050,P0071,F0043,M002956,2025-07-13,consultation,synthetic_referral_record
R001365,P0056,P0054,F0054,M002040,2025-02-06,equipment,synthetic_referral_record
R001366,P0070,P0015,F0015,M002303,2026-09-04,equipment,synthetic_referral_record
R001367,P0110,P0223,F0028,M000347,2026-03-23,consultation,synthetic_referral_record
R001368,P0151,P0164,F0037,M003249,2025-02-21,laboratory_testing,synthetic_referral_record
R001369,P0084,P0049,F0049,M003802,2026-08-03,continuity_of_care,synthetic_referral_record
R001370,P0071,P0022,F0022,M003330,2024-10-16,consultation,synthetic_referral_record
R001371,P0237,P0115,F0025,M000360,2026-02-26,continuity_of_care,synthetic_referral_record
R001372,P0031,P0092,F0009,M002977,2025-06-04,consultation,synthetic_referral_record
R001373,P0040,P0175,F0008,M001018,2025-01-16,consultation,synthetic_referral_record
R001374,P0063,P0155,F0017,M002224,2025-04-03,equipment,synthetic_referral_record
R001375,P0123,P0018,F0018,M003293,2024-12-01,laboratory_testing,synthetic_referral_record
R001376,P0026,P0117,F0016,M001532,2025-03-08,laboratory_testing,synthetic_referral_record
R001377,P0143,P0107,F0044,M000433,2026-07-22,equipment,synthetic_referral_record
R001378,P0182,P0229,F0019,M000131,2026-03-28,laboratory_testing,synthetic_referral_record
R001379,P0229,P0125,F0006,M000818,2025-07-04,consultation,synthetic_referral_record
R001380,P0172,P0198,F0035,M000028,2026-09-04,equipment,synthetic_referral_record
R001381,P0101,P0221,F0037,M002604,2026-07-17,continuity_of_care,synthetic_referral_record
R001382,P0162,P0187,F0057,M003925,2025-02-20,laboratory_testing,synthetic_referral_record
R001383,P0163,P0236,F0022,M002678,2025-12-09,consultation,synthetic_referral_record
R001384,P0076,P0135,F0046,M003967,2025-03-20,equipment,synthetic_referral_record
R001385,P0108,P0047,F0047,M003216,2026-05-22,equipment,synthetic_referral_record
R001386,P0089,P0018,F0018,M003772,2024-12-04,laboratory_testing,synthetic_referral_record
R001387,P0026,P0112,F0057,M002379,2026-02-18,equipment,synthetic_referral_record
R001388,P0215,P0052,F0052,M001759,2026-07-10,consultation,synthetic_referral_record
R001389,P0191,P0206,F0060,M000155,2026-04-12,equipment,synthetic_referral_record
R001390,P0089,P0246,F0041,M002479,2025-12-30,consultation,synthetic_referral_record
R001391,P0186,P0080,F0031,M003561,2025-10-12,continuity_of_care,synthetic_referral_record
R001392,P0116,P0246,F0041,M001666,2026-03-24,equipment,synthetic_referral_record
R001393,P0109,P0207,F0059,M002108,2025-04-18,continuity_of_care,synthetic_referral_record
R001394,P0214,P0067,F0026,M001085,2025-05-25,continuity_of_care,synthetic_referral_record
R001395,P0124,P0020,F0020,M001630,2026-08-13,laboratory_testing,synthetic_referral_record
R001396,P0012,P0169,F0011,M002305,2026-07-21,continuity_of_care,synthetic_referral_record
R001397,P0180,P0193,F0002,M000736,2026-03-04,equipment,synthetic_referral_record
R001398,P0193,P0149,F0006,M002105,2026-01-12,consultation,synthetic_referral_record
R001399,P0216,P0119,F0001,M000967,2026-08-09,laboratory_testing,synthetic_referral_record
R001400,P0010,P0239,F0023,M002200,2025-10-07,continuity_of_care,synthetic_referral_record
R001401,P0010,P0079,F0022,M003178,2026-03-18,equipment,synthetic_referral_record
R001402,P0206,P0010,F0010,M003988,2025-07-01,consultation,synthetic_referral_record
R001403,P0070,P0162,F0019,M003480,2025-11-29,equipment,synthetic_referral_record
R001404,P0240,P0035,F0035,M003112,2026-08-11,consultation,synthetic_referral_record
R001405,P0189,P0121,F0022,M002054,2024-11-21,equipment,synthetic_referral_record
R001406,P0240,P0213,F0003,M003169,2026-03-19,laboratory_testing,synthetic_referral_record
R001407,P0001,P0208,F0006,M001454,2025-09-07,consultation,synthetic_referral_record
R001408,P0224,P0171,F0056,M001018,2025-10-30,consultation,synthetic_referral_record
R001409,P0202,P0236,F0022,M001457,2026-08-03,equipment,synthetic_referral_record
R001410,P0219,P0201,F0014,M001811,2025-08-18,equipment,synthetic_referral_record
R001411,P0120,P0237,F0030,M000600,2026-03-31,continuity_of_care,synthetic_referral_record
R001412,P0144,P0202,F0023,M002623,2026-09-23,equipment,synthetic_referral_record
R001413,P0219,P0090,F0044,M000921,2026-05-23,consultation,synthetic_referral_record
R001414,P0026,P0250,F0027,M001111,2025-10-19,laboratory_testing,synthetic_referral_record
R001415,P0193,P0101,F0031,M001155,2026-06-19,continuity_of_care,synthetic_referral_record
R001416,P0020,P0116,F0036,M001062,2025-05-16,continuity_of_care,synthetic_referral_record
R001417,P0043,P0110,F0049,M002864,2026-04-12,consultation,synthetic_referral_record
R001418,P0064,P0102,F0031,M002263,2024-12-28,continuity_of_care,synthetic_referral_record
R001419,P0113,P0093,F0023,M003979,2026-07-15,consultation,synthetic_referral_record
R001420,P0041,P0031,F0031,M003498,2026-05-25,equipment,synthetic_referral_record
R001421,P0218,P0013,F0013,M002776,2026-03-05,laboratory_testing,synthetic_referral_record
R001422,P0093,P0016,F0016,M001150,2025-04-12,equipment,synthetic_referral_record
R001423,P0154,P0230,F0025,M002325,2025-06-30,equipment,synthetic_referral_record
R001424,P0114,P0112,F0057,M001202,2026-07-28,equipment,synthetic_referral_record
R001425,P0249,P0062,F0056,M002481,2026-04-20,continuity_of_care,synthetic_referral_record
R001426,P0074,P0097,F0048,M001339,2025-07-01,laboratory_testing,synthetic_referral_record
R001427,P0185,P0018,F0018,M002853,2025-11-14,equipment,synthetic_referral_record
R001428,P0236,P0082,F0017,M002582,2026-07-24,continuity_of_care,synthetic_referral_record
R001429,P0149,P0116,F0036,M002883,2026-07-19,laboratory_testing,synthetic_referral_record
R001430,P0093,P0160,F0017,M001790,2026-08-27,continuity_of_care,synthetic_referral_record
R001431,P0197,P0144,F0060,M002068,2026-07-02,laboratory_testing,synthetic_referral_record
R001432,P0229,P0082,F0017,M002426,2024-12-30,continuity_of_care,synthetic_referral_record
R001433,P0146,P0055,F0055,M000891,2025-01-26,laboratory_testing,synthetic_referral_record
R001434,P0026,P0147,F0024,M001952,2025-08-03,consultation,synthetic_referral_record
R001435,P0173,P0001,F0001,M002375,2025-12-17,laboratory_testing,synthetic_referral_record
R001436,P0141,P0093,F0023,M000176,2025-01-11,laboratory_testing,synthetic_referral_record
R001437,P0144,P0102,F0031,M003702,2026-09-24,continuity_of_care,synthetic_referral_record
R001438,P0072,P0065,F0046,M000256,2026-04-15,equipment,synthetic_referral_record
R001439,P0164,P0245,F0008,M003125,2026-02-04,equipment,synthetic_referral_record
R001440,P0032,P0048,F0048,M001881,2024-10-06,consultation,synthetic_referral_record
R001441,P0232,P0194,F0035,M003703,2026-03-25,equipment,synthetic_referral_record
R001442,P0188,P0194,F0035,M003996,2025-07-26,consultation,synthetic_referral_record
R001443,P0187,P0059,F0059,M001675,2024-10-19,equipment,synthetic_referral_record
R001444,P0121,P0038,F0038,M003386,2025-07-08,equipment,synthetic_referral_record
R001445,P0177,P0019,F0019,M000243,2026-02-14,equipment,synthetic_referral_record
R001446,P0055,P0147,F0024,M003357,2025-09-01,consultation,synthetic_referral_record
R001447,P0172,P0184,F0045,M002536,2025-03-07,equipment,synthetic_referral_record
R001448,P0235,P0002,F0002,M002068,2025-09-23,laboratory_testing,synthetic_referral_record
R001449,P0177,P0057,F0057,M003218,2025-11-26,consultation,synthetic_referral_record
R001450,P0128,P0239,F0023,M002361,2026-09-05,continuity_of_care,synthetic_referral_record
R001451,P0185,P0169,F0011,M002978,2026-07-25,continuity_of_care,synthetic_referral_record
R001452,P0211,P0134,F0024,M001532,2025-07-17,laboratory_testing,synthetic_referral_record
R001453,P0091,P0066,F0011,M003433,2026-04-22,continuity_of_care,synthetic_referral_record
R001454,P0009,P0144,F0060,M002440,2024-12-06,continuity_of_care,synthetic_referral_record
R001455,P0060,P0116,F0036,M003237,2026-07-30,laboratory_testing,synthetic_referral_record
R001456,P0052,P0076,F0001,M000563,2026-05-05,laboratory_testing,synthetic_referral_record
R001457,P0031,P0005,F0005,M003584,2026-08-31,equipment,synthetic_referral_record
R001458,P0097,P0230,F0025,M002324,2025-10-28,continuity_of_care,synthetic_referral_record
R001459,P0152,P0143,F0003,M002419,2025-09-25,consultation,synthetic_referral_record
R001460,P0079,P0152,F0037,M000694,2025-12-21,consultation,synthetic_referral_record
R001461,P0184,P0240,F0032,M001521,2025-07-22,consultation,synthetic_referral_record
R001462,P0181,P0184,F0045,M004000,2026-02-19,continuity_of_care,synthetic_referral_record
R001463,P0176,P0054,F0054,M000062,2025-10-24,laboratory_testing,synthetic_referral_record
R001464,P0036,P0104,F0052,M000577,2026-01-10,consultation,synthetic_referral_record
R001465,P0068,P0047,F0047,M000164,2025-10-20,equipment,synthetic_referral_record
R001466,P0122,P0096,F0023,M003684,2026-08-20,equipment,synthetic_referral_record
R001467,P0029,P0191,F0008,M002382,2026-02-12,equipment,synthetic_referral_record
R001468,P0112,P0062,F0056,M001962,2026-07-15,consultation,synthetic_referral_record
R001469,P0212,P0037,F0037,M002639,2025-08-23,continuity_of_care,synthetic_referral_record
R001470,P0080,P0209,F0053,M001094,2025-05-10,consultation,synthetic_referral_record
R001471,P0129,P0103,F0039,M000236,2025-11-14,laboratory_testing,synthetic_referral_record
R001472,P0181,P0220,F0009,M000607,2025-10-05,continuity_of_care,synthetic_referral_record
R001473,P0108,P0146,F0003,M000383,2025-11-16,consultation,synthetic_referral_record
R001474,P0177,P0029,F0029,M002038,2026-07-06,consultation,synthetic_referral_record
R001475,P0231,P0219,F0048,M002951,2024-12-28,laboratory_testing,synthetic_referral_record
R001476,P0126,P0058,F0058,M003198,2025-05-19,laboratory_testing,synthetic_referral_record
R001477,P0120,P0053,F0053,M002903,2026-04-09,continuity_of_care,synthetic_referral_record
R001478,P0090,P0216,F0014,M001095,2026-03-29,equipment,synthetic_referral_record
R001479,P0221,P0038,F0038,M002724,2026-09-18,consultation,synthetic_referral_record
R001480,P0199,P0025,F0025,M001371,2026-03-11,equipment,synthetic_referral_record
R001481,P0156,P0072,F0020,M001785,2026-03-28,equipment,synthetic_referral_record
R001482,P0144,P0125,F0006,M001073,2026-06-29,continuity_of_care,synthetic_referral_record
R001483,P0192,P0134,F0024,M001135,2026-09-24,laboratory_testing,synthetic_referral_record
R001484,P0061,P0244,F0053,M000437,2024-11-15,continuity_of_care,synthetic_referral_record
R001485,P0222,P0045,F0045,M000003,2025-11-26,consultation,synthetic_referral_record
R001486,P0145,P0069,F0056,M000842,2025-02-12,laboratory_testing,synthetic_referral_record
R001487,P0068,P0031,F0031,M001946,2024-10-22,laboratory_testing,synthetic_referral_record
R001488,P0104,P0098,F0017,M002043,2025-07-19,consultation,synthetic_referral_record
R001489,P0068,P0031,F0031,M001836,2025-07-01,continuity_of_care,synthetic_referral_record
R001490,P0120,P0091,F0054,M003704,2025-09-29,continuity_of_care,synthetic_referral_record
R001491,P0023,P0221,F0037,M003722,2024-12-21,equipment,synthetic_referral_record
R001492,P0178,P0226,F0028,M003830,2025-04-20,consultation,synthetic_referral_record
R001493,P0188,P0166,F0030,M003758,2026-06-16,consultation,synthetic_referral_record
R001494,P0005,P0150,F0046,M001577,2026-01-11,equipment,synthetic_referral_record
R001495,P0248,P0241,F0024,M003469,2025-01-07,continuity_of_care,synthetic_referral_record
R001496,P0155,P0065,F0046,M001439,2025-05-03,equipment,synthetic_referral_record
R001497,P0168,P0118,F0031,M002372,2026-01-25,consultation,synthetic_referral_record
R001498,P0103,P0054,F0054,M001902,2025-10-17,continuity_of_care,synthetic_referral_record
R001499,P0215,P0241,F0024,M001302,2026-09-24,equipment,synthetic_referral_record
R001500,P0208,P0111,F0037,M001777,2025-06-02,consultation,synthetic_referral_record
R001501,P0231,P0052,F0052,M000182,2026-08-19,consultation,synthetic_referral_record
R001502,P0204,P0100,F0038,M003984,2024-10-17,laboratory_testing,synthetic_referral_record
R001503,P0204,P0117,F0016,M000789,2025-08-18,continuity_of_care,synthetic_referral_record
R001504,P0002,P0027,F0027,M003467,2026-06-05,equipment,synthetic_referral_record
R001505,P0236,P0200,F0027,M000198,2025-08-10,continuity_of_care,synthetic_referral_record
R001506,P0046,P0237,F0030,M002455,2026-08-15,equipment,synthetic_referral_record
R001507,P0096,P0219,F0048,M003803,2025-03-31,continuity_of_care,synthetic_referral_record
R001508,P0093,P0187,F0057,M002112,2025-07-18,equipment,synthetic_referral_record
R001509,P0027,P0130,F0028,M002292,2024-11-08,consultation,synthetic_referral_record
R001510,P0119,P0067,F0026,M000325,2024-12-28,continuity_of_care,synthetic_referral_record
R001511,P0199,P0046,F0046,M002438,2025-03-29,continuity_of_care,synthetic_referral_record
R001512,P0050,P0249,F0008,M001752,2025-12-14,consultation,synthetic_referral_record
R001513,P0226,P0006,F0006,M000701,2025-08-25,laboratory_testing,synthetic_referral_record
R001514,P0178,P0122,F0033,M000779,2026-01-03,continuity_of_care,synthetic_referral_record
R001515,P0031,P0083,F0058,M000865,2026-04-29,continuity_of_care,synthetic_referral_record
R001516,P0120,P0224,F0018,M000001,2026-05-16,laboratory_testing,synthetic_referral_record
R001517,P0146,P0100,F0038,M000278,2025-05-11,consultation,synthetic_referral_record
R001518,P0149,P0155,F0017,M003255,2025-08-31,continuity_of_care,synthetic_referral_record
R001519,P0077,P0137,F0058,M003994,2024-12-09,laboratory_testing,synthetic_referral_record
R001520,P0224,P0008,F0008,M002076,2025-08-01,laboratory_testing,synthetic_referral_record
R001521,P0247,P0058,F0058,M002836,2026-01-04,laboratory_testing,synthetic_referral_record
R001522,P0086,P0202,F0023,M001773,2026-07-20,continuity_of_care,synthetic_referral_record
R001523,P0049,P0092,F0009,M001868,2026-02-20,continuity_of_care,synthetic_referral_record
R001524,P0047,P0162,F0019,M001076,2026-01-25,equipment,synthetic_referral_record
R001525,P0096,P0169,F0011,M003511,2025-10-31,laboratory_testing,synthetic_referral_record
R001526,P0102,P0135,F0046,M003397,2025-06-19,equipment,synthetic_referral_record
R001527,P0023,P0141,F0012,M003236,2026-06-03,consultation,synthetic_referral_record
R001528,P0039,P0133,F0035,M003407,2025-01-19,laboratory_testing,synthetic_referral_record
R001529,P0131,P0213,F0003,M003851,2026-03-16,consultation,synthetic_referral_record
R001530,P0160,P0024,F0024,M001419,2025-11-27,laboratory_testing,synthetic_referral_record
R001531,P0245,P0022,F0022,M002439,2025-04-13,equipment,synthetic_referral_record
R001532,P0080,P0248,F0020,M002385,2026-07-12,consultation,synthetic_referral_record
R001533,P0029,P0072,F0020,M002460,2026-07-18,laboratory_testing,synthetic_referral_record
R001534,P0089,P0158,F0036,M003275,2025-10-17,equipment,synthetic_referral_record
R001535,P0228,P0144,F0060,M000340,2026-07-16,laboratory_testing,synthetic_referral_record
R001536,P0138,P0053,F0053,M002043,2025-04-10,continuity_of_care,synthetic_referral_record
R001537,P0215,P0169,F0011,M001046,2024-12-21,consultation,synthetic_referral_record
R001538,P0035,P0186,F0001,M001715,2025-01-12,laboratory_testing,synthetic_referral_record
R001539,P0071,P0011,F0011,M001969,2025-02-04,laboratory_testing,synthetic_referral_record
R001540,P0104,P0058,F0058,M001731,2024-10-20,consultation,synthetic_referral_record
R001541,P0090,P0134,F0024,M003019,2025-11-24,laboratory_testing,synthetic_referral_record
R001542,P0142,P0005,F0005,M000227,2026-06-21,consultation,synthetic_referral_record
R001543,P0020,P0083,F0058,M001803,2024-12-07,equipment,synthetic_referral_record
R001544,P0076,P0223,F0028,M001202,2025-12-05,continuity_of_care,synthetic_referral_record
R001545,P0164,P0004,F0004,M000799,2026-02-20,laboratory_testing,synthetic_referral_record
R001546,P0166,P0241,F0024,M001331,2025-10-18,equipment,synthetic_referral_record
R001547,P0246,P0056,F0056,M002619,2026-06-26,continuity_of_care,synthetic_referral_record
R001548,P0183,P0192,F0009,M000762,2026-04-24,continuity_of_care,synthetic_referral_record
R001549,P0037,P0184,F0045,M001889,2025-01-27,equipment,synthetic_referral_record
R001550,P0051,P0046,F0046,M001496,2025-02-13,equipment,synthetic_referral_record
R001551,P0097,P0056,F0056,M003778,2026-01-28,equipment,synthetic_referral_record
R001552,P0219,P0182,F0038,M000877,2026-06-30,continuity_of_care,synthetic_referral_record
R001553,P0187,P0110,F0049,M001095,2026-07-23,continuity_of_care,synthetic_referral_record
R001554,P0095,P0121,F0022,M001387,2025-02-21,equipment,synthetic_referral_record
R001555,P0028,P0078,F0044,M000253,2026-06-24,equipment,synthetic_referral_record
R001556,P0167,P0025,F0025,M002700,2024-11-16,laboratory_testing,synthetic_referral_record
R001557,P0058,P0181,F0003,M002144,2026-09-25,laboratory_testing,synthetic_referral_record
R001558,P0172,P0054,F0054,M001500,2025-12-25,laboratory_testing,synthetic_referral_record
R001559,P0046,P0124,F0009,M003584,2025-09-10,continuity_of_care,synthetic_referral_record
R001560,P0147,P0189,F0006,M001816,2024-11-19,continuity_of_care,synthetic_referral_record
R001561,P0212,P0017,F0017,M001164,2026-04-27,consultation,synthetic_referral_record
R001562,P0076,P0023,F0023,M000459,2025-08-06,equipment,synthetic_referral_record
R001563,P0168,P0079,F0022,M001476,2024-11-29,consultation,synthetic_referral_record
R001564,P0198,P0233,F0007,M003202,2026-08-22,continuity_of_care,synthetic_referral_record
R001565,P0085,P0071,F0043,M003197,2025-06-02,equipment,synthetic_referral_record
R001566,P0178,P0242,F0058,M000037,2026-07-30,equipment,synthetic_referral_record
R001567,P0111,P0053,F0053,M001646,2025-10-19,consultation,synthetic_referral_record
R001568,P0117,P0062,F0056,M002640,2024-11-09,consultation,synthetic_referral_record
R001569,P0231,P0040,F0040,M001115,2025-06-30,consultation,synthetic_referral_record
R001570,P0172,P0237,F0030,M001776,2026-07-23,equipment,synthetic_referral_record
R001571,P0241,P0110,F0049,M000652,2026-08-13,consultation,synthetic_referral_record
R001572,P0137,P0066,F0011,M002923,2025-11-05,continuity_of_care,synthetic_referral_record
R001573,P0139,P0008,F0008,M000616,2025-11-08,equipment,synthetic_referral_record
R001574,P0112,P0010,F0010,M001084,2026-02-06,continuity_of_care,synthetic_referral_record
R001575,P0008,P0069,F0056,M003388,2026-01-27,equipment,synthetic_referral_record
R001576,P0077,P0151,F0021,M003287,2026-07-21,continuity_of_care,synthetic_referral_record
R001577,P0098,P0138,F0052,M000976,2025-07-20,continuity_of_care,synthetic_referral_record
R001578,P0104,P0100,F0038,M002807,2026-06-21,consultation,synthetic_referral_record
R001579,P0099,P0190,F0011,M002749,2024-11-16,laboratory_testing,synthetic_referral_record
R001580,P0192,P0189,F0006,M002122,2025-12-30,equipment,synthetic_referral_record
R001581,P0238,P0208,F0006,M000535,2024-12-21,laboratory_testing,synthetic_referral_record
R001582,P0222,P0197,F0050,M001541,2025-02-08,consultation,synthetic_referral_record
R001583,P0054,P0192,F0009,M003120,2025-03-03,laboratory_testing,synthetic_referral_record
R001584,P0151,P0019,F0019,M003488,2025-12-02,laboratory_testing,synthetic_referral_record
R001585,P0237,P0026,F0026,M002091,2026-03-17,consultation,synthetic_referral_record
R001586,P0149,P0014,F0014,M002024,2026-08-13,continuity_of_care,synthetic_referral_record
R001587,P0028,P0129,F0030,M003287,2025-03-04,consultation,synthetic_referral_record
R001588,P0150,P0143,F0003,M002399,2026-05-28,laboratory_testing,synthetic_referral_record
R001589,P0029,P0004,F0004,M003234,2025-08-05,laboratory_testing,synthetic_referral_record
R001590,P0043,P0148,F0019,M001648,2025-08-26,continuity_of_care,synthetic_referral_record
R001591,P0095,P0148,F0019,M003997,2026-03-31,laboratory_testing,synthetic_referral_record
R001592,P0019,P0155,F0017,M001750,2024-11-06,consultation,synthetic_referral_record
R001593,P0037,P0163,F0056,M003420,2025-11-24,consultation,synthetic_referral_record
R001594,P0140,P0111,F0037,M000483,2026-04-06,laboratory_testing,synthetic_referral_record
R001595,P0079,P0188,F0028,M002124,2025-03-08,consultation,synthetic_referral_record
R001596,P0246,P0187,F0057,M001612,2025-11-12,continuity_of_care,synthetic_referral_record
R001597,P0235,P0122,F0033,M000967,2026-06-17,laboratory_testing,synthetic_referral_record
R001598,P0134,P0206,F0060,M003349,2026-02-15,continuity_of_care,synthetic_referral_record
R001599,P0152,P0202,F0023,M001706,2025-04-06,equipment,synthetic_referral_record
R001600,P0086,P0084,F0042,M000703,2025-03-27,laboratory_testing,synthetic_referral_record
R001601,P0033,P0023,F0023,M001494,2026-04-20,equipment,synthetic_referral_record
R001602,P0127,P0246,F0041,M003322,2025-06-29,consultation,synthetic_referral_record
R001603,P0068,P0083,F0058,M003243,2025-01-24,consultation,synthetic_referral_record
R001604,P0142,P0085,F0021,M000564,2024-12-18,continuity_of_care,synthetic_referral_record
R001605,P0090,P0003,F0003,M001478,2026-05-24,laboratory_testing,synthetic_referral_record
R001606,P0212,P0029,F0029,M001739,2024-11-21,equipment,synthetic_referral_record
R001607,P0135,P0196,F0012,M003634,2025-11-23,equipment,synthetic_referral_record
R001608,P0243,P0153,F0024,M000974,2025-07-24,consultation,synthetic_referral_record
R001609,P0014,P0203,F0027,M001053,2026-07-16,laboratory_testing,synthetic_referral_record
R001610,P0246,P0143,F0003,M000774,2025-09-18,continuity_of_care,synthetic_referral_record
R001611,P0218,P0121,F0022,M003312,2026-08-16,continuity_of_care,synthetic_referral_record
R001612,P0093,P0205,F0014,M000158,2025-01-22,equipment,synthetic_referral_record
R001613,P0168,P0070,F0006,M003139,2026-04-22,laboratory_testing,synthetic_referral_record
R001614,P0065,P0225,F0003,M002137,2026-07-17,equipment,synthetic_referral_record
R001615,P0069,P0063,F0053,M000203,2025-03-24,consultation,synthetic_referral_record
R001616,P0135,P0245,F0008,M000875,2025-12-29,continuity_of_care,synthetic_referral_record
R001617,P0089,P0177,F0051,M003952,2026-02-04,laboratory_testing,synthetic_referral_record
R001618,P0092,P0178,F0049,M001845,2026-01-29,laboratory_testing,synthetic_referral_record
R001619,P0119,P0243,F0038,M003113,2025-08-30,consultation,synthetic_referral_record
R001620,P0038,P0226,F0028,M002721,2025-01-14,continuity_of_care,synthetic_referral_record
R001621,P0147,P0195,F0027,M001189,2025-01-18,continuity_of_care,synthetic_referral_record
R001622,P0183,P0116,F0036,M000671,2026-08-25,equipment,synthetic_referral_record
R001623,P0198,P0160,F0017,M003817,2026-07-13,continuity_of_care,synthetic_referral_record
R001624,P0039,P0126,F0007,M001394,2024-12-02,consultation,synthetic_referral_record
R001625,P0008,P0136,F0056,M003915,2025-04-03,equipment,synthetic_referral_record
R001626,P0247,P0058,F0058,M000628,2026-06-27,consultation,synthetic_referral_record
R001627,P0116,P0208,F0006,M000821,2025-10-21,equipment,synthetic_referral_record
R001628,P0056,P0067,F0026,M002171,2024-12-04,equipment,synthetic_referral_record
R001629,P0079,P0204,F0045,M002080,2025-06-22,equipment,synthetic_referral_record
R001630,P0074,P0038,F0038,M001119,2025-08-24,consultation,synthetic_referral_record
R001631,P0199,P0074,F0060,M002738,2025-12-04,consultation,synthetic_referral_record
R001632,P0007,P0107,F0044,M002049,2026-06-03,equipment,synthetic_referral_record
R001633,P0127,P0137,F0058,M001968,2025-11-30,laboratory_testing,synthetic_referral_record
R001634,P0147,P0155,F0017,M002940,2025-11-06,consultation,synthetic_referral_record
R001635,P0028,P0044,F0044,M000335,2026-01-10,consultation,synthetic_referral_record
R001636,P0039,P0004,F0004,M001599,2026-04-14,equipment,synthetic_referral_record
R001637,P0082,P0219,F0048,M002151,2025-10-17,consultation,synthetic_referral_record
R001638,P0248,P0041,F0041,M003269,2025-10-23,laboratory_testing,synthetic_referral_record
R001639,P0242,P0007,F0007,M000124,2026-05-04,consultation,synthetic_referral_record
R001640,P0165,P0183,F0022,M001782,2026-03-13,laboratory_testing,synthetic_referral_record
R001641,P0196,P0078,F0044,M002445,2025-09-22,equipment,synthetic_referral_record
R001642,P0202,P0035,F0035,M002750,2026-05-19,equipment,synthetic_referral_record
R001643,P0024,P0190,F0011,M003183,2025-09-29,laboratory_testing,synthetic_referral_record
R001644,P0126,P0175,F0008,M001245,2025-09-04,consultation,synthetic_referral_record
R001645,P0176,P0207,F0059,M001857,2026-07-17,equipment,synthetic_referral_record
R001646,P0090,P0109,F0007,M003870,2026-07-17,consultation,synthetic_referral_record
R001647,P0049,P0040,F0040,M001190,2025-08-04,consultation,synthetic_referral_record
R001648,P0250,P0050,F0050,M001665,2025-07-02,consultation,synthetic_referral_record
R001649,P0085,P0070,F0006,M003534,2025-05-27,consultation,synthetic_referral_record
R001650,P0079,P0121,F0022,M003213,2025-05-22,continuity_of_care,synthetic_referral_record
R001651,P0017,P0126,F0007,M000321,2026-04-23,continuity_of_care,synthetic_referral_record
R001652,P0103,P0197,F0050,M001402,2024-12-24,consultation,synthetic_referral_record
R001653,P0163,P0147,F0024,M000260,2026-04-04,continuity_of_care,synthetic_referral_record
R001654,P0026,P0209,F0053,M003264,2026-01-02,equipment,synthetic_referral_record
R001655,P0076,P0120,F0029,M002446,2026-09-27,continuity_of_care,synthetic_referral_record
R001656,P0039,P0042,F0042,M001971,2025-08-29,continuity_of_care,synthetic_referral_record
R001657,P0213,P0227,F0007,M002601,2025-08-11,continuity_of_care,synthetic_referral_record
R001658,P0159,P0233,F0007,M002417,2026-03-16,continuity_of_care,synthetic_referral_record
R001659,P0192,P0006,F0006,M002212,2025-06-19,laboratory_testing,synthetic_referral_record
R001660,P0154,P0014,F0014,M000150,2024-11-06,laboratory_testing,synthetic_referral_record
R001661,P0018,P0147,F0024,M001126,2024-11-28,laboratory_testing,synthetic_referral_record
R001662,P0058,P0027,F0027,M003977,2025-03-03,equipment,synthetic_referral_record
R001663,P0225,P0039,F0039,M003076,2026-09-21,laboratory_testing,synthetic_referral_record
R001664,P0202,P0203,F0027,M002662,2024-10-15,consultation,synthetic_referral_record
R001665,P0073,P0014,F0014,M003142,2026-05-06,laboratory_testing,synthetic_referral_record
R001666,P0151,P0090,F0044,M001470,2025-07-25,laboratory_testing,synthetic_referral_record
R001667,P0003,P0169,F0011,M003148,2025-01-21,equipment,synthetic_referral_record
R001668,P0166,P0239,F0023,M002069,2025-11-09,consultation,synthetic_referral_record
R001669,P0094,P0061,F0050,M000836,2026-03-23,equipment,synthetic_referral_record
R001670,P0010,P0174,F0007,M001878,2025-06-28,laboratory_testing,synthetic_referral_record
R001671,P0173,P0152,F0037,M002420,2026-09-30,equipment,synthetic_referral_record
R001672,P0242,P0233,F0007,M003266,2026-04-16,equipment,synthetic_referral_record
R001673,P0218,P0113,F0036,M001715,2025-07-30,continuity_of_care,synthetic_referral_record
R001674,P0019,P0122,F0033,M003602,2025-12-02,continuity_of_care,synthetic_referral_record
R001675,P0070,P0183,F0022,M003406,2026-04-19,consultation,synthetic_referral_record
R001676,P0100,P0114,F0032,M001692,2025-08-19,continuity_of_care,synthetic_referral_record
R001677,P0131,P0101,F0031,M002463,2026-09-16,continuity_of_care,synthetic_referral_record
R001678,P0178,P0144,F0060,M002744,2026-07-28,consultation,synthetic_referral_record
R001679,P0054,P0234,F0045,M002528,2025-07-02,equipment,synthetic_referral_record
R001680,P0132,P0122,F0033,M000065,2025-09-12,continuity_of_care,synthetic_referral_record
R001681,P0017,P0057,F0057,M000351,2024-10-26,continuity_of_care,synthetic_referral_record
R001682,P0023,P0004,F0004,M002673,2025-04-13,continuity_of_care,synthetic_referral_record
R001683,P0181,P0035,F0035,M001488,2025-07-18,equipment,synthetic_referral_record
R001684,P0063,P0235,F0023,M000231,2025-10-20,consultation,synthetic_referral_record
R001685,P0224,P0024,F0024,M001132,2025-04-17,equipment,synthetic_referral_record
R001686,P0081,P0105,F0031,M001154,2026-08-04,equipment,synthetic_referral_record
R001687,P0187,P0165,F0028,M001908,2026-04-25,equipment,synthetic_referral_record
R001688,P0170,P0160,F0017,M003895,2025-07-14,consultation,synthetic_referral_record
R001689,P0152,P0170,F0028,M002610,2025-04-12,laboratory_testing,synthetic_referral_record
R001690,P0098,P0221,F0037,M003936,2026-06-07,laboratory_testing,synthetic_referral_record
R001691,P0222,P0063,F0053,M001830,2026-08-21,laboratory_testing,synthetic_referral_record
R001692,P0008,P0222,F0010,M003692,2025-07-22,continuity_of_care,synthetic_referral_record
R001693,P0053,P0248,F0020,M002926,2025-07-22,consultation,synthetic_referral_record
R001694,P0132,P0079,F0022,M002752,2026-03-30,equipment,synthetic_referral_record
R001695,P0128,P0078,F0044,M002859,2025-08-22,equipment,synthetic_referral_record
R001696,P0184,P0041,F0041,M000877,2025-06-29,laboratory_testing,synthetic_referral_record
R001697,P0123,P0094,F0009,M002208,2026-05-13,equipment,synthetic_referral_record
R001698,P0082,P0134,F0024,M001234,2026-09-28,laboratory_testing,synthetic_referral_record
R001699,P0049,P0218,F0058,M000326,2026-09-04,continuity_of_care,synthetic_referral_record
R001700,P0170,P0057,F0057,M000463,2024-12-09,laboratory_testing,synthetic_referral_record
R001701,P0125,P0144,F0060,M000843,2026-01-08,consultation,synthetic_referral_record
R001702,P0134,P0040,F0040,M000468,2026-08-03,laboratory_testing,synthetic_referral_record
R001703,P0133,P0145,F0043,M002611,2026-04-06,laboratory_testing,synthetic_referral_record
R001704,P0093,P0203,F0027,M002042,2024-10-12,laboratory_testing,synthetic_referral_record
R001705,P0081,P0116,F0036,M001631,2025-01-20,continuity_of_care,synthetic_referral_record
R001706,P0152,P0114,F0032,M002104,2025-01-02,laboratory_testing,synthetic_referral_record
R001707,P0040,P0170,F0028,M001499,2025-01-30,equipment,synthetic_referral_record
R001708,P0032,P0128,F0001,M002087,2024-10-26,continuity_of_care,synthetic_referral_record
R001709,P0029,P0203,F0027,M000728,2025-10-04,consultation,synthetic_referral_record
R001710,P0036,P0210,F0030,M002126,2025-02-09,continuity_of_care,synthetic_referral_record
R001711,P0066,P0173,F0023,M003552,2025-06-18,continuity_of_care,synthetic_referral_record
R001712,P0129,P0139,F0034,M003664,2026-09-10,equipment,synthetic_referral_record
R001713,P0174,P0249,F0008,M001355,2026-04-02,laboratory_testing,synthetic_referral_record
R001714,P0038,P0127,F0035,M001939,2026-04-13,consultation,synthetic_referral_record
R001715,P0032,P0202,F0023,M003624,2026-05-29,laboratory_testing,synthetic_referral_record
R001716,P0179,P0213,F0003,M002260,2026-08-14,continuity_of_care,synthetic_referral_record
R001717,P0077,P0045,F0045,M001744,2025-01-17,consultation,synthetic_referral_record
R001718,P0127,P0094,F0009,M002319,2026-07-05,continuity_of_care,synthetic_referral_record
R001719,P0219,P0215,F0053,M000688,2025-04-29,laboratory_testing,synthetic_referral_record
R001720,P0129,P0056,F0056,M000270,2026-04-09,continuity_of_care,synthetic_referral_record
R001721,P0144,P0209,F0053,M003736,2025-03-21,equipment,synthetic_referral_record
R001722,P0208,P0175,F0008,M000241,2026-09-03,equipment,synthetic_referral_record
R001723,P0001,P0210,F0030,M000748,2024-12-08,consultation,synthetic_referral_record
R001724,P0036,P0030,F0030,M003316,2026-01-19,consultation,synthetic_referral_record
R001725,P0079,P0017,F0017,M002843,2025-12-24,continuity_of_care,synthetic_referral_record
R001726,P0114,P0196,F0012,M003556,2024-10-28,continuity_of_care,synthetic_referral_record
R001727,P0175,P0007,F0007,M000705,2026-03-16,continuity_of_care,synthetic_referral_record
R001728,P0240,P0041,F0041,M003596,2025-06-25,equipment,synthetic_referral_record
R001729,P0171,P0030,F0030,M000599,2024-12-10,equipment,synthetic_referral_record
R001730,P0019,P0171,F0056,M002668,2024-10-05,laboratory_testing,synthetic_referral_record
R001731,P0037,P0084,F0042,M003195,2025-09-06,continuity_of_care,synthetic_referral_record
R001732,P0066,P0242,F0058,M003345,2026-01-25,laboratory_testing,synthetic_referral_record
R001733,P0173,P0194,F0035,M001051,2026-02-03,laboratory_testing,synthetic_referral_record
R001734,P0139,P0048,F0048,M001201,2025-12-16,equipment,synthetic_referral_record
R001735,P0106,P0150,F0046,M001392,2026-04-28,consultation,synthetic_referral_record
R001736,P0089,P0162,F0019,M000267,2026-08-28,equipment,synthetic_referral_record
R001737,P0235,P0067,F0026,M001557,2025-03-27,continuity_of_care,synthetic_referral_record
R001738,P0065,P0124,F0009,M000011,2026-03-07,laboratory_testing,synthetic_referral_record
R001739,P0041,P0124,F0009,M000989,2024-10-19,consultation,synthetic_referral_record
R001740,P0244,P0122,F0033,M001269,2026-08-03,continuity_of_care,synthetic_referral_record
R001741,P0161,P0096,F0023,M002055,2025-07-01,equipment,synthetic_referral_record
R001742,P0242,P0219,F0048,M003315,2024-11-16,consultation,synthetic_referral_record
R001743,P0211,P0013,F0013,M001771,2026-01-15,equipment,synthetic_referral_record
R001744,P0089,P0249,F0008,M000457,2024-11-18,laboratory_testing,synthetic_referral_record
R001745,P0182,P0038,F0038,M003879,2025-09-02,equipment,synthetic_referral_record
R001746,P0177,P0111,F0037,M001527,2025-10-17,consultation,synthetic_referral_record
R001747,P0139,P0196,F0012,M000624,2026-05-25,consultation,synthetic_referral_record
R001748,P0021,P0093,F0023,M001437,2025-05-31,laboratory_testing,synthetic_referral_record
R001749,P0050,P0100,F0038,M002383,2025-06-19,equipment,synthetic_referral_record
R001750,P0179,P0176,F0009,M003864,2024-10-13,equipment,synthetic_referral_record
R001751,P0016,P0117,F0016,M003712,2026-05-29,consultation,synthetic_referral_record
R001752,P0210,P0207,F0059,M000202,2024-12-28,laboratory_testing,synthetic_referral_record
R001753,P0213,P0069,F0056,M003624,2026-02-09,continuity_of_care,synthetic_referral_record
R001754,P0189,P0247,F0033,M001870,2025-11-07,equipment,synthetic_referral_record
R001755,P0005,P0187,F0057,M001236,2026-01-09,consultation,synthetic_referral_record
R001756,P0080,P0244,F0053,M003317,2026-07-15,continuity_of_care,synthetic_referral_record
R001757,P0224,P0201,F0014,M002904,2025-04-11,equipment,synthetic_referral_record
R001758,P0114,P0231,F0060,M001107,2026-07-28,equipment,synthetic_referral_record
R001759,P0122,P0123,F0022,M003239,2025-06-12,equipment,synthetic_referral_record
R001760,P0220,P0250,F0027,M003102,2026-04-17,equipment,synthetic_referral_record
R001761,P0086,P0021,F0021,M001066,2025-07-14,continuity_of_care,synthetic_referral_record
R001762,P0146,P0229,F0019,M003596,2026-01-13,laboratory_testing,synthetic_referral_record
R001763,P0117,P0176,F0009,M003527,2025-12-14,consultation,synthetic_referral_record
R001764,P0065,P0003,F0003,M000794,2025-08-28,consultation,synthetic_referral_record
R001765,P0022,P0150,F0046,M002156,2025-07-11,continuity_of_care,synthetic_referral_record
R001766,P0139,P0072,F0020,M001969,2024-12-19,continuity_of_care,synthetic_referral_record
R001767,P0105,P0237,F0030,M003860,2025-08-18,consultation,synthetic_referral_record
R001768,P0132,P0129,F0030,M003154,2026-01-22,equipment,synthetic_referral_record
R001769,P0106,P0150,F0046,M003661,2025-10-12,equipment,synthetic_referral_record
R001770,P0154,P0250,F0027,M000476,2024-10-15,equipment,synthetic_referral_record
R001771,P0127,P0141,F0012,M001747,2026-07-21,laboratory_testing,synthetic_referral_record
R001772,P0159,P0227,F0007,M003169,2026-04-23,equipment,synthetic_referral_record
R001773,P0009,P0138,F0052,M002058,2025-12-06,laboratory_testing,synthetic_referral_record
R001774,P0168,P0076,F0001,M002113,2025-04-13,consultation,synthetic_referral_record
R001775,P0097,P0043,F0043,M003500,2025-02-27,laboratory_testing,synthetic_referral_record
R001776,P0129,P0120,F0029,M002614,2024-11-13,laboratory_testing,synthetic_referral_record
R001777,P0076,P0191,F0008,M000450,2025-03-30,consultation,synthetic_referral_record
R001778,P0228,P0190,F0011,M000314,2026-04-10,laboratory_testing,synthetic_referral_record
R001779,P0127,P0061,F0050,M002812,2025-04-30,equipment,synthetic_referral_record
R001780,P0019,P0041,F0041,M002015,2025-10-21,continuity_of_care,synthetic_referral_record
R001781,P0215,P0023,F0023,M001711,2026-02-15,continuity_of_care,synthetic_referral_record
R001782,P0094,P0240,F0032,M003974,2025-07-24,equipment,synthetic_referral_record
R001783,P0188,P0010,F0010,M001023,2025-09-18,laboratory_testing,synthetic_referral_record
R001784,P0233,P0022,F0022,M002300,2025-01-01,continuity_of_care,synthetic_referral_record
R001785,P0009,P0108,F0009,M001460,2024-10-11,continuity_of_care,synthetic_referral_record
R001786,P0054,P0182,F0038,M000003,2026-04-06,consultation,synthetic_referral_record
R001787,P0112,P0076,F0001,M001708,2026-01-21,laboratory_testing,synthetic_referral_record
R001788,P0162,P0013,F0013,M003673,2025-09-27,continuity_of_care,synthetic_referral_record
R001789,P0105,P0146,F0003,M001820,2025-07-29,consultation,synthetic_referral_record
R001790,P0104,P0021,F0021,M001351,2025-10-11,consultation,synthetic_referral_record
R001791,P0015,P0039,F0039,M002112,2025-06-17,consultation,synthetic_referral_record
R001792,P0097,P0205,F0014,M000173,2024-11-05,continuity_of_care,synthetic_referral_record
R001793,P0239,P0050,F0050,M000813,2025-11-27,equipment,synthetic_referral_record
R001794,P0195,P0088,F0039,M001020,2026-07-31,laboratory_testing,synthetic_referral_record
R001795,P0175,P0157,F0048,M003004,2026-06-05,continuity_of_care,synthetic_referral_record
R001796,P0023,P0008,F0008,M003711,2024-10-14,consultation,synthetic_referral_record
R001797,P0078,P0133,F0035,M001059,2026-08-09,laboratory_testing,synthetic_referral_record
R001798,P0051,P0111,F0037,M000555,2025-10-02,laboratory_testing,synthetic_referral_record
R001799,P0039,P0184,F0045,M002803,2026-04-03,consultation,synthetic_referral_record
R001800,P0159,P0202,F0023,M000579,2025-05-04,consultation,synthetic_referral_record
R001801,P0086,P0105,F0031,M001396,2026-02-10,equipment,synthetic_referral_record
R001802,P0019,P0057,F0057,M001120,2026-04-21,consultation,synthetic_referral_record
R001803,P0172,P0230,F0025,M003325,2024-12-22,continuity_of_care,synthetic_referral_record
R001804,P0249,P0004,F0004,M003853,2025-06-28,consultation,synthetic_referral_record
R001805,P0072,P0096,F0023,M000741,2025-09-07,laboratory_testing,synthetic_referral_record
R001806,P0023,P0230,F0025,M001733,2025-10-24,continuity_of_care,synthetic_referral_record
R001807,P0164,P0002,F0002,M003760,2026-07-15,equipment,synthetic_referral_record
R001808,P0132,P0178,F0049,M003803,2025-10-29,continuity_of_care,synthetic_referral_record
R001809,P0187,P0141,F0012,M003539,2025-11-10,equipment,synthetic_referral_record
R001810,P0192,P0046,F0046,M001659,2025-05-19,laboratory_testing,synthetic_referral_record
R001811,P0149,P0188,F0028,M002665,2024-10-01,continuity_of_care,synthetic_referral_record
R001812,P0204,P0001,F0001,M003827,2025-10-22,laboratory_testing,synthetic_referral_record
R001813,P0009,P0142,F0056,M003439,2025-12-05,consultation,synthetic_referral_record
R001814,P0167,P0140,F0028,M003494,2024-10-30,consultation,synthetic_referral_record
R001815,P0208,P0126,F0007,M000309,2026-09-02,consultation,synthetic_referral_record
R001816,P0101,P0030,F0030,M002857,2025-10-03,equipment,synthetic_referral_record
R001817,P0031,P0138,F0052,M002639,2025-10-12,equipment,synthetic_referral_record
R001818,P0067,P0175,F0008,M001201,2025-02-14,equipment,synthetic_referral_record
R001819,P0144,P0172,F0053,M001894,2025-06-28,equipment,synthetic_referral_record
R001820,P0073,P0220,F0009,M002041,2024-11-10,equipment,synthetic_referral_record
R001821,P0119,P0029,F0029,M001464,2026-01-12,equipment,synthetic_referral_record
R001822,P0075,P0092,F0009,M003771,2026-09-11,laboratory_testing,synthetic_referral_record
R001823,P0018,P0175,F0008,M002680,2025-12-08,laboratory_testing,synthetic_referral_record
R001824,P0150,P0194,F0035,M002780,2025-10-02,consultation,synthetic_referral_record
R001825,P0196,P0163,F0056,M003603,2024-10-07,laboratory_testing,synthetic_referral_record
R001826,P0187,P0207,F0059,M000681,2026-07-16,equipment,synthetic_referral_record
R001827,P0207,P0175,F0008,M000318,2025-01-15,continuity_of_care,synthetic_referral_record
R001828,P0125,P0161,F0005,M002037,2026-02-05,consultation,synthetic_referral_record
R001829,P0134,P0129,F0030,M003383,2024-11-10,equipment,synthetic_referral_record
R001830,P0225,P0016,F0016,M003418,2025-09-19,consultation,synthetic_referral_record
R001831,P0162,P0232,F0029,M003386,2025-08-02,equipment,synthetic_referral_record
R001832,P0243,P0017,F0017,M002588,2026-02-22,continuity_of_care,synthetic_referral_record
R001833,P0039,P0192,F0009,M002297,2025-11-07,equipment,synthetic_referral_record
R001834,P0112,P0015,F0015,M000968,2026-04-12,continuity_of_care,synthetic_referral_record
R001835,P0036,P0057,F0057,M002253,2026-09-12,consultation,synthetic_referral_record
R001836,P0029,P0147,F0024,M001691,2026-04-14,equipment,synthetic_referral_record
R001837,P0081,P0238,F0012,M001236,2026-08-03,equipment,synthetic_referral_record
R001838,P0011,P0168,F0006,M000957,2026-08-07,laboratory_testing,synthetic_referral_record
R001839,P0018,P0151,F0021,M001567,2026-01-15,equipment,synthetic_referral_record
R001840,P0001,P0244,F0053,M001170,2025-06-22,consultation,synthetic_referral_record
R001841,P0049,P0092,F0009,M000979,2025-04-19,consultation,synthetic_referral_record
R001842,P0128,P0232,F0029,M001471,2025-10-26,consultation,synthetic_referral_record
R001843,P0136,P0044,F0044,M002245,2025-08-10,consultation,synthetic_referral_record
R001844,P0248,P0235,F0023,M002694,2025-05-17,continuity_of_care,synthetic_referral_record
R001845,P0240,P0048,F0048,M000517,2025-05-04,continuity_of_care,synthetic_referral_record
R001846,P0117,P0106,F0016,M000807,2024-11-04,consultation,synthetic_referral_record
R001847,P0007,P0178,F0049,M000799,2025-06-10,consultation,synthetic_referral_record
R001848,P0001,P0190,F0011,M000070,2026-05-18,laboratory_testing,synthetic_referral_record
R001849,P0124,P0045,F0045,M001925,2026-04-07,consultation,synthetic_referral_record
R001850,P0221,P0011,F0011,M000588,2026-03-09,consultation,synthetic_referral_record
R001851,P0192,P0187,F0057,M001277,2025-09-30,laboratory_testing,synthetic_referral_record
R001852,P0133,P0237,F0030,M001287,2026-01-11,laboratory_testing,synthetic_referral_record
R001853,P0221,P0088,F0039,M001048,2026-06-13,laboratory_testing,synthetic_referral_record
R001854,P0004,P0021,F0021,M002212,2025-12-09,laboratory_testing,synthetic_referral_record
R001855,P0145,P0124,F0009,M001314,2025-08-21,laboratory_testing,synthetic_referral_record
R001856,P0010,P0156,F0020,M002122,2025-11-08,equipment,synthetic_referral_record
R001857,P0072,P0163,F0056,M002201,2026-09-27,consultation,synthetic_referral_record
R001858,P0236,P0134,F0024,M000717,2026-03-24,consultation,synthetic_referral_record
R001859,P0225,P0201,F0014,M001883,2025-02-21,consultation,synthetic_referral_record
R001860,P0009,P0106,F0016,M001179,2024-11-20,consultation,synthetic_referral_record
R001861,P0095,P0074,F0060,M000255,2025-04-26,continuity_of_care,synthetic_referral_record
R001862,P0004,P0007,F0007,M001334,2026-05-11,continuity_of_care,synthetic_referral_record
R001863,P0084,P0194,F0035,M000169,2024-12-24,laboratory_testing,synthetic_referral_record
R001864,P0216,P0146,F0003,M001119,2026-01-25,laboratory_testing,synthetic_referral_record
R001865,P0059,P0127,F0035,M002837,2025-03-22,continuity_of_care,synthetic_referral_record
R001866,P0198,P0081,F0054,M002779,2024-10-01,continuity_of_care,synthetic_referral_record
R001867,P0231,P0176,F0009,M003160,2026-08-13,consultation,synthetic_referral_record
R001868,P0094,P0080,F0031,M000160,2025-07-07,laboratory_testing,synthetic_referral_record
R001869,P0225,P0213,F0003,M001662,2026-07-10,consultation,synthetic_referral_record
R001870,P0155,P0134,F0024,M000158,2025-05-01,continuity_of_care,synthetic_referral_record
R001871,P0057,P0042,F0042,M000036,2025-01-15,consultation,synthetic_referral_record
R001872,P0015,P0188,F0028,M003359,2025-08-08,equipment,synthetic_referral_record
R001873,P0122,P0030,F0030,M001225,2024-11-08,continuity_of_care,synthetic_referral_record
R001874,P0001,P0131,F0026,M002910,2025-04-21,consultation,synthetic_referral_record
R001875,P0004,P0016,F0016,M002703,2025-02-15,consultation,synthetic_referral_record
R001876,P0236,P0151,F0021,M000698,2026-06-13,continuity_of_care,synthetic_referral_record
R001877,P0032,P0120,F0029,M002555,2026-01-28,laboratory_testing,synthetic_referral_record
R001878,P0150,P0175,F0008,M002176,2025-02-23,continuity_of_care,synthetic_referral_record
R001879,P0182,P0208,F0006,M003928,2025-08-21,equipment,synthetic_referral_record
R001880,P0082,P0183,F0022,M003413,2024-11-10,consultation,synthetic_referral_record
R001881,P0049,P0091,F0054,M002770,2024-10-27,laboratory_testing,synthetic_referral_record
R001882,P0041,P0224,F0018,M001243,2025-01-18,consultation,synthetic_referral_record
R001883,P0098,P0222,F0010,M003254,2025-07-16,equipment,synthetic_referral_record
R001884,P0202,P0020,F0020,M000108,2025-08-13,laboratory_testing,synthetic_referral_record
R001885,P0123,P0237,F0030,M002846,2026-02-18,continuity_of_care,synthetic_referral_record
R001886,P0098,P0241,F0024,M001483,2025-06-29,consultation,synthetic_referral_record
R001887,P0206,P0094,F0009,M003649,2025-12-06,equipment,synthetic_referral_record
R001888,P0006,P0140,F0028,M001669,2026-03-20,laboratory_testing,synthetic_referral_record
R001889,P0090,P0053,F0053,M002444,2025-06-21,consultation,synthetic_referral_record
R001890,P0018,P0243,F0038,M003001,2025-08-22,continuity_of_care,synthetic_referral_record
R001891,P0240,P0172,F0053,M002111,2025-11-25,equipment,synthetic_referral_record
R001892,P0180,P0244,F0053,M000471,2025-10-12,equipment,synthetic_referral_record
R001893,P0238,P0128,F0001,M003288,2026-06-17,equipment,synthetic_referral_record
R001894,P0240,P0106,F0016,M001358,2025-01-06,continuity_of_care,synthetic_referral_record
R001895,P0084,P0020,F0020,M001636,2025-08-19,consultation,synthetic_referral_record
R001896,P0021,P0203,F0027,M001849,2026-09-25,continuity_of_care,synthetic_referral_record
R001897,P0011,P0234,F0045,M002426,2026-08-02,laboratory_testing,synthetic_referral_record
R001898,P0176,P0242,F0058,M000923,2025-09-02,equipment,synthetic_referral_record
R001899,P0140,P0048,F0048,M002371,2026-02-17,equipment,synthetic_referral_record
R001900,P0112,P0116,F0036,M002732,2026-01-08,continuity_of_care,synthetic_referral_record
R001901,P0113,P0018,F0018,M000690,2025-02-11,equipment,synthetic_referral_record
R001902,P0005,P0164,F0037,M003086,2024-11-11,laboratory_testing,synthetic_referral_record
R001903,P0150,P0082,F0017,M001467,2025-12-20,laboratory_testing,synthetic_referral_record
R001904,P0168,P0222,F0010,M003392,2024-10-06,laboratory_testing,synthetic_referral_record
R001905,P0182,P0222,F0010,M002293,2026-03-29,consultation,synthetic_referral_record
R001906,P0024,P0081,F0054,M001735,2024-11-11,equipment,synthetic_referral_record
R001907,P0167,P0154,F0030,M003761,2025-12-04,laboratory_testing,synthetic_referral_record
R001908,P0190,P0063,F0053,M002776,2026-02-12,continuity_of_care,synthetic_referral_record
R001909,P0135,P0125,F0006,M001134,2026-04-11,equipment,synthetic_referral_record
R001910,P0168,P0024,F0024,M001382,2026-07-24,equipment,synthetic_referral_record
R001911,P0016,P0081,F0054,M000415,2025-11-23,laboratory_testing,synthetic_referral_record
R001912,P0031,P0208,F0006,M001172,2025-07-17,consultation,synthetic_referral_record
R001913,P0053,P0124,F0009,M001815,2026-04-07,laboratory_testing,synthetic_referral_record
R001914,P0184,P0189,F0006,M000763,2025-02-14,consultation,synthetic_referral_record
R001915,P0039,P0058,F0058,M003853,2026-04-08,laboratory_testing,synthetic_referral_record
R001916,P0087,P0132,F0029,M003849,2026-07-01,consultation,synthetic_referral_record
R001917,P0019,P0235,F0023,M002328,2025-09-23,equipment,synthetic_referral_record
R001918,P0207,P0018,F0018,M001587,2026-01-25,consultation,synthetic_referral_record
R001919,P0068,P0094,F0009,M002847,2024-12-08,equipment,synthetic_referral_record
R001920,P0176,P0005,F0005,M002786,2025-03-23,consultation,synthetic_referral_record
R001921,P0087,P0010,F0010,M001230,2025-07-27,continuity_of_care,synthetic_referral_record
R001922,P0095,P0131,F0026,M000369,2026-07-08,consultation,synthetic_referral_record
R001923,P0207,P0197,F0050,M000109,2026-09-09,equipment,synthetic_referral_record
R001924,P0228,P0241,F0024,M002264,2026-05-15,consultation,synthetic_referral_record
R001925,P0042,P0177,F0051,M001792,2025-01-11,laboratory_testing,synthetic_referral_record
R001926,P0028,P0185,F0045,M002835,2025-03-05,laboratory_testing,synthetic_referral_record
R001927,P0165,P0230,F0025,M001778,2025-09-12,continuity_of_care,synthetic_referral_record
R001928,P0138,P0239,F0023,M003009,2026-04-18,continuity_of_care,synthetic_referral_record
R001929,P0223,P0170,F0028,M000827,2025-01-27,continuity_of_care,synthetic_referral_record
R001930,P0185,P0184,F0045,M002320,2025-04-20,consultation,synthetic_referral_record
R001931,P0071,P0218,F0058,M000495,2026-01-31,continuity_of_care,synthetic_referral_record
R001932,P0136,P0163,F0056,M002419,2025-12-03,laboratory_testing,synthetic_referral_record
R001933,P0087,P0200,F0027,M001220,2024-10-21,equipment,synthetic_referral_record
R001934,P0144,P0073,F0003,M001306,2026-07-07,laboratory_testing,synthetic_referral_record
R001935,P0219,P0168,F0006,M002067,2024-10-14,laboratory_testing,synthetic_referral_record
R001936,P0009,P0002,F0002,M000609,2025-11-18,laboratory_testing,synthetic_referral_record
R001937,P0222,P0085,F0021,M000683,2026-01-27,consultation,synthetic_referral_record
R001938,P0130,P0081,F0054,M001280,2025-10-06,equipment,synthetic_referral_record
R001939,P0194,P0017,F0017,M003506,2025-03-20,laboratory_testing,synthetic_referral_record
R001940,P0224,P0240,F0032,M000958,2026-01-19,consultation,synthetic_referral_record
R001941,P0047,P0184,F0045,M000588,2026-04-27,laboratory_testing,synthetic_referral_record
R001942,P0199,P0112,F0057,M000002,2026-09-24,consultation,synthetic_referral_record
R001943,P0197,P0138,F0052,M001828,2025-06-28,continuity_of_care,synthetic_referral_record
R001944,P0098,P0158,F0036,M001806,2026-02-07,consultation,synthetic_referral_record
R001945,P0175,P0019,F0019,M000575,2025-05-31,continuity_of_care,synthetic_referral_record
R001946,P0130,P0059,F0059,M002269,2026-03-27,consultation,synthetic_referral_record
R001947,P0051,P0104,F0052,M001106,2026-07-26,continuity_of_care,synthetic_referral_record
R001948,P0006,P0079,F0022,M002248,2026-08-14,consultation,synthetic_referral_record
R001949,P0077,P0020,F0020,M001274,2025-07-21,continuity_of_care,synthetic_referral_record
R001950,P0215,P0164,F0037,M003119,2026-02-04,equipment,synthetic_referral_record
R001951,P0128,P0154,F0030,M002634,2025-02-20,continuity_of_care,synthetic_referral_record
R001952,P0242,P0233,F0007,M002371,2025-07-03,continuity_of_care,synthetic_referral_record
R001953,P0002,P0092,F0009,M003065,2024-11-17,laboratory_testing,synthetic_referral_record
R001954,P0104,P0168,F0006,M001069,2026-01-13,continuity_of_care,synthetic_referral_record
R001955,P0144,P0066,F0011,M002710,2025-09-12,consultation,synthetic_referral_record
R001956,P0250,P0039,F0039,M002549,2025-06-16,consultation,synthetic_referral_record
R001957,P0026,P0015,F0015,M002158,2024-10-11,equipment,synthetic_referral_record
R001958,P0100,P0028,F0028,M002671,2026-08-09,equipment,synthetic_referral_record
R001959,P0034,P0082,F0017,M003685,2025-01-30,consultation,synthetic_referral_record
R001960,P0200,P0199,F0022,M001990,2026-01-01,equipment,synthetic_referral_record
R001961,P0188,P0002,F0002,M003293,2026-09-08,continuity_of_care,synthetic_referral_record
R001962,P0146,P0111,F0037,M002627,2026-08-14,laboratory_testing,synthetic_referral_record
R001963,P0089,P0211,F0002,M002114,2026-09-04,equipment,synthetic_referral_record
R001964,P0001,P0210,F0030,M000010,2026-09-22,laboratory_testing,synthetic_referral_record
R001965,P0054,P0234,F0045,M000182,2025-05-11,laboratory_testing,synthetic_referral_record
R001966,P0037,P0231,F0060,M003613,2025-07-04,continuity_of_care,synthetic_referral_record
R001967,P0175,P0127,F0035,M001079,2025-08-29,laboratory_testing,synthetic_referral_record
R001968,P0139,P0100,F0038,M001775,2025-12-12,continuity_of_care,synthetic_referral_record
R001969,P0110,P0234,F0045,M003806,2025-10-12,consultation,synthetic_referral_record
R001970,P0025,P0184,F0045,M003951,2025-10-27,laboratory_testing,synthetic_referral_record
R001971,P0003,P0118,F0031,M000767,2024-12-15,consultation,synthetic_referral_record
R001972,P0150,P0206,F0060,M003626,2025-11-29,equipment,synthetic_referral_record
R001973,P0248,P0163,F0056,M001053,2025-06-13,continuity_of_care,synthetic_referral_record
R001974,P0229,P0126,F0007,M001683,2025-09-26,laboratory_testing,synthetic_referral_record
R001975,P0026,P0166,F0030,M000156,2026-01-15,consultation,synthetic_referral_record
R001976,P0203,P0167,F0060,M002237,2025-08-24,consultation,synthetic_referral_record
R001977,P0034,P0079,F0022,M000521,2026-04-01,consultation,synthetic_referral_record
R001978,P0109,P0146,F0003,M002118,2026-03-04,equipment,synthetic_referral_record
R001979,P0108,P0249,F0008,M001061,2026-08-10,equipment,synthetic_referral_record
R001980,P0021,P0096,F0023,M001436,2025-01-11,laboratory_testing,synthetic_referral_record
R001981,P0104,P0158,F0036,M003996,2025-01-08,consultation,synthetic_referral_record
R001982,P0026,P0093,F0023,M003825,2025-07-02,consultation,synthetic_referral_record
R001983,P0047,P0114,F0032,M001457,2026-03-22,equipment,synthetic_referral_record
R001984,P0026,P0004,F0004,M001135,2026-09-16,continuity_of_care,synthetic_referral_record
R001985,P0248,P0175,F0008,M002960,2024-10-15,equipment,synthetic_referral_record
R001986,P0242,P0015,F0015,M000192,2025-09-23,equipment,synthetic_referral_record
R001987,P0115,P0012,F0012,M002560,2025-12-27,consultation,synthetic_referral_record
R001988,P0097,P0232,F0029,M002339,2025-02-15,continuity_of_care,synthetic_referral_record
R001989,P0181,P0246,F0041,M000873,2026-06-08,equipment,synthetic_referral_record
R001990,P0098,P0052,F0052,M001393,2025-04-07,continuity_of_care,synthetic_referral_record
R001991,P0050,P0206,F0060,M003062,2025-10-24,consultation,synthetic_referral_record
R001992,P0162,P0014,F0014,M001456,2025-03-19,consultation,synthetic_referral_record
R001993,P0048,P0177,F0051,M002734,2026-06-22,laboratory_testing,synthetic_referral_record
R001994,P0189,P0191,F0008,M003881,2025-11-03,consultation,synthetic_referral_record
R001995,P0060,P0169,F0011,M003470,2025-05-02,equipment,synthetic_referral_record
R001996,P0146,P0200,F0027,M001776,2026-09-11,consultation,synthetic_referral_record
R001997,P0044,P0168,F0006,M000375,2025-01-27,laboratory_testing,synthetic_referral_record
R001998,P0056,P0085,F0021,M003547,2025-12-04,laboratory_testing,synthetic_referral_record
R001999,P0103,P0042,F0042,M003540,2026-02-09,equipment,synthetic_referral_record
R002000,P0193,P0120,F0029,M001191,2026-03-17,laboratory_testing,synthetic_referral_record
